Mob Name,Mods,,,,,,,,,,,,,,,,
Alad V (Vip/AladV/AladBoss),Slip Magazine (/Lotus/Upgrades/Mods/Pistol/WeaponClipMaxMod),Heated Charge (/Lotus/Upgrades/Mods/Pistol/WeaponFireDamageMod),Gunslinger (/Lotus/Upgrades/Mods/Pistol/WeaponFireRateMod),Quickdraw (/Lotus/Upgrades/Mods/Pistol/WeaponReloadSpeedMod),Intensify (/Lotus/Upgrades/Mods/Warframe/AvatarAbilityStrengthMod),Vitality (/Lotus/Upgrades/Mods/Warframe/AvatarHealthMaxMod),,,,,,,,,,,
Ambulas (BipedRobot/Vip/BossBiped),Molten Impact (/Lotus/Upgrades/Mods/Melee/WeaponFireDamageMod),Pressure Point (/Lotus/Upgrades/Mods/Melee/WeaponMeleeDamageMod),Heated Charge (/Lotus/Upgrades/Mods/Pistol/WeaponFireDamageMod),Magazine Warp (/Lotus/Upgrades/Mods/Rifle/WeaponClipMaxMod),Hellfire (/Lotus/Upgrades/Mods/Rifle/WeaponFireDamageMod),Fast Deflection (/Lotus/Upgrades/Mods/Warframe/AvatarShieldRechargeRateMod),,,,,,,,,,,
Ancient Disruptor (AiWeek/Ancients/Ancient),Rare Fusion Core (/Lotus/Upgrades/Mods/Fusers/RareModFuser),Lasting Sting (/Lotus/Upgrades/Mods/Melee/WeaponProcTimeMod),Expel Infested (/Lotus/Upgrades/Mods/Pistol/WeaponPistolFactionDamageInfested),Flechette (/Lotus/Upgrades/Mods/Shotgun/WeaponArmorPiercingDamageMod),Redirection (/Lotus/Upgrades/Mods/Warframe/AvatarShieldMaxMod),Cleaving Whirlwind (/Lotus/Weapons/Tenno/Melee/MeleeTrees/AxeCmbTwoMeleeTree),,,,,,,,,,,
Ancient Healer (AiWeek/Ancients/HealingAncient),Common Fusion Core (/Lotus/Upgrades/Mods/Fusers/CommonModFuser),Rare Fusion Core (/Lotus/Upgrades/Mods/Fusers/RareModFuser),Uncommon Fusion Core (/Lotus/Upgrades/Mods/Fusers/UncommonModFuser),Seeker (/Lotus/Upgrades/Mods/Pistol/WeaponPunctureDepthMod),Lightning Rod (/Lotus/Upgrades/Mods/Warframe/AvatarDamageResistanceElectricity),Flame Repellent (/Lotus/Upgrades/Mods/Warframe/AvatarDamageResistanceFire),,,,,,,,,,,
Anti Moa (BipedRobot/AIWeek/LaserDiscBiped),Pathogen Rounds (/Lotus/Upgrades/Mods/Pistol/WeaponToxinDamageMod),Vitality (/Lotus/Upgrades/Mods/Sentinel/SentinelHealthMaxMod),Shotgun Savvy (/Lotus/Upgrades/Mods/Shotgun/WeaponStunChanceMod),Thief's Wit (/Lotus/Upgrades/Mods/Warframe/AvatarLootRadarMod),Swirling Tiger (/Lotus/Weapons/Tenno/Melee/MeleeTrees/DualSwordCmbOneMeleeTree),,,,,,,,,,,,
Arcane Boiler (AiWeek/Ancients/SpawningAncientMiniboss),Common Fusion Core (/Lotus/Upgrades/Mods/Fusers/CommonModFuser),Uncommon Fusion Core (/Lotus/Upgrades/Mods/Fusers/UncommonModFuser),Organ Shatter (/Lotus/Upgrades/Mods/Melee/WeaponCritDamageMod),Slip Magazine (/Lotus/Upgrades/Mods/Pistol/WeaponClipMaxMod),Hornet Strike (/Lotus/Upgrades/Mods/Pistol/WeaponDamageAmountMod),Firestorm (/Lotus/Upgrades/Mods/Rifle/WeaponIncreaseRadialExplosionMod),Fast Deflection (/Lotus/Upgrades/Mods/Sentinel/SentinelShieldRechargeRateMod),Shredder (/Lotus/Upgrades/Mods/Shotgun/WeaponSlashDamageMod),Warm Coat (/Lotus/Upgrades/Mods/Warframe/AvatarMissionSpecificResistanceIce),Brutal Tide (/Lotus/Weapons/Tenno/Melee/MeleeTrees/PunchKickCmbTwoMeleeTree),,,,,,,
Arid Butcher (Desert/BladeSawman),Uncommon Fusion Core (/Lotus/Upgrades/Mods/Fusers/UncommonModFuser),North Wind (/Lotus/Upgrades/Mods/Melee/WeaponFreezeDamageMod),Reflex Coil (/Lotus/Upgrades/Mods/Melee/WeaponMeleeChargeRateMod),Fever Strike (/Lotus/Upgrades/Mods/Melee/WeaponToxinDamageMod),Perpetual Agony (/Lotus/Upgrades/Mods/Pistol/WeaponProcTimeMod),Rifle Aptitude (/Lotus/Upgrades/Mods/Rifle/WeaponStunChanceMod),Blunderbuss (/Lotus/Upgrades/Mods/Shotgun/WeaponCritChanceMod),Flow (/Lotus/Upgrades/Mods/Warframe/AvatarPowerMaxMod),Tranquil Cleave (/Lotus/Weapons/Tenno/Melee/MeleeTrees/KatanaCmbOneMeleeTree),,,,,,,,
Arid Eviscerator (Desert/EvisceratorLancer),Rare Fusion Core (/Lotus/Upgrades/Mods/Fusers/RareModFuser),Shocking Touch (/Lotus/Upgrades/Mods/Melee/WeaponElectricityDamageMod),Melee Prowess (/Lotus/Upgrades/Mods/Melee/WeaponStunChanceMod),Pistol Gambit (/Lotus/Upgrades/Mods/Pistol/WeaponCritChanceMod),Disruptor (/Lotus/Upgrades/Mods/Shotgun/WeaponImpactDamageMod),Lingering Torment (/Lotus/Upgrades/Mods/Shotgun/WeaponProcTimeMod),Sundering Weave (/Lotus/Weapons/Tenno/Melee/MeleeTrees/MacheteCmbOneMeleeTree),,,,,,,,,,
Arid Heavy Gunner (Desert/HeavyFemaleGrineerDesert),Common Fusion Core (/Lotus/Upgrades/Mods/Fusers/CommonModFuser),Rare Fusion Core (/Lotus/Upgrades/Mods/Fusers/RareModFuser),Uncommon Fusion Core (/Lotus/Upgrades/Mods/Fusers/UncommonModFuser),Slip Magazine (/Lotus/Upgrades/Mods/Pistol/WeaponClipMaxMod),Magazine Warp (/Lotus/Upgrades/Mods/Rifle/WeaponClipMaxMod),Shell Compression (/Lotus/Upgrades/Mods/Shotgun/WeaponAmmoMaxMod),Blunderbuss (/Lotus/Upgrades/Mods/Shotgun/WeaponCritChanceMod),Decisive Judgement (/Lotus/Weapons/Tenno/Melee/MeleeTrees/KatanaCmbTwoMeleeTree),,,,,,,,,
Arid Hellion (Desert/JetpackMarine),Rare Fusion Core (/Lotus/Upgrades/Mods/Fusers/RareModFuser),Heavy Trauma (/Lotus/Upgrades/Mods/Melee/WeaponImpactDamageMod),Pressure Point (/Lotus/Upgrades/Mods/Melee/WeaponMeleeDamageMod),Heated Charge (/Lotus/Upgrades/Mods/Pistol/WeaponFireDamageMod),Streamline (/Lotus/Upgrades/Mods/Warframe/AvatarAbilityEfficiencyMod),Diamond Skin (/Lotus/Upgrades/Mods/Warframe/AvatarDamageResistanceLaser),Vitality (/Lotus/Upgrades/Mods/Warframe/AvatarHealthMaxMod),Iron Phoenix (/Lotus/Weapons/Tenno/Melee/MeleeTrees/IronPhoenixMeleeTree),,,,,,,,,
Arid Lancer (Desert/RifleLancer),Rare Fusion Core (/Lotus/Upgrades/Mods/Fusers/RareModFuser),Heavy Trauma (/Lotus/Upgrades/Mods/Melee/WeaponImpactDamageMod),Pressure Point (/Lotus/Upgrades/Mods/Melee/WeaponMeleeDamageMod),Heated Charge (/Lotus/Upgrades/Mods/Pistol/WeaponFireDamageMod),Streamline (/Lotus/Upgrades/Mods/Warframe/AvatarAbilityEfficiencyMod),Diamond Skin (/Lotus/Upgrades/Mods/Warframe/AvatarDamageResistanceLaser),Vitality (/Lotus/Upgrades/Mods/Warframe/AvatarHealthMaxMod),Iron Phoenix (/Lotus/Weapons/Tenno/Melee/MeleeTrees/IronPhoenixMeleeTree),,,,,,,,,
Arid Seeker (Desert/GrineerMarinePistol),Rare Fusion Core (/Lotus/Upgrades/Mods/Fusers/RareModFuser),Killing Blow (/Lotus/Upgrades/Mods/Melee/WeaponMeleeHeavyDamageMod),Barrel Diffusion (/Lotus/Upgrades/Mods/Pistol/WeaponFireIterationsMod),Sawtooth Clip (/Lotus/Upgrades/Mods/Rifle/WeaponSlashDamageMod),Fast Deflection (/Lotus/Upgrades/Mods/Sentinel/SentinelShieldRechargeRateMod),Crushing Ruin (/Lotus/Weapons/Tenno/Melee/MeleeTrees/HammerCmbTwoMeleeTree),Shimmering Blight (/Lotus/Weapons/Tenno/Melee/MeleeTrees/PolearmCmbOneMeleeTree),,,,,,,,,,
Arid Trooper (Desert/ShotgunLancer),Rare Fusion Core (/Lotus/Upgrades/Mods/Fusers/RareModFuser),Shocking Touch (/Lotus/Upgrades/Mods/Melee/WeaponElectricityDamageMod),Melee Prowess (/Lotus/Upgrades/Mods/Melee/WeaponStunChanceMod),Pistol Gambit (/Lotus/Upgrades/Mods/Pistol/WeaponCritChanceMod),Disruptor (/Lotus/Upgrades/Mods/Shotgun/WeaponImpactDamageMod),Lingering Torment (/Lotus/Upgrades/Mods/Shotgun/WeaponProcTimeMod),Sundering Weave (/Lotus/Weapons/Tenno/Melee/MeleeTrees/MacheteCmbOneMeleeTree),,,,,,,,,,
Attack Drone (Drones/DroneDroneAttack),Common Fusion Core (/Lotus/Upgrades/Mods/Fusers/CommonModFuser),Rare Fusion Core (/Lotus/Upgrades/Mods/Fusers/RareModFuser),Uncommon Fusion Core (/Lotus/Upgrades/Mods/Fusers/UncommonModFuser),Fury (/Lotus/Upgrades/Mods/Melee/WeaponFireRateMod),Melee Prowess (/Lotus/Upgrades/Mods/Melee/WeaponStunChanceMod),Convulsion (/Lotus/Upgrades/Mods/Pistol/WeaponElectricityDamageMod),Hell's Chamber (/Lotus/Upgrades/Mods/Shotgun/WeaponFireIterationsMod),Vitality (/Lotus/Upgrades/Mods/Warframe/AvatarHealthMaxMod),,,,,,,,,
Attack Drone (SpaceBattles/CrpSpaceDroneAttack),Extend (/Lotus/Upgrades/Mods/Archwing/Melee/ArchwingMeleeRangeIncMod),Magazine Extension (/Lotus/Upgrades/Mods/Archwing/Rifle/ArchwingRifleClipMaxMod),Efficient Transferral (/Lotus/Upgrades/Mods/Archwing/Suit/ArchwingSuitAbilityDurationMod),Common Fusion Core (/Lotus/Upgrades/Mods/Fusers/CommonModFuser),Uncommon Fusion Core (/Lotus/Upgrades/Mods/Fusers/UncommonModFuser),,,,,,,,,,,,
Ballista (AIWeek/FemaleGrineer),Common Fusion Core (/Lotus/Upgrades/Mods/Fusers/CommonModFuser),Rare Fusion Core (/Lotus/Upgrades/Mods/Fusers/RareModFuser),Uncommon Fusion Core (/Lotus/Upgrades/Mods/Fusers/UncommonModFuser),Organ Shatter (/Lotus/Upgrades/Mods/Melee/WeaponCritDamageMod),Stormbringer (/Lotus/Upgrades/Mods/Rifle/WeaponElectricityDamageMod),,,,,,,,,,,,
Boiler (AiWeek/Ancients/SpawningAncient),Common Fusion Core (/Lotus/Upgrades/Mods/Fusers/CommonModFuser),Uncommon Fusion Core (/Lotus/Upgrades/Mods/Fusers/UncommonModFuser),Organ Shatter (/Lotus/Upgrades/Mods/Melee/WeaponCritDamageMod),Slip Magazine (/Lotus/Upgrades/Mods/Pistol/WeaponClipMaxMod),Hornet Strike (/Lotus/Upgrades/Mods/Pistol/WeaponDamageAmountMod),Firestorm (/Lotus/Upgrades/Mods/Rifle/WeaponIncreaseRadialExplosionMod),Fast Deflection (/Lotus/Upgrades/Mods/Sentinel/SentinelShieldRechargeRateMod),Shredder (/Lotus/Upgrades/Mods/Shotgun/WeaponSlashDamageMod),Warm Coat (/Lotus/Upgrades/Mods/Warframe/AvatarMissionSpecificResistanceIce),Brutal Tide (/Lotus/Weapons/Tenno/Melee/MeleeTrees/PunchKickCmbTwoMeleeTree),,,,,,,
Bombard (AIWeek/RocketBombard),Sanctuary (/Lotus/Types/Sentinels/SentinelPrecepts/Sanctuary),Common Fusion Core (/Lotus/Upgrades/Mods/Fusers/CommonModFuser),Rare Fusion Core (/Lotus/Upgrades/Mods/Fusers/RareModFuser),True Steel (/Lotus/Upgrades/Mods/Melee/WeaponCritChanceMod),Expel Grineer (/Lotus/Upgrades/Mods/Pistol/WeaponPistolFactionDamageGrineer),Tactical Pump (/Lotus/Upgrades/Mods/Shotgun/WeaponReloadSpeedMod),Sure Footed (/Lotus/Upgrades/Mods/Warframe/AvatarKnockdownResistanceMod),Warm Coat (/Lotus/Upgrades/Mods/Warframe/AvatarMissionSpecificResistanceIce),Crimson Dervish (/Lotus/Weapons/Tenno/Melee/MeleeTrees/CrimsonDervishMeleeTree),,,,,,,,
Brood Mother (AiWeek/Ancients/DiseasedAncient),Rare Fusion Core (/Lotus/Upgrades/Mods/Fusers/RareModFuser),Lasting Sting (/Lotus/Upgrades/Mods/Melee/WeaponProcTimeMod),Expel Infested (/Lotus/Upgrades/Mods/Pistol/WeaponPistolFactionDamageInfested),Flechette (/Lotus/Upgrades/Mods/Shotgun/WeaponArmorPiercingDamageMod),Redirection (/Lotus/Upgrades/Mods/Warframe/AvatarShieldMaxMod),High Noon (/Lotus/Weapons/Tenno/Melee/MeleeTrees/GunbladeCmbOneMeleeTree),,,,,,,,,,,
Butcher (AIWeek/BladeSawman),Common Fusion Core (/Lotus/Upgrades/Mods/Fusers/CommonModFuser),Rare Fusion Core (/Lotus/Upgrades/Mods/Fusers/RareModFuser),Uncommon Fusion Core (/Lotus/Upgrades/Mods/Fusers/UncommonModFuser),North Wind (/Lotus/Upgrades/Mods/Melee/WeaponFreezeDamageMod),Reflex Coil (/Lotus/Upgrades/Mods/Melee/WeaponMeleeChargeRateMod),Pressure Point (/Lotus/Upgrades/Mods/Melee/WeaponMeleeDamageMod),Smite Grineer (/Lotus/Upgrades/Mods/Melee/WeaponMeleeFactionDamageGrineer),Point Strike (/Lotus/Upgrades/Mods/Rifle/WeaponCritChanceMod),Fast Hands (/Lotus/Upgrades/Mods/Rifle/WeaponReloadSpeedMod),Flow (/Lotus/Upgrades/Mods/Warframe/AvatarPowerMaxMod),,,,,,,
Captain Vor (Vip/CaptainVorBoss),Slip Magazine (/Lotus/Upgrades/Mods/Pistol/WeaponClipMaxMod),Heated Charge (/Lotus/Upgrades/Mods/Pistol/WeaponFireDamageMod),Gunslinger (/Lotus/Upgrades/Mods/Pistol/WeaponFireRateMod),Quickdraw (/Lotus/Upgrades/Mods/Pistol/WeaponReloadSpeedMod),Intensify (/Lotus/Upgrades/Mods/Warframe/AvatarAbilityStrengthMod),Vitality (/Lotus/Upgrades/Mods/Warframe/AvatarHealthMaxMod),,,,,,,,,,,
Carrier (SpaceBattles/Ships/SwarmShip),Furor (/Lotus/Upgrades/Mods/Archwing/Melee/ArchwingMeleeFireRateMod),Automatic Trigger (/Lotus/Upgrades/Mods/Archwing/Rifle/ArchwingRifleFireRateMod),Venomous Clip (/Lotus/Upgrades/Mods/Archwing/Rifle/ArchwingWeaponToxinDamageMod),Argon Plating (/Lotus/Upgrades/Mods/Archwing/Suit/ArchwingSuitArmourMod),Common Fusion Core (/Lotus/Upgrades/Mods/Fusers/CommonModFuser),Uncommon Fusion Core (/Lotus/Upgrades/Mods/Fusers/UncommonModFuser),,,,,,,,,,,
Charger (AiWeek/Quadrupeds/Quadruped),Regen (/Lotus/Types/Sentinels/SentinelPrecepts/Regen),Common Fusion Core (/Lotus/Upgrades/Mods/Fusers/CommonModFuser),Rare Fusion Core (/Lotus/Upgrades/Mods/Fusers/RareModFuser),Convulsion (/Lotus/Upgrades/Mods/Pistol/WeaponElectricityDamageMod),Speed Trigger (/Lotus/Upgrades/Mods/Rifle/WeaponFireRateMod),Rupture (/Lotus/Upgrades/Mods/Rifle/WeaponImpactDamageMod),Redirection (/Lotus/Upgrades/Mods/Sentinel/SentinelShieldMaxMod),Fracturing Wind (/Lotus/Weapons/Tenno/Melee/MeleeTrees/FistCmbOneMeleeTree),,,,,,,,,
Commander (GrineerMarineLeader),Slip Magazine (/Lotus/Upgrades/Mods/Pistol/WeaponClipMaxMod),Magazine Warp (/Lotus/Upgrades/Mods/Rifle/WeaponClipMaxMod),Shell Compression (/Lotus/Upgrades/Mods/Shotgun/WeaponAmmoMaxMod),Blunderbuss (/Lotus/Upgrades/Mods/Shotgun/WeaponCritChanceMod),,,,,,,,,,,,,
Corpus Power Carrier (Spaceman/AIWeek/CarrierSpaceman),Common Fusion Core (/Lotus/Upgrades/Mods/Fusers/CommonModFuser),Rare Fusion Core (/Lotus/Upgrades/Mods/Fusers/RareModFuser),Fury (/Lotus/Upgrades/Mods/Melee/WeaponFireRateMod),Reach (/Lotus/Upgrades/Mods/Melee/WeaponMeleeRangeIncMod),No Return (/Lotus/Upgrades/Mods/Pistol/WeaponArmorPiercingDamageMod),Ammo Drum (/Lotus/Upgrades/Mods/Rifle/WeaponAmmoMaxMod),Reaping Spiral (/Lotus/Weapons/Tenno/Melee/MeleeTrees/ScytheCmbOneMeleeTree),,,,,,,,,,
Corpus Tech (Spaceman/AIWeek/DeployableSpaceman),Common Fusion Core (/Lotus/Upgrades/Mods/Fusers/CommonModFuser),Uncommon Fusion Core (/Lotus/Upgrades/Mods/Fusers/UncommonModFuser),Point Strike (/Lotus/Upgrades/Mods/Rifle/WeaponCritChanceMod),Charged Shell (/Lotus/Upgrades/Mods/Shotgun/WeaponElectricityDamageMod),Cleanse Grineer (/Lotus/Upgrades/Mods/Shotgun/WeaponShotgunFactionDamageGrineer),Handspring (/Lotus/Upgrades/Mods/Warframe/AvatarKnockdownRecoveryMod),Marathon (/Lotus/Upgrades/Mods/Warframe/AvatarStaminaMaxMod),Swirling Tiger (/Lotus/Weapons/Tenno/Melee/MeleeTrees/DualSwordCmbOneMeleeTree),,,,,,,,,
Corpus Warden (Gamemodes/DeployableSpacemanWarden),Common Fusion Core (/Lotus/Upgrades/Mods/Fusers/CommonModFuser),Uncommon Fusion Core (/Lotus/Upgrades/Mods/Fusers/UncommonModFuser),Point Strike (/Lotus/Upgrades/Mods/Rifle/WeaponCritChanceMod),Charged Shell (/Lotus/Upgrades/Mods/Shotgun/WeaponElectricityDamageMod),Cleanse Grineer (/Lotus/Upgrades/Mods/Shotgun/WeaponShotgunFactionDamageGrineer),Handspring (/Lotus/Upgrades/Mods/Warframe/AvatarKnockdownRecoveryMod),Marathon (/Lotus/Upgrades/Mods/Warframe/AvatarStaminaMaxMod),Swirling Tiger (/Lotus/Weapons/Tenno/Melee/MeleeTrees/DualSwordCmbOneMeleeTree),,,,,,,,,
Corpus Warden (Gamemodes/DeployableSpacemanWardenLeader),Common Fusion Core (/Lotus/Upgrades/Mods/Fusers/CommonModFuser),Uncommon Fusion Core (/Lotus/Upgrades/Mods/Fusers/UncommonModFuser),Point Strike (/Lotus/Upgrades/Mods/Rifle/WeaponCritChanceMod),Charged Shell (/Lotus/Upgrades/Mods/Shotgun/WeaponElectricityDamageMod),Cleanse Grineer (/Lotus/Upgrades/Mods/Shotgun/WeaponShotgunFactionDamageGrineer),Handspring (/Lotus/Upgrades/Mods/Warframe/AvatarKnockdownRecoveryMod),Marathon (/Lotus/Upgrades/Mods/Warframe/AvatarStaminaMaxMod),Swirling Tiger (/Lotus/Weapons/Tenno/Melee/MeleeTrees/DualSwordCmbOneMeleeTree),,,,,,,,,
Corrupted Ancient (OrokinHealingAncient),Common Fusion Core (/Lotus/Upgrades/Mods/Fusers/CommonModFuser),Uncommon Fusion Core (/Lotus/Upgrades/Mods/Fusers/UncommonModFuser),Berserker (/Lotus/Upgrades/Mods/Melee/WeaponCritFireRateBonusMod),Reflection (/Lotus/Upgrades/Mods/Warframe/AvatarParryReflectMod),Quick Thinking (/Lotus/Upgrades/Mods/Warframe/AvatarPowerToHealthOnDeathMod),Maglev (/Lotus/Upgrades/Mods/Warframe/AvatarSlideBoostMod),Clashing Forest (/Lotus/Weapons/Tenno/Melee/MeleeTrees/StaffCmbOneMeleeTree),,,,,,,,,,
Corrupted Bombard (OrokinRocketBombard),Rare Fusion Core (/Lotus/Upgrades/Mods/Fusers/RareModFuser),Uncommon Fusion Core (/Lotus/Upgrades/Mods/Fusers/UncommonModFuser),Whirlwind (/Lotus/Upgrades/Mods/Melee/WeaponGlaiveSpeedMod),Spare Parts (/Lotus/Upgrades/Mods/Sentinel/SentinelDropChanceMod),Intruder (/Lotus/Upgrades/Mods/Warframe/AvatarTimeLimitIncreaseMod),Flailing Branch (/Lotus/Weapons/Tenno/Melee/MeleeTrees/StaffCmbTwoMeleeTree),,,,,,,,,,,
Corrupted Butcher (OrokinBladeSawman),Vacuum (/Lotus/Types/Sentinels/SentinelPrecepts/ItemVacum),Thumper (/Lotus/Types/Sentinels/SentinelPrecepts/Thumper),Uncommon Fusion Core (/Lotus/Upgrades/Mods/Fusers/UncommonModFuser),Power Throw (/Lotus/Upgrades/Mods/Melee/WeaponGlaivePowerthrowMod),Finishing Touch (/Lotus/Upgrades/Mods/Melee/WeaponMeleeFinisherDamageMod),Infected Clip (/Lotus/Upgrades/Mods/Rifle/WeaponToxinDamageMod),Burning Wasp (/Lotus/Weapons/Tenno/Melee/MeleeTrees/WhipCmbOneMeleeTree),,,,,,,,,,
Corrupted Crewman (RifleSpaceman),Common Fusion Core (/Lotus/Upgrades/Mods/Fusers/CommonModFuser),Quick Return (/Lotus/Upgrades/Mods/Melee/WeaponGlaiveReflectionDecreaseMod),Suppress (/Lotus/Upgrades/Mods/Pistol/WeaponNoiseReductionMod),Steady Hands (/Lotus/Upgrades/Mods/Pistol/WeaponRecoilReductionMod),Fired Up (/Lotus/Upgrades/Mods/Sentinel/SentinelOverheatDamageMod),Coiling Viper (/Lotus/Weapons/Tenno/Melee/MeleeTrees/WhipCmbTwoMeleeTree),,,,,,,,,,,
Corrupted Heavy Gunner (OrokinHeavyFemale),Rare Fusion Core (/Lotus/Upgrades/Mods/Fusers/RareModFuser),Uncommon Fusion Core (/Lotus/Upgrades/Mods/Fusers/UncommonModFuser),Whirlwind (/Lotus/Upgrades/Mods/Melee/WeaponGlaiveSpeedMod),Spare Parts (/Lotus/Upgrades/Mods/Sentinel/SentinelDropChanceMod),Intruder (/Lotus/Upgrades/Mods/Warframe/AvatarTimeLimitIncreaseMod),Flailing Branch (/Lotus/Weapons/Tenno/Melee/MeleeTrees/StaffCmbTwoMeleeTree),,,,,,,,,,,
Corrupted Lancer (RifleLancer),Vacuum (/Lotus/Types/Sentinels/SentinelPrecepts/ItemVacum),Thumper (/Lotus/Types/Sentinels/SentinelPrecepts/Thumper),Uncommon Fusion Core (/Lotus/Upgrades/Mods/Fusers/UncommonModFuser),Power Throw (/Lotus/Upgrades/Mods/Melee/WeaponGlaivePowerthrowMod),Finishing Touch (/Lotus/Upgrades/Mods/Melee/WeaponMeleeFinisherDamageMod),Infected Clip (/Lotus/Upgrades/Mods/Rifle/WeaponToxinDamageMod),Burning Wasp (/Lotus/Weapons/Tenno/Melee/MeleeTrees/WhipCmbOneMeleeTree),,,,,,,,,,
Corrupted Moa (OrokinMoaBiped),Fatal Attraction (/Lotus/Types/Sentinels/SentinelPrecepts/Bait),Striker (/Lotus/Types/Sentinels/SentinelPrecepts/BoomStick),Common Fusion Core (/Lotus/Upgrades/Mods/Fusers/CommonModFuser),Second Wind (/Lotus/Upgrades/Mods/Melee/WeaponStaminaBonusMod),Reflex Guard (/Lotus/Upgrades/Mods/Warframe/AvatarAutoParryMod),Bleeding Willow (/Lotus/Weapons/Tenno/Melee/MeleeTrees/PolearmCmbTwoMeleeTree),Gemini Cross (/Lotus/Weapons/Tenno/Melee/MeleeTrees/TonfaCmbOneMeleeTree),,,,,,,,,,
Corrupted Nullifier (OrokinNullifySpaceman),Rare Fusion Core (/Lotus/Upgrades/Mods/Fusers/RareModFuser),Uncommon Fusion Core (/Lotus/Upgrades/Mods/Fusers/UncommonModFuser),Whirlwind (/Lotus/Upgrades/Mods/Melee/WeaponGlaiveSpeedMod),Spare Parts (/Lotus/Upgrades/Mods/Sentinel/SentinelDropChanceMod),Intruder (/Lotus/Upgrades/Mods/Warframe/AvatarTimeLimitIncreaseMod),Flailing Branch (/Lotus/Weapons/Tenno/Melee/MeleeTrees/StaffCmbTwoMeleeTree),,,,,,,,,,,
Corvette (SpaceBattles/Ships/FlakShip),Furor (/Lotus/Upgrades/Mods/Archwing/Melee/ArchwingMeleeFireRateMod),Enhanced Durability (/Lotus/Upgrades/Mods/Archwing/Suit/ArchwingSuitHealthMaxMod),Superior Defenses (/Lotus/Upgrades/Mods/Archwing/Suit/ArchwingSuitShieldRechargeRateMod),Common Fusion Core (/Lotus/Upgrades/Mods/Fusers/CommonModFuser),Uncommon Fusion Core (/Lotus/Upgrades/Mods/Fusers/UncommonModFuser),,,,,,,,,,,,
Councilor Vay Hek (Vip/Hek/HekDrone),Common Fusion Core (/Lotus/Upgrades/Mods/Fusers/CommonModFuser),Rare Fusion Core (/Lotus/Upgrades/Mods/Fusers/RareModFuser),Uncommon Fusion Core (/Lotus/Upgrades/Mods/Fusers/UncommonModFuser),Molten Impact (/Lotus/Upgrades/Mods/Melee/WeaponFireDamageMod),Killing Blow (/Lotus/Upgrades/Mods/Melee/WeaponMeleeHeavyDamageMod),Energy Channel (/Lotus/Upgrades/Mods/Melee/WeaponPowerDamageMod),Cryo Rounds (/Lotus/Upgrades/Mods/Rifle/WeaponFreezeDamageMod),Stretch (/Lotus/Upgrades/Mods/Warframe/AvatarAbilityRangeMod),,,,,,,,,
Crawler (AiWeek/Crawlers/Crawler),Common Fusion Core (/Lotus/Upgrades/Mods/Fusers/CommonModFuser),Rare Fusion Core (/Lotus/Upgrades/Mods/Fusers/RareModFuser),Uncommon Fusion Core (/Lotus/Upgrades/Mods/Fusers/UncommonModFuser),Quickdraw (/Lotus/Upgrades/Mods/Pistol/WeaponReloadSpeedMod),Bane Of Corpus (/Lotus/Upgrades/Mods/Rifle/WeaponFactionDamageCorpus),Eagle Eye (/Lotus/Upgrades/Mods/Rifle/WeaponZoomFovMod),Steel Fiber (/Lotus/Upgrades/Mods/Warframe/AvatarArmourMod),,,,,,,,,,
Crewman (Spaceman/AIWeek/RifleSpaceman),Common Fusion Core (/Lotus/Upgrades/Mods/Fusers/CommonModFuser),Rare Fusion Core (/Lotus/Upgrades/Mods/Fusers/RareModFuser),Fury (/Lotus/Upgrades/Mods/Melee/WeaponFireRateMod),Reach (/Lotus/Upgrades/Mods/Melee/WeaponMeleeRangeIncMod),No Return (/Lotus/Upgrades/Mods/Pistol/WeaponArmorPiercingDamageMod),Ammo Drum (/Lotus/Upgrades/Mods/Rifle/WeaponAmmoMaxMod),Reaping Spiral (/Lotus/Weapons/Tenno/Melee/MeleeTrees/ScytheCmbOneMeleeTree),,,,,,,,,,
Crewman (Spaceman/AIWeek/ShotgunSpaceman),Common Fusion Core (/Lotus/Upgrades/Mods/Fusers/CommonModFuser),Uncommon Fusion Core (/Lotus/Upgrades/Mods/Fusers/UncommonModFuser),Melee Prowess (/Lotus/Upgrades/Mods/Melee/WeaponStunChanceMod),Concussion Rounds (/Lotus/Upgrades/Mods/Pistol/WeaponImpactDamageMod),Infected Clip (/Lotus/Upgrades/Mods/Rifle/WeaponToxinDamageMod),Shredder (/Lotus/Upgrades/Mods/Shotgun/WeaponSlashDamageMod),Sinking Talon (/Lotus/Weapons/Tenno/Melee/MeleeTrees/DualDaggerCmbOneMeleeTree),,,,,,,,,,
Dargyn (SpaceBattles/Skiffs/GrineerSpaceMarine),Bleeding Edge (/Lotus/Upgrades/Mods/Archwing/Melee/ArchwingMeleeCritDamageMod),Glacial Edge (/Lotus/Upgrades/Mods/Archwing/Melee/ArchwingWeaponFreezeDamageMod),Magazine Extension (/Lotus/Upgrades/Mods/Archwing/Rifle/ArchwingRifleClipMaxMod),Modified Munitions (/Lotus/Upgrades/Mods/Archwing/Rifle/ArchwingRifleStatusChanceMod),Efficient Transferral (/Lotus/Upgrades/Mods/Archwing/Suit/ArchwingSuitAbilityDurationMod),Common Fusion Core (/Lotus/Upgrades/Mods/Fusers/CommonModFuser),Uncommon Fusion Core (/Lotus/Upgrades/Mods/Fusers/UncommonModFuser),,,,,,,,,,
Drahk (AIWeek/CombatKubrow),Hunt (/Lotus/Types/Friendly/Pets/KubrowPetPrecepts/KubrowChargePrecept),Stalk (/Lotus/Types/Friendly/Pets/KubrowPetPrecepts/KubrowCloakPrecept),Dig (/Lotus/Types/Friendly/Pets/KubrowPetPrecepts/KubrowDigPrecept),Howl (/Lotus/Types/Friendly/Pets/KubrowPetPrecepts/KubrowFearPrecept),Protect (/Lotus/Types/Friendly/Pets/KubrowPetPrecepts/KubrowShieldPrecept),Scavenge (/Lotus/Types/Friendly/Pets/KubrowPetPrecepts/KubrowThiefPrecept),Unleashed (/Lotus/Types/Friendly/Pets/KubrowPetPrecepts/KubrowVipChasePrecept),Savagery (/Lotus/Upgrades/Mods/Sentinel/Kubrow/KubrowClonedFinisherMod),Bite (/Lotus/Upgrades/Mods/Sentinel/Kubrow/KubrowCritMod),Ferocity (/Lotus/Upgrades/Mods/Sentinel/Kubrow/KubrowFinisherMod),Link Armor (/Lotus/Upgrades/Mods/Sentinel/Kubrow/KubrowLinkArmourMaxMod),Link Health (/Lotus/Upgrades/Mods/Sentinel/Kubrow/KubrowLinkHealthMaxMod),Link Shields (/Lotus/Upgrades/Mods/Sentinel/Kubrow/KubrowLinkShieldMaxMod),Loyal Companion (/Lotus/Upgrades/Mods/Sentinel/Kubrow/KubrowMasterBleedoutMod),Maul (/Lotus/Upgrades/Mods/Sentinel/Kubrow/KubrowMeleeDamageMod),Pack Leader (/Lotus/Upgrades/Mods/Sentinel/Kubrow/KubrowPackLeaderMod),Fast Deflection (/Lotus/Upgrades/Mods/Sentinel/Kubrow/KubrowShieldRechargeRateMod)
Drahk Master (AIWeek/BeastMaster),Common Fusion Core (/Lotus/Upgrades/Mods/Fusers/CommonModFuser),Rare Fusion Core (/Lotus/Upgrades/Mods/Fusers/RareModFuser),Uncommon Fusion Core (/Lotus/Upgrades/Mods/Fusers/UncommonModFuser),North Wind (/Lotus/Upgrades/Mods/Melee/WeaponFreezeDamageMod),Reflex Coil (/Lotus/Upgrades/Mods/Melee/WeaponMeleeChargeRateMod),Pressure Point (/Lotus/Upgrades/Mods/Melee/WeaponMeleeDamageMod),Smite Grineer (/Lotus/Upgrades/Mods/Melee/WeaponMeleeFactionDamageGrineer),Point Strike (/Lotus/Upgrades/Mods/Rifle/WeaponCritChanceMod),Fast Hands (/Lotus/Upgrades/Mods/Rifle/WeaponReloadSpeedMod),Flow (/Lotus/Upgrades/Mods/Warframe/AvatarPowerMaxMod),,,,,,,
Dreg (SpaceBattles/Drones/GrineerSpaceDrone),Cutting Edge (/Lotus/Upgrades/Mods/Archwing/Melee/ArchwingMeleeDamageMod),Parallax Scope (/Lotus/Upgrades/Mods/Archwing/Rifle/ArchwingRifleCritChanceMod),Combustion Rounds (/Lotus/Upgrades/Mods/Archwing/Rifle/ArchwingWeaponFireDamageMod),Argon Plating (/Lotus/Upgrades/Mods/Archwing/Suit/ArchwingSuitArmourMod),Common Fusion Core (/Lotus/Upgrades/Mods/Fusers/CommonModFuser),Uncommon Fusion Core (/Lotus/Upgrades/Mods/Fusers/UncommonModFuser),,,,,,,,,,,
Electric Crawler (AiWeek/Crawlers/Lightning),Rare Fusion Core (/Lotus/Upgrades/Mods/Fusers/RareModFuser),Uncommon Fusion Core (/Lotus/Upgrades/Mods/Fusers/UncommonModFuser),Sure Shot (/Lotus/Upgrades/Mods/Pistol/WeaponStunChanceMod),Serration (/Lotus/Upgrades/Mods/Rifle/WeaponDamageAmountMod),Rupture (/Lotus/Upgrades/Mods/Rifle/WeaponImpactDamageMod),Contagious Spread (/Lotus/Upgrades/Mods/Shotgun/WeaponToxinDamageMod),,,,,,,,,,,
Elite Arid Lancer (Desert/EliteRifleLancer),Revenge (/Lotus/Types/Sentinels/SentinelPrecepts/Revenge),Uncommon Fusion Core (/Lotus/Upgrades/Mods/Fusers/UncommonModFuser),Quickdraw (/Lotus/Upgrades/Mods/Pistol/WeaponReloadSpeedMod),Razor Shot (/Lotus/Upgrades/Mods/Pistol/WeaponSlashDamageMod),Thunderbolt (/Lotus/Upgrades/Mods/Rifle/BowExplosionChanceMod),Undying Will (/Lotus/Upgrades/Mods/Warframe/AvatarBleedoutDelayMod),Redirection (/Lotus/Upgrades/Mods/Warframe/AvatarShieldMaxMod),Crossing Snakes (/Lotus/Weapons/Tenno/Melee/MeleeTrees/DualSwordCmbTwoMeleeTree),,,,,,,,,
Elite Crewman (Spaceman/EliteSpaceman),Common Fusion Core (/Lotus/Upgrades/Mods/Fusers/CommonModFuser),Rare Fusion Core (/Lotus/Upgrades/Mods/Fusers/RareModFuser),Uncommon Fusion Core (/Lotus/Upgrades/Mods/Fusers/UncommonModFuser),Fury (/Lotus/Upgrades/Mods/Melee/WeaponFireRateMod),Jagged Edge (/Lotus/Upgrades/Mods/Melee/WeaponSlashDamageMod),No Return (/Lotus/Upgrades/Mods/Pistol/WeaponArmorPiercingDamageMod),Infected Clip (/Lotus/Upgrades/Mods/Rifle/WeaponToxinDamageMod),Gnashing Payara (/Lotus/Weapons/Tenno/Melee/MeleeTrees/DualDaggerCmbTwoMeleeTree),,,,,,,,,
Elite Frontier Lancer (Forest/EliteRifleLancer),Revenge (/Lotus/Types/Sentinels/SentinelPrecepts/Revenge),Uncommon Fusion Core (/Lotus/Upgrades/Mods/Fusers/UncommonModFuser),Quickdraw (/Lotus/Upgrades/Mods/Pistol/WeaponReloadSpeedMod),Razor Shot (/Lotus/Upgrades/Mods/Pistol/WeaponSlashDamageMod),Thunderbolt (/Lotus/Upgrades/Mods/Rifle/BowExplosionChanceMod),Undying Will (/Lotus/Upgrades/Mods/Warframe/AvatarBleedoutDelayMod),Redirection (/Lotus/Upgrades/Mods/Warframe/AvatarShieldMaxMod),Crossing Snakes (/Lotus/Weapons/Tenno/Melee/MeleeTrees/DualSwordCmbTwoMeleeTree),,,,,,,,,
Elite Lancer (AIWeek/EliteRifleLancer),Revenge (/Lotus/Types/Sentinels/SentinelPrecepts/Revenge),Uncommon Fusion Core (/Lotus/Upgrades/Mods/Fusers/UncommonModFuser),Quickdraw (/Lotus/Upgrades/Mods/Pistol/WeaponReloadSpeedMod),Razor Shot (/Lotus/Upgrades/Mods/Pistol/WeaponSlashDamageMod),Thunderbolt (/Lotus/Upgrades/Mods/Rifle/BowExplosionChanceMod),Undying Will (/Lotus/Upgrades/Mods/Warframe/AvatarBleedoutDelayMod),Redirection (/Lotus/Upgrades/Mods/Warframe/AvatarShieldMaxMod),Crossing Snakes (/Lotus/Weapons/Tenno/Melee/MeleeTrees/DualSwordCmbTwoMeleeTree),,,,,,,,,
Eviscerator (AIWeek/EviseratorLancer),Rare Fusion Core (/Lotus/Upgrades/Mods/Fusers/RareModFuser),Shocking Touch (/Lotus/Upgrades/Mods/Melee/WeaponElectricityDamageMod),Melee Prowess (/Lotus/Upgrades/Mods/Melee/WeaponStunChanceMod),Pistol Gambit (/Lotus/Upgrades/Mods/Pistol/WeaponCritChanceMod),Disruptor (/Lotus/Upgrades/Mods/Shotgun/WeaponImpactDamageMod),Lingering Torment (/Lotus/Upgrades/Mods/Shotgun/WeaponProcTimeMod),Sundering Weave (/Lotus/Weapons/Tenno/Melee/MeleeTrees/MacheteCmbOneMeleeTree),,,,,,,,,,
Flameblade (AIWeek/BlowtorchSawman),Common Fusion Core (/Lotus/Upgrades/Mods/Fusers/CommonModFuser),Rare Fusion Core (/Lotus/Upgrades/Mods/Fusers/RareModFuser),Uncommon Fusion Core (/Lotus/Upgrades/Mods/Fusers/UncommonModFuser),Trick Mag (/Lotus/Upgrades/Mods/Pistol/WeaponAmmoMaxMod),Rifle Aptitude (/Lotus/Upgrades/Mods/Rifle/WeaponStunChanceMod),Cleanse Corpus (/Lotus/Upgrades/Mods/Shotgun/WeaponShotgunFactionDamageCorpus),Flame Repellent (/Lotus/Upgrades/Mods/Warframe/AvatarDamageResistanceFire),Enemy Sense (/Lotus/Upgrades/Mods/Warframe/AvatarEnemyRadarMod),,,,,,,,,
Frigate (SpaceBattles/Ships/LaserShip),Tempered Blade (/Lotus/Upgrades/Mods/Archwing/Melee/ArchwingMeleeCritChanceMod),Cutting Edge (/Lotus/Upgrades/Mods/Archwing/Melee/ArchwingMeleeDamageMod),Parallax Scope (/Lotus/Upgrades/Mods/Archwing/Rifle/ArchwingRifleCritChanceMod),Hollowed Bullets (/Lotus/Upgrades/Mods/Archwing/Rifle/ArchwingRifleCritDamageMod),Common Fusion Core (/Lotus/Upgrades/Mods/Fusers/CommonModFuser),Uncommon Fusion Core (/Lotus/Upgrades/Mods/Fusers/UncommonModFuser),,,,,,,,,,,
Frontier Butcher (Forest/BladeSawman),Uncommon Fusion Core (/Lotus/Upgrades/Mods/Fusers/UncommonModFuser),North Wind (/Lotus/Upgrades/Mods/Melee/WeaponFreezeDamageMod),Reflex Coil (/Lotus/Upgrades/Mods/Melee/WeaponMeleeChargeRateMod),Fever Strike (/Lotus/Upgrades/Mods/Melee/WeaponToxinDamageMod),Perpetual Agony (/Lotus/Upgrades/Mods/Pistol/WeaponProcTimeMod),Rifle Aptitude (/Lotus/Upgrades/Mods/Rifle/WeaponStunChanceMod),Blunderbuss (/Lotus/Upgrades/Mods/Shotgun/WeaponCritChanceMod),Flow (/Lotus/Upgrades/Mods/Warframe/AvatarPowerMaxMod),Tranquil Cleave (/Lotus/Weapons/Tenno/Melee/MeleeTrees/KatanaCmbOneMeleeTree),,,,,,,,
Frontier Eviscerator (Forest/EvisceratorLancer),Rare Fusion Core (/Lotus/Upgrades/Mods/Fusers/RareModFuser),Shocking Touch (/Lotus/Upgrades/Mods/Melee/WeaponElectricityDamageMod),Melee Prowess (/Lotus/Upgrades/Mods/Melee/WeaponStunChanceMod),Pistol Gambit (/Lotus/Upgrades/Mods/Pistol/WeaponCritChanceMod),Disruptor (/Lotus/Upgrades/Mods/Shotgun/WeaponImpactDamageMod),Lingering Torment (/Lotus/Upgrades/Mods/Shotgun/WeaponProcTimeMod),Sundering Weave (/Lotus/Weapons/Tenno/Melee/MeleeTrees/MacheteCmbOneMeleeTree),,,,,,,,,,
Frontier Heavy Gunner (Forest/HeavyFemaleGrineerDesert),Rare Fusion Core (/Lotus/Upgrades/Mods/Fusers/RareModFuser),Heavy Trauma (/Lotus/Upgrades/Mods/Melee/WeaponImpactDamageMod),Pressure Point (/Lotus/Upgrades/Mods/Melee/WeaponMeleeDamageMod),Heated Charge (/Lotus/Upgrades/Mods/Pistol/WeaponFireDamageMod),Streamline (/Lotus/Upgrades/Mods/Warframe/AvatarAbilityEfficiencyMod),Diamond Skin (/Lotus/Upgrades/Mods/Warframe/AvatarDamageResistanceLaser),Vitality (/Lotus/Upgrades/Mods/Warframe/AvatarHealthMaxMod),Iron Phoenix (/Lotus/Weapons/Tenno/Melee/MeleeTrees/IronPhoenixMeleeTree),,,,,,,,,
Frontier Hellion (Forest/JetpackMarine),Rare Fusion Core (/Lotus/Upgrades/Mods/Fusers/RareModFuser),Heavy Trauma (/Lotus/Upgrades/Mods/Melee/WeaponImpactDamageMod),Pressure Point (/Lotus/Upgrades/Mods/Melee/WeaponMeleeDamageMod),Heated Charge (/Lotus/Upgrades/Mods/Pistol/WeaponFireDamageMod),Streamline (/Lotus/Upgrades/Mods/Warframe/AvatarAbilityEfficiencyMod),Diamond Skin (/Lotus/Upgrades/Mods/Warframe/AvatarDamageResistanceLaser),Vitality (/Lotus/Upgrades/Mods/Warframe/AvatarHealthMaxMod),Iron Phoenix (/Lotus/Weapons/Tenno/Melee/MeleeTrees/IronPhoenixMeleeTree),,,,,,,,,
Frontier Lancer (Forest/RifleLancer),Rare Fusion Core (/Lotus/Upgrades/Mods/Fusers/RareModFuser),Heavy Trauma (/Lotus/Upgrades/Mods/Melee/WeaponImpactDamageMod),Pressure Point (/Lotus/Upgrades/Mods/Melee/WeaponMeleeDamageMod),Heated Charge (/Lotus/Upgrades/Mods/Pistol/WeaponFireDamageMod),Streamline (/Lotus/Upgrades/Mods/Warframe/AvatarAbilityEfficiencyMod),Diamond Skin (/Lotus/Upgrades/Mods/Warframe/AvatarDamageResistanceLaser),Vitality (/Lotus/Upgrades/Mods/Warframe/AvatarHealthMaxMod),Iron Phoenix (/Lotus/Weapons/Tenno/Melee/MeleeTrees/IronPhoenixMeleeTree),,,,,,,,,
Frontier Regulator (SpecialEvents/ForestDrone),Common Fusion Core (/Lotus/Upgrades/Mods/Fusers/CommonModFuser),Rare Fusion Core (/Lotus/Upgrades/Mods/Fusers/RareModFuser),Uncommon Fusion Core (/Lotus/Upgrades/Mods/Fusers/UncommonModFuser),Fury (/Lotus/Upgrades/Mods/Melee/WeaponFireRateMod),Melee Prowess (/Lotus/Upgrades/Mods/Melee/WeaponStunChanceMod),Convulsion (/Lotus/Upgrades/Mods/Pistol/WeaponElectricityDamageMod),Hell's Chamber (/Lotus/Upgrades/Mods/Shotgun/WeaponFireIterationsMod),Vitality (/Lotus/Upgrades/Mods/Warframe/AvatarHealthMaxMod),,,,,,,,,
Frontier Seeker (Forest/GrineerMarinePistol),Rare Fusion Core (/Lotus/Upgrades/Mods/Fusers/RareModFuser),Killing Blow (/Lotus/Upgrades/Mods/Melee/WeaponMeleeHeavyDamageMod),Barrel Diffusion (/Lotus/Upgrades/Mods/Pistol/WeaponFireIterationsMod),Sawtooth Clip (/Lotus/Upgrades/Mods/Rifle/WeaponSlashDamageMod),Fast Deflection (/Lotus/Upgrades/Mods/Sentinel/SentinelShieldRechargeRateMod),Crushing Ruin (/Lotus/Weapons/Tenno/Melee/MeleeTrees/HammerCmbTwoMeleeTree),Shimmering Blight (/Lotus/Weapons/Tenno/Melee/MeleeTrees/PolearmCmbOneMeleeTree),,,,,,,,,,
Frontier Trooper (Forest/ShotgunLancer),Rare Fusion Core (/Lotus/Upgrades/Mods/Fusers/RareModFuser),Shocking Touch (/Lotus/Upgrades/Mods/Melee/WeaponElectricityDamageMod),Melee Prowess (/Lotus/Upgrades/Mods/Melee/WeaponStunChanceMod),Pistol Gambit (/Lotus/Upgrades/Mods/Pistol/WeaponCritChanceMod),Disruptor (/Lotus/Upgrades/Mods/Shotgun/WeaponImpactDamageMod),Lingering Torment (/Lotus/Upgrades/Mods/Shotgun/WeaponProcTimeMod),Sundering Weave (/Lotus/Weapons/Tenno/Melee/MeleeTrees/MacheteCmbOneMeleeTree),,,,,,,,,,
Fusion Moa (BipedRobot/AIWeek/SuperMoaBiped),Vaporize (/Lotus/Types/Sentinels/SentinelPrecepts/Vaporize),Common Fusion Core (/Lotus/Upgrades/Mods/Fusers/CommonModFuser),Rare Fusion Core (/Lotus/Upgrades/Mods/Fusers/RareModFuser),Uncommon Fusion Core (/Lotus/Upgrades/Mods/Fusers/UncommonModFuser),Smite Corpus (/Lotus/Upgrades/Mods/Melee/WeaponMeleeFactionDamageCorpus),Self Destruct (/Lotus/Upgrades/Mods/Sentinel/SentinelExplosionMod),Vitality (/Lotus/Upgrades/Mods/Sentinel/SentinelHealthMaxMod),Antitoxin (/Lotus/Upgrades/Mods/Warframe/AvatarDamageResistancePoison),Thief's Wit (/Lotus/Upgrades/Mods/Warframe/AvatarLootRadarMod),Rush (/Lotus/Upgrades/Mods/Warframe/AvatarSprintSpeedMod),,,,,,,
General Sargas Ruk (Vip/SargasRuk/SargasRukNew),Pressure Point (/Lotus/Upgrades/Mods/Melee/WeaponMeleeDamageMod),Melee Prowess (/Lotus/Upgrades/Mods/Melee/WeaponStunChanceMod),Split Chamber (/Lotus/Upgrades/Mods/Rifle/WeaponFireIterationsMod),Shotgun Savvy (/Lotus/Upgrades/Mods/Shotgun/WeaponStunChanceMod),Continuity (/Lotus/Upgrades/Mods/Warframe/AvatarAbilityDurationMod),Shattering Storm (/Lotus/Weapons/Tenno/Melee/MeleeTrees/HammerCmbOneMeleeTree),,,,,,,,,,,
Gox (SpaceBattles/Ships/CrpPod),Furor (/Lotus/Upgrades/Mods/Archwing/Melee/ArchwingMeleeFireRateMod),Enhanced Durability (/Lotus/Upgrades/Mods/Archwing/Suit/ArchwingSuitHealthMaxMod),Superior Defenses (/Lotus/Upgrades/Mods/Archwing/Suit/ArchwingSuitShieldRechargeRateMod),Common Fusion Core (/Lotus/Upgrades/Mods/Fusers/CommonModFuser),Uncommon Fusion Core (/Lotus/Upgrades/Mods/Fusers/UncommonModFuser),,,,,,,,,,,,
Grineer Power Carrier (AIWeek/CarrierRifleLancer),Common Fusion Core (/Lotus/Upgrades/Mods/Fusers/CommonModFuser),Rare Fusion Core (/Lotus/Upgrades/Mods/Fusers/RareModFuser),Fury (/Lotus/Upgrades/Mods/Melee/WeaponFireRateMod),Reach (/Lotus/Upgrades/Mods/Melee/WeaponMeleeRangeIncMod),No Return (/Lotus/Upgrades/Mods/Pistol/WeaponArmorPiercingDamageMod),Ammo Drum (/Lotus/Upgrades/Mods/Rifle/WeaponAmmoMaxMod),Reaping Spiral (/Lotus/Weapons/Tenno/Melee/MeleeTrees/ScytheCmbOneMeleeTree),,,,,,,,,,
Grineer Warden (Gamemodes/WardenGrineerHeavy),Common Fusion Core (/Lotus/Upgrades/Mods/Fusers/CommonModFuser),Rare Fusion Core (/Lotus/Upgrades/Mods/Fusers/RareModFuser),Uncommon Fusion Core (/Lotus/Upgrades/Mods/Fusers/UncommonModFuser),Slip Magazine (/Lotus/Upgrades/Mods/Pistol/WeaponClipMaxMod),Magazine Warp (/Lotus/Upgrades/Mods/Rifle/WeaponClipMaxMod),Shell Compression (/Lotus/Upgrades/Mods/Shotgun/WeaponAmmoMaxMod),Blunderbuss (/Lotus/Upgrades/Mods/Shotgun/WeaponCritChanceMod),Decisive Judgement (/Lotus/Weapons/Tenno/Melee/MeleeTrees/KatanaCmbTwoMeleeTree),,,,,,,,,
Grineer Warden (Gamemodes/WardenGrineerHeavyLeader),Common Fusion Core (/Lotus/Upgrades/Mods/Fusers/CommonModFuser),Rare Fusion Core (/Lotus/Upgrades/Mods/Fusers/RareModFuser),Uncommon Fusion Core (/Lotus/Upgrades/Mods/Fusers/UncommonModFuser),Slip Magazine (/Lotus/Upgrades/Mods/Pistol/WeaponClipMaxMod),Magazine Warp (/Lotus/Upgrades/Mods/Rifle/WeaponClipMaxMod),Shell Compression (/Lotus/Upgrades/Mods/Shotgun/WeaponAmmoMaxMod),Blunderbuss (/Lotus/Upgrades/Mods/Shotgun/WeaponCritChanceMod),Decisive Judgement (/Lotus/Weapons/Tenno/Melee/MeleeTrees/KatanaCmbTwoMeleeTree),,,,,,,,,
Guardsman (AIWeek/GrineerMeleeStaff),Common Fusion Core (/Lotus/Upgrades/Mods/Fusers/CommonModFuser),Rare Fusion Core (/Lotus/Upgrades/Mods/Fusers/RareModFuser),Uncommon Fusion Core (/Lotus/Upgrades/Mods/Fusers/UncommonModFuser),North Wind (/Lotus/Upgrades/Mods/Melee/WeaponFreezeDamageMod),Reflex Coil (/Lotus/Upgrades/Mods/Melee/WeaponMeleeChargeRateMod),Pressure Point (/Lotus/Upgrades/Mods/Melee/WeaponMeleeDamageMod),Smite Grineer (/Lotus/Upgrades/Mods/Melee/WeaponMeleeFactionDamageGrineer),Point Strike (/Lotus/Upgrades/Mods/Rifle/WeaponCritChanceMod),Fast Hands (/Lotus/Upgrades/Mods/Rifle/WeaponReloadSpeedMod),Flow (/Lotus/Upgrades/Mods/Warframe/AvatarPowerMaxMod),,,,,,,
Heavy Gunner (AIWeek/HeavyFemaleGrineer),Common Fusion Core (/Lotus/Upgrades/Mods/Fusers/CommonModFuser),Rare Fusion Core (/Lotus/Upgrades/Mods/Fusers/RareModFuser),Uncommon Fusion Core (/Lotus/Upgrades/Mods/Fusers/UncommonModFuser),Slip Magazine (/Lotus/Upgrades/Mods/Pistol/WeaponClipMaxMod),Magazine Warp (/Lotus/Upgrades/Mods/Rifle/WeaponClipMaxMod),Shell Compression (/Lotus/Upgrades/Mods/Shotgun/WeaponAmmoMaxMod),Blunderbuss (/Lotus/Upgrades/Mods/Shotgun/WeaponCritChanceMod),Decisive Judgement (/Lotus/Weapons/Tenno/Melee/MeleeTrees/KatanaCmbTwoMeleeTree),,,,,,,,,
Hellion (AIWeek/JetpackMarine),Rare Fusion Core (/Lotus/Upgrades/Mods/Fusers/RareModFuser),Heavy Trauma (/Lotus/Upgrades/Mods/Melee/WeaponImpactDamageMod),Pressure Point (/Lotus/Upgrades/Mods/Melee/WeaponMeleeDamageMod),Heated Charge (/Lotus/Upgrades/Mods/Pistol/WeaponFireDamageMod),Streamline (/Lotus/Upgrades/Mods/Warframe/AvatarAbilityEfficiencyMod),Diamond Skin (/Lotus/Upgrades/Mods/Warframe/AvatarDamageResistanceLaser),Vitality (/Lotus/Upgrades/Mods/Warframe/AvatarHealthMaxMod),Iron Phoenix (/Lotus/Weapons/Tenno/Melee/MeleeTrees/IronPhoenixMeleeTree),,,,,,,,,
Hellion Dargyn (SpaceBattles/Skiffs/MissileSkiff),Extend (/Lotus/Upgrades/Mods/Archwing/Melee/ArchwingMeleeRangeIncMod),Sudden Impact (/Lotus/Upgrades/Mods/Archwing/Melee/ArchwingMeleeStatusChanceMod),Rubedo-Lined Barrel (/Lotus/Upgrades/Mods/Archwing/Rifle/ArchwingRifleDamageAmountMod),System Reroute (/Lotus/Upgrades/Mods/Archwing/Suit/ArchwingSuitAbilityEfficiencyMod),Common Fusion Core (/Lotus/Upgrades/Mods/Fusers/CommonModFuser),Uncommon Fusion Core (/Lotus/Upgrades/Mods/Fusers/UncommonModFuser),,,,,,,,,,,
Hellion Power Carrier (AIWeek/JetpackMarineCarrier),Common Fusion Core (/Lotus/Upgrades/Mods/Fusers/CommonModFuser),Rare Fusion Core (/Lotus/Upgrades/Mods/Fusers/RareModFuser),Fury (/Lotus/Upgrades/Mods/Melee/WeaponFireRateMod),Reach (/Lotus/Upgrades/Mods/Melee/WeaponMeleeRangeIncMod),No Return (/Lotus/Upgrades/Mods/Pistol/WeaponArmorPiercingDamageMod),Ammo Drum (/Lotus/Upgrades/Mods/Rifle/WeaponAmmoMaxMod),Reaping Spiral (/Lotus/Weapons/Tenno/Melee/MeleeTrees/ScytheCmbOneMeleeTree),,,,,,,,,,
Hyena Ln2 (Vip/Hyena/HyenaIce),True Steel (/Lotus/Upgrades/Mods/Melee/WeaponCritChanceMod),North Wind (/Lotus/Upgrades/Mods/Melee/WeaponFreezeDamageMod),Trick Mag (/Lotus/Upgrades/Mods/Pistol/WeaponAmmoMaxMod),Master Thief (/Lotus/Upgrades/Mods/Warframe/AvatarChanceToLoot),,,,,,,,,,,,,
Hyena Ng (Vip/Hyena/HyenaFire),True Steel (/Lotus/Upgrades/Mods/Melee/WeaponCritChanceMod),North Wind (/Lotus/Upgrades/Mods/Melee/WeaponFreezeDamageMod),Trick Mag (/Lotus/Upgrades/Mods/Pistol/WeaponAmmoMaxMod),Master Thief (/Lotus/Upgrades/Mods/Warframe/AvatarChanceToLoot),,,,,,,,,,,,,
Hyena Pb (Vip/Hyena/HyenaGun),True Steel (/Lotus/Upgrades/Mods/Melee/WeaponCritChanceMod),North Wind (/Lotus/Upgrades/Mods/Melee/WeaponFreezeDamageMod),Trick Mag (/Lotus/Upgrades/Mods/Pistol/WeaponAmmoMaxMod),Master Thief (/Lotus/Upgrades/Mods/Warframe/AvatarChanceToLoot),,,,,,,,,,,,,
Hyena Th (Vip/Hyena/HyenaElec),True Steel (/Lotus/Upgrades/Mods/Melee/WeaponCritChanceMod),North Wind (/Lotus/Upgrades/Mods/Melee/WeaponFreezeDamageMod),Trick Mag (/Lotus/Upgrades/Mods/Pistol/WeaponAmmoMaxMod),Master Thief (/Lotus/Upgrades/Mods/Warframe/AvatarChanceToLoot),,,,,,,,,,,,,
Infested Mesa (TennoReplicants/TennoReplicantGunslinger),Berserker (/Lotus/Upgrades/Mods/Melee/WeaponCritFireRateBonusMod),Master Thief (/Lotus/Upgrades/Mods/Warframe/AvatarChanceToLoot),Rage (/Lotus/Upgrades/Mods/Warframe/AvatarDamageToEnergyMod),Flow (/Lotus/Upgrades/Mods/Warframe/AvatarPowerMaxMod),Decisive Judgement (/Lotus/Weapons/Tenno/Melee/MeleeTrees/KatanaCmbTwoMeleeTree),,,,,,,,,,,,
Jackal (QuadRobot/QuadRobot),Ruinous Extension (/Lotus/Upgrades/Mods/Pistol/WeaponBeamDistanceMod),Shell Compression (/Lotus/Upgrades/Mods/Shotgun/WeaponAmmoMaxMod),Blunderbuss (/Lotus/Upgrades/Mods/Shotgun/WeaponCritChanceMod),Tactical Pump (/Lotus/Upgrades/Mods/Shotgun/WeaponReloadSpeedMod),Shock Absorbers (/Lotus/Upgrades/Mods/Warframe/AvatarDamageResistanceKnockdown),Handspring (/Lotus/Upgrades/Mods/Warframe/AvatarKnockdownRecoveryMod),,,,,,,,,,,
Kela De Thaym (Vip/HeavyRocketFemale),Molten Impact (/Lotus/Upgrades/Mods/Melee/WeaponFireDamageMod),Killing Blow (/Lotus/Upgrades/Mods/Melee/WeaponMeleeHeavyDamageMod),Energy Channel (/Lotus/Upgrades/Mods/Melee/WeaponPowerDamageMod),Cryo Rounds (/Lotus/Upgrades/Mods/Rifle/WeaponFreezeDamageMod),Stretch (/Lotus/Upgrades/Mods/Warframe/AvatarAbilityRangeMod),,,,,,,,,,,,
Kubrow (/Lotus/Types/NeutralCreatures/Kubrow/Kubrow),Hunt (/Lotus/Types/Friendly/Pets/KubrowPetPrecepts/KubrowChargePrecept),Stalk (/Lotus/Types/Friendly/Pets/KubrowPetPrecepts/KubrowCloakPrecept),Dig (/Lotus/Types/Friendly/Pets/KubrowPetPrecepts/KubrowDigPrecept),Howl (/Lotus/Types/Friendly/Pets/KubrowPetPrecepts/KubrowFearPrecept),Protect (/Lotus/Types/Friendly/Pets/KubrowPetPrecepts/KubrowShieldPrecept),Scavenge (/Lotus/Types/Friendly/Pets/KubrowPetPrecepts/KubrowThiefPrecept),Unleashed (/Lotus/Types/Friendly/Pets/KubrowPetPrecepts/KubrowVipChasePrecept),Savagery (/Lotus/Upgrades/Mods/Sentinel/Kubrow/KubrowClonedFinisherMod),Bite (/Lotus/Upgrades/Mods/Sentinel/Kubrow/KubrowCritMod),Ferocity (/Lotus/Upgrades/Mods/Sentinel/Kubrow/KubrowFinisherMod),Link Armor (/Lotus/Upgrades/Mods/Sentinel/Kubrow/KubrowLinkArmourMaxMod),Link Health (/Lotus/Upgrades/Mods/Sentinel/Kubrow/KubrowLinkHealthMaxMod),Link Shields (/Lotus/Upgrades/Mods/Sentinel/Kubrow/KubrowLinkShieldMaxMod),Loyal Companion (/Lotus/Upgrades/Mods/Sentinel/Kubrow/KubrowMasterBleedoutMod),Maul (/Lotus/Upgrades/Mods/Sentinel/Kubrow/KubrowMeleeDamageMod),Pack Leader (/Lotus/Upgrades/Mods/Sentinel/Kubrow/KubrowPackLeaderMod),Fast Deflection (/Lotus/Upgrades/Mods/Sentinel/Kubrow/KubrowShieldRechargeRateMod)
Lancer (AIWeek/RifleLancer),Rare Fusion Core (/Lotus/Upgrades/Mods/Fusers/RareModFuser),Heavy Trauma (/Lotus/Upgrades/Mods/Melee/WeaponImpactDamageMod),Pressure Point (/Lotus/Upgrades/Mods/Melee/WeaponMeleeDamageMod),Heated Charge (/Lotus/Upgrades/Mods/Pistol/WeaponFireDamageMod),Streamline (/Lotus/Upgrades/Mods/Warframe/AvatarAbilityEfficiencyMod),Diamond Skin (/Lotus/Upgrades/Mods/Warframe/AvatarDamageResistanceLaser),Vitality (/Lotus/Upgrades/Mods/Warframe/AvatarHealthMaxMod),Iron Phoenix (/Lotus/Weapons/Tenno/Melee/MeleeTrees/IronPhoenixMeleeTree),,,,,,,,,
Lancer Dreg (SpaceBattles/Drones/LaserDrone),Extend (/Lotus/Upgrades/Mods/Archwing/Melee/ArchwingMeleeRangeIncMod),Electrified Barrel (/Lotus/Upgrades/Mods/Archwing/Rifle/ArchwingWeaponElectricityDamageMod),Venomous Clip (/Lotus/Upgrades/Mods/Archwing/Rifle/ArchwingWeaponToxinDamageMod),Energy Amplifier (/Lotus/Upgrades/Mods/Archwing/Suit/ArchwingSuitAbilityRangeMod),Common Fusion Core (/Lotus/Upgrades/Mods/Fusers/CommonModFuser),Uncommon Fusion Core (/Lotus/Upgrades/Mods/Fusers/UncommonModFuser),,,,,,,,,,,
Leaper (AiWeek/Runners/LeapingRunner),Swift Deth (/Lotus/Types/Sentinels/SentinelPrecepts/SwiftDeth),Common Fusion Core (/Lotus/Upgrades/Mods/Fusers/CommonModFuser),Rare Fusion Core (/Lotus/Upgrades/Mods/Fusers/RareModFuser),Fatal Acceleration (/Lotus/Upgrades/Mods/Shotgun/WeaponProjectileSpeedMod),Cleanse Infested (/Lotus/Upgrades/Mods/Shotgun/WeaponShotgunFactionDamageInfested),Seismic Palm (/Lotus/Weapons/Tenno/Melee/MeleeTrees/FistCmbTwoMeleeTree),,,,,,,,,,,
Leech Osprey (Drones/AIWeek/LeechDrone),Crowd Dispersion (/Lotus/Types/Sentinels/SentinelPrecepts/CrowdDispersion),Common Fusion Core (/Lotus/Upgrades/Mods/Fusers/CommonModFuser),Rare Fusion Core (/Lotus/Upgrades/Mods/Fusers/RareModFuser),Magazine Warp (/Lotus/Upgrades/Mods/Rifle/WeaponClipMaxMod),Split Chamber (/Lotus/Upgrades/Mods/Rifle/WeaponFireIterationsMod),Stretch (/Lotus/Upgrades/Mods/Warframe/AvatarAbilityRangeMod),Diamond Skin (/Lotus/Upgrades/Mods/Warframe/AvatarDamageResistanceLaser),Gleaming Talon (/Lotus/Weapons/Tenno/Melee/MeleeTrees/GlaiveCmbOneMeleeTree),,,,,,,,,
Leekter (DeathSquad/DeathSquadB),Rare Fusion Core (/Lotus/Upgrades/Mods/Fusers/RareModFuser),Barrel Diffusion (/Lotus/Upgrades/Mods/Pistol/WeaponFireIterationsMod),Split Chamber (/Lotus/Upgrades/Mods/Rifle/WeaponFireIterationsMod),Hell's Chamber (/Lotus/Upgrades/Mods/Shotgun/WeaponFireIterationsMod),Natural Talent (/Lotus/Upgrades/Mods/Warframe/AvatarCastingSpeedMod),,,,,,,,,,,,
Lephantis (Vip/GolemFull),Quick Return (/Lotus/Upgrades/Mods/Melee/WeaponGlaiveReflectionDecreaseMod),Rebound (/Lotus/Upgrades/Mods/Melee/WeaponGlaiveReflectionIncreaseMod),Stabilizer (/Lotus/Upgrades/Mods/Rifle/WeaponRecoilReductionMod),Spare Parts (/Lotus/Upgrades/Mods/Sentinel/SentinelDropChanceMod),,,,,,,,,,,,,
Lobber Crawler (AiWeek/Crawlers/Grenade),Common Fusion Core (/Lotus/Upgrades/Mods/Fusers/CommonModFuser),Rare Fusion Core (/Lotus/Upgrades/Mods/Fusers/RareModFuser),Uncommon Fusion Core (/Lotus/Upgrades/Mods/Fusers/UncommonModFuser),Pressure Point (/Lotus/Upgrades/Mods/Melee/WeaponMeleeDamageMod),Trick Mag (/Lotus/Upgrades/Mods/Pistol/WeaponAmmoMaxMod),Blunderbuss (/Lotus/Upgrades/Mods/Shotgun/WeaponCritChanceMod),Heavy Impact (/Lotus/Upgrades/Mods/Warframe/AvatarFallingImpactMod),,,,,,,,,,
Locust Drone (SpaceBattles/Drones/SwarmDrone),Sudden Impact (/Lotus/Upgrades/Mods/Archwing/Melee/ArchwingMeleeStatusChanceMod),Rubedo-Lined Barrel (/Lotus/Upgrades/Mods/Archwing/Rifle/ArchwingRifleDamageAmountMod),Hyperion Thrusters (/Lotus/Upgrades/Mods/Archwing/Suit/ArchwingSuitSprintSpeedMod),Common Fusion Core (/Lotus/Upgrades/Mods/Fusers/CommonModFuser),Uncommon Fusion Core (/Lotus/Upgrades/Mods/Fusers/UncommonModFuser),,,,,,,,,,,,
Lt Lech Kril (Vip/BossLechKril),Molten Impact (/Lotus/Upgrades/Mods/Melee/WeaponFireDamageMod),Killing Blow (/Lotus/Upgrades/Mods/Melee/WeaponMeleeHeavyDamageMod),Energy Channel (/Lotus/Upgrades/Mods/Melee/WeaponPowerDamageMod),Cryo Rounds (/Lotus/Upgrades/Mods/Rifle/WeaponFreezeDamageMod),Stretch (/Lotus/Upgrades/Mods/Warframe/AvatarAbilityRangeMod),,,,,,,,,,,,
Lynx (QuadRobot/MiniBoss/QuadRobotMiniBoss),Common Fusion Core (/Lotus/Upgrades/Mods/Fusers/CommonModFuser),Rare Fusion Core (/Lotus/Upgrades/Mods/Fusers/RareModFuser),Organ Shatter (/Lotus/Upgrades/Mods/Melee/WeaponCritDamageMod),Stormbringer (/Lotus/Upgrades/Mods/Rifle/WeaponElectricityDamageMod),,,,,,,,,,,,,
Lynx Osprey (QuadRobot/MiniBoss/ShieldDroneMiniBoss),Common Fusion Core (/Lotus/Upgrades/Mods/Fusers/CommonModFuser),Rare Fusion Core (/Lotus/Upgrades/Mods/Fusers/RareModFuser),Uncommon Fusion Core (/Lotus/Upgrades/Mods/Fusers/UncommonModFuser),True Steel (/Lotus/Upgrades/Mods/Melee/WeaponCritChanceMod),Trick Mag (/Lotus/Upgrades/Mods/Pistol/WeaponAmmoMaxMod),Hellfire (/Lotus/Upgrades/Mods/Rifle/WeaponFireDamageMod),Vitality (/Lotus/Upgrades/Mods/Sentinel/SentinelHealthMaxMod),Fast Deflection (/Lotus/Upgrades/Mods/Warframe/AvatarShieldRechargeRateMod),,,,,,,,,
Lynx Turret (QuadRobot/MiniBoss/TurretQuadMiniBoss),Common Fusion Core (/Lotus/Upgrades/Mods/Fusers/CommonModFuser),Rare Fusion Core (/Lotus/Upgrades/Mods/Fusers/RareModFuser),Uncommon Fusion Core (/Lotus/Upgrades/Mods/Fusers/UncommonModFuser),True Steel (/Lotus/Upgrades/Mods/Melee/WeaponCritChanceMod),Trick Mag (/Lotus/Upgrades/Mods/Pistol/WeaponAmmoMaxMod),Hellfire (/Lotus/Upgrades/Mods/Rifle/WeaponFireDamageMod),Vitality (/Lotus/Upgrades/Mods/Sentinel/SentinelHealthMaxMod),Fast Deflection (/Lotus/Upgrades/Mods/Warframe/AvatarShieldRechargeRateMod),,,,,,,,,
Mine Osprey (Drones/AIWeek/MineDrone),Common Fusion Core (/Lotus/Upgrades/Mods/Fusers/CommonModFuser),Rare Fusion Core (/Lotus/Upgrades/Mods/Fusers/RareModFuser),Uncommon Fusion Core (/Lotus/Upgrades/Mods/Fusers/UncommonModFuser),Pressure Point (/Lotus/Upgrades/Mods/Melee/WeaponMeleeDamageMod),Sinister Reach (/Lotus/Upgrades/Mods/Rifle/WeaponBeamDistanceMod),Metal Auger (/Lotus/Upgrades/Mods/Rifle/WeaponPunctureDepthMod),,,,,,,,,,,
Moa (BipedRobot/AIWeek/LaserCannonBiped),Revenge (/Lotus/Types/Sentinels/SentinelPrecepts/Revenge),Common Fusion Core (/Lotus/Upgrades/Mods/Fusers/CommonModFuser),Rare Fusion Core (/Lotus/Upgrades/Mods/Fusers/RareModFuser),North Wind (/Lotus/Upgrades/Mods/Melee/WeaponFreezeDamageMod),Smite Grineer (/Lotus/Upgrades/Mods/Melee/WeaponMeleeFactionDamageGrineer),Energy Channel (/Lotus/Upgrades/Mods/Melee/WeaponPowerDamageMod),Ammo Drum (/Lotus/Upgrades/Mods/Rifle/WeaponAmmoMaxMod),,,,,,,,,,
Mutalist Alad V (Vip/InfestedAladV/InfestedAladBoss),Slip Magazine (/Lotus/Upgrades/Mods/Pistol/WeaponClipMaxMod),Heated Charge (/Lotus/Upgrades/Mods/Pistol/WeaponFireDamageMod),Gunslinger (/Lotus/Upgrades/Mods/Pistol/WeaponFireRateMod),Quickdraw (/Lotus/Upgrades/Mods/Pistol/WeaponReloadSpeedMod),Intensify (/Lotus/Upgrades/Mods/Warframe/AvatarAbilityStrengthMod),Vitality (/Lotus/Upgrades/Mods/Warframe/AvatarHealthMaxMod),,,,,,,,,,,
Mutalist-Osprey (AiWeek/InfestedDrones/PoisonDrone),Common Fusion Core (/Lotus/Upgrades/Mods/Fusers/CommonModFuser),Rare Fusion Core (/Lotus/Upgrades/Mods/Fusers/RareModFuser),Uncommon Fusion Core (/Lotus/Upgrades/Mods/Fusers/UncommonModFuser),Pressure Point (/Lotus/Upgrades/Mods/Melee/WeaponMeleeDamageMod),Sinister Reach (/Lotus/Upgrades/Mods/Rifle/WeaponBeamDistanceMod),Metal Auger (/Lotus/Upgrades/Mods/Rifle/WeaponPunctureDepthMod),,,,,,,,,,,
Napalm (AIWeek/IncendiaryBombard),Uncommon Fusion Core (/Lotus/Upgrades/Mods/Fusers/UncommonModFuser),Gunslinger (/Lotus/Upgrades/Mods/Pistol/WeaponFireRateMod),Point Strike (/Lotus/Upgrades/Mods/Rifle/WeaponCritChanceMod),Vitality (/Lotus/Upgrades/Mods/Sentinel/SentinelHealthMaxMod),Ammo Stock (/Lotus/Upgrades/Mods/Shotgun/WeaponClipMaxMod),Insulation (/Lotus/Upgrades/Mods/Warframe/AvatarDamageResistanceIce),Rage (/Lotus/Upgrades/Mods/Warframe/AvatarDamageToEnergyMod),Rending Crane (/Lotus/Weapons/Tenno/Melee/MeleeTrees/AxeCmbOneMeleeTree),,,,,,,,,
Nauseous Crawler (AiWeek/Crawlers/GraspingCrawler),Common Fusion Core (/Lotus/Upgrades/Mods/Fusers/CommonModFuser),Rare Fusion Core (/Lotus/Upgrades/Mods/Fusers/RareModFuser),Quickdraw (/Lotus/Upgrades/Mods/Pistol/WeaponReloadSpeedMod),Serration (/Lotus/Upgrades/Mods/Rifle/WeaponDamageAmountMod),Homing Fang (/Lotus/Weapons/Tenno/Melee/MeleeTrees/DaggerCmbOneMeleeTree),,,,,,,,,,,,
Nullifier Crewman (Spaceman/AIWeek/NullifySpaceman),Warrior (/Lotus/Types/Sentinels/SentinelPrecepts/Warrior),Rare Fusion Core (/Lotus/Upgrades/Mods/Fusers/RareModFuser),Uncommon Fusion Core (/Lotus/Upgrades/Mods/Fusers/UncommonModFuser),Ravage (/Lotus/Upgrades/Mods/Shotgun/WeaponCritDamageMod),Incendiary Coat (/Lotus/Upgrades/Mods/Shotgun/WeaponFireDamageMod),Stalking Fan (/Lotus/Weapons/Tenno/Melee/MeleeTrees/ScytheCmbTwoMeleeTree),,,,,,,,,,,
Ogma (SpaceBattles/Pods/CombatPod),Cutting Edge (/Lotus/Upgrades/Mods/Archwing/Melee/ArchwingMeleeDamageMod),Poisonous Sting (/Lotus/Upgrades/Mods/Archwing/Melee/ArchwingWeaponToxinDamageMod),Dual Rounds (/Lotus/Upgrades/Mods/Archwing/Rifle/ArchwingRifleFireIterationsMod),System Reroute (/Lotus/Upgrades/Mods/Archwing/Suit/ArchwingSuitAbilityEfficiencyMod),Common Fusion Core (/Lotus/Upgrades/Mods/Fusers/CommonModFuser),Uncommon Fusion Core (/Lotus/Upgrades/Mods/Fusers/UncommonModFuser),,,,,,,,,,,
Orokin Drone (OrokinShieldDrone),Coolant Leak (/Lotus/Types/Sentinels/SentinelPrecepts/CoolantLeak),Common Fusion Core (/Lotus/Upgrades/Mods/Fusers/CommonModFuser),Rare Fusion Core (/Lotus/Upgrades/Mods/Fusers/RareModFuser),Uncommon Fusion Core (/Lotus/Upgrades/Mods/Fusers/UncommonModFuser),Hush (/Lotus/Upgrades/Mods/Rifle/WeaponNoiseReductionMod),Fired Up (/Lotus/Upgrades/Mods/Sentinel/SentinelOverheatDamageMod),,,,,,,,,,,
Oxium Osprey (Drones/AIWeek/SuicideDrone),Common Fusion Core (/Lotus/Upgrades/Mods/Fusers/CommonModFuser),Rare Fusion Core (/Lotus/Upgrades/Mods/Fusers/RareModFuser),Uncommon Fusion Core (/Lotus/Upgrades/Mods/Fusers/UncommonModFuser),Fury (/Lotus/Upgrades/Mods/Melee/WeaponFireRateMod),Melee Prowess (/Lotus/Upgrades/Mods/Melee/WeaponStunChanceMod),Convulsion (/Lotus/Upgrades/Mods/Pistol/WeaponElectricityDamageMod),Hell's Chamber (/Lotus/Upgrades/Mods/Shotgun/WeaponFireIterationsMod),Vitality (/Lotus/Upgrades/Mods/Warframe/AvatarHealthMaxMod),,,,,,,,,
Penta Ranger (SpaceBattles/CrewMan/JetpackMarineTwo),Tempered Blade (/Lotus/Upgrades/Mods/Archwing/Melee/ArchwingMeleeCritChanceMod),Cutting Edge (/Lotus/Upgrades/Mods/Archwing/Melee/ArchwingMeleeDamageMod),Parallax Scope (/Lotus/Upgrades/Mods/Archwing/Rifle/ArchwingRifleCritChanceMod),Hollowed Bullets (/Lotus/Upgrades/Mods/Archwing/Rifle/ArchwingRifleCritDamageMod),Common Fusion Core (/Lotus/Upgrades/Mods/Fusers/CommonModFuser),Uncommon Fusion Core (/Lotus/Upgrades/Mods/Fusers/UncommonModFuser),,,,,,,,,,,
Phorid (Vip/QuadrupedVIP),Molten Impact (/Lotus/Upgrades/Mods/Melee/WeaponFireDamageMod),Killing Blow (/Lotus/Upgrades/Mods/Melee/WeaponMeleeHeavyDamageMod),Energy Channel (/Lotus/Upgrades/Mods/Melee/WeaponPowerDamageMod),Cryo Rounds (/Lotus/Upgrades/Mods/Rifle/WeaponFreezeDamageMod),Stretch (/Lotus/Upgrades/Mods/Warframe/AvatarAbilityRangeMod),,,,,,,,,,,,
Powerfist (AIWeek/PistonSawman),Vaporize (/Lotus/Types/Sentinels/SentinelPrecepts/Vaporize),Uncommon Fusion Core (/Lotus/Upgrades/Mods/Fusers/UncommonModFuser),Target Cracker (/Lotus/Upgrades/Mods/Pistol/WeaponCritDamageMod),Bane Of Infested (/Lotus/Upgrades/Mods/Rifle/WeaponFactionDamageInfested),Redirection (/Lotus/Upgrades/Mods/Sentinel/SentinelShieldMaxMod),Seeking Force (/Lotus/Upgrades/Mods/Shotgun/WeaponPunctureDepthMod),Malicious Raptor (/Lotus/Weapons/Tenno/Melee/MeleeTrees/ClawCmbOneMeleeTree),Grim Fury (/Lotus/Weapons/Tenno/Melee/MeleeTrees/PunchKickCmbOneMeleeTree),,,,,,,,,
Prod Crewman (Spaceman/AIWeek/MeleeSpaceman),Common Fusion Core (/Lotus/Upgrades/Mods/Fusers/CommonModFuser),Rare Fusion Core (/Lotus/Upgrades/Mods/Fusers/RareModFuser),Pistol Gambit (/Lotus/Upgrades/Mods/Pistol/WeaponCritChanceMod),Vital Sense (/Lotus/Upgrades/Mods/Rifle/WeaponCritDamageMod),Steel Fiber (/Lotus/Upgrades/Mods/Sentinel/SentinelArmourMod),Chilling Grasp (/Lotus/Upgrades/Mods/Shotgun/WeaponFreezeDamageMod),Shotgun Savvy (/Lotus/Upgrades/Mods/Shotgun/WeaponStunChanceMod),Rapid Resilience (/Lotus/Upgrades/Mods/Warframe/AvatarProcTimeMod),,,,,,,,,
Quanta Ranger (SpaceBattles/CrewMan/JetpackMarineThree),Tempered Blade (/Lotus/Upgrades/Mods/Archwing/Melee/ArchwingMeleeCritChanceMod),Cutting Edge (/Lotus/Upgrades/Mods/Archwing/Melee/ArchwingMeleeDamageMod),Parallax Scope (/Lotus/Upgrades/Mods/Archwing/Rifle/ArchwingRifleCritChanceMod),Hollowed Bullets (/Lotus/Upgrades/Mods/Archwing/Rifle/ArchwingRifleCritDamageMod),Common Fusion Core (/Lotus/Upgrades/Mods/Fusers/CommonModFuser),Uncommon Fusion Core (/Lotus/Upgrades/Mods/Fusers/UncommonModFuser),,,,,,,,,,,
Railgun Moa (BipedRobot/AIWeek/RailgunBiped),Common Fusion Core (/Lotus/Upgrades/Mods/Fusers/CommonModFuser),Uncommon Fusion Core (/Lotus/Upgrades/Mods/Fusers/UncommonModFuser),Trick Mag (/Lotus/Upgrades/Mods/Pistol/WeaponAmmoMaxMod),Charged Chamber (/Lotus/Upgrades/Mods/Rifle/SniperReloadDamageMod),Acrobat (/Lotus/Upgrades/Mods/Warframe/AvatarStaminaCostMultiplierMod),,,,,,,,,,,,
Ranger (SpaceBattles/CrewMan/JetpackMarine),Tempered Blade (/Lotus/Upgrades/Mods/Archwing/Melee/ArchwingMeleeCritChanceMod),Cutting Edge (/Lotus/Upgrades/Mods/Archwing/Melee/ArchwingMeleeDamageMod),Parallax Scope (/Lotus/Upgrades/Mods/Archwing/Rifle/ArchwingRifleCritChanceMod),Hollowed Bullets (/Lotus/Upgrades/Mods/Archwing/Rifle/ArchwingRifleCritDamageMod),Common Fusion Core (/Lotus/Upgrades/Mods/Fusers/CommonModFuser),Uncommon Fusion Core (/Lotus/Upgrades/Mods/Fusers/UncommonModFuser),,,,,,,,,,,
Raptor (Drones/Vip/DroneAttack),Organ Shatter (/Lotus/Upgrades/Mods/Melee/WeaponCritDamageMod),Reflex Coil (/Lotus/Upgrades/Mods/Melee/WeaponMeleeChargeRateMod),Reach (/Lotus/Upgrades/Mods/Melee/WeaponMeleeRangeIncMod),Split Chamber (/Lotus/Upgrades/Mods/Rifle/WeaponFireIterationsMod),Stretch (/Lotus/Upgrades/Mods/Warframe/AvatarAbilityRangeMod),,,,,,,,,,,,
Regulator (SpecialEvents/SurveillanceDrone),Common Fusion Core (/Lotus/Upgrades/Mods/Fusers/CommonModFuser),Rare Fusion Core (/Lotus/Upgrades/Mods/Fusers/RareModFuser),Uncommon Fusion Core (/Lotus/Upgrades/Mods/Fusers/UncommonModFuser),Fury (/Lotus/Upgrades/Mods/Melee/WeaponFireRateMod),Melee Prowess (/Lotus/Upgrades/Mods/Melee/WeaponStunChanceMod),Convulsion (/Lotus/Upgrades/Mods/Pistol/WeaponElectricityDamageMod),Hell's Chamber (/Lotus/Upgrades/Mods/Shotgun/WeaponFireIterationsMod),Vitality (/Lotus/Upgrades/Mods/Warframe/AvatarHealthMaxMod),,,,,,,,,
Roller (AIWeek/RollingDrone),Common Fusion Core (/Lotus/Upgrades/Mods/Fusers/CommonModFuser),Rare Fusion Core (/Lotus/Upgrades/Mods/Fusers/RareModFuser),Uncommon Fusion Core (/Lotus/Upgrades/Mods/Fusers/UncommonModFuser),True Steel (/Lotus/Upgrades/Mods/Melee/WeaponCritChanceMod),Trick Mag (/Lotus/Upgrades/Mods/Pistol/WeaponAmmoMaxMod),Hellfire (/Lotus/Upgrades/Mods/Rifle/WeaponFireDamageMod),Vitality (/Lotus/Upgrades/Mods/Sentinel/SentinelHealthMaxMod),Fast Deflection (/Lotus/Upgrades/Mods/Warframe/AvatarShieldRechargeRateMod),,,,,,,,,
Sapping Osprey (Drones/AIWeek/DiscDrone),Crowd Dispersion (/Lotus/Types/Sentinels/SentinelPrecepts/CrowdDispersion),Common Fusion Core (/Lotus/Upgrades/Mods/Fusers/CommonModFuser),Rare Fusion Core (/Lotus/Upgrades/Mods/Fusers/RareModFuser),Magazine Warp (/Lotus/Upgrades/Mods/Rifle/WeaponClipMaxMod),Split Chamber (/Lotus/Upgrades/Mods/Rifle/WeaponFireIterationsMod),Stretch (/Lotus/Upgrades/Mods/Warframe/AvatarAbilityRangeMod),Diamond Skin (/Lotus/Upgrades/Mods/Warframe/AvatarDamageResistanceLaser),Gleaming Talon (/Lotus/Weapons/Tenno/Melee/MeleeTrees/GlaiveCmbOneMeleeTree),,,,,,,,,
Scavenger Drone (Drones/AIWeek/VacDrone),True Steel (/Lotus/Upgrades/Mods/Melee/WeaponCritChanceMod),Gunslinger (/Lotus/Upgrades/Mods/Pistol/WeaponFireRateMod),Contagious Spread (/Lotus/Upgrades/Mods/Shotgun/WeaponToxinDamageMod),Redirection (/Lotus/Upgrades/Mods/Warframe/AvatarShieldMaxMod),,,,,,,,,,,,,
Scorch (AIWeek/FlameLancer),Swift Deth (/Lotus/Types/Sentinels/SentinelPrecepts/SwiftDeth),Common Fusion Core (/Lotus/Upgrades/Mods/Fusers/CommonModFuser),Uncommon Fusion Core (/Lotus/Upgrades/Mods/Fusers/UncommonModFuser),Sure Shot (/Lotus/Upgrades/Mods/Pistol/WeaponStunChanceMod),Bane Of Grineer (/Lotus/Upgrades/Mods/Rifle/WeaponFactionDamageGrineer),Swirling Tiger (/Lotus/Weapons/Tenno/Melee/MeleeTrees/DualSwordCmbOneMeleeTree),,,,,,,,,,,
Scorpion (AIWeek/MacheteWoman),Common Fusion Core (/Lotus/Upgrades/Mods/Fusers/CommonModFuser),Rare Fusion Core (/Lotus/Upgrades/Mods/Fusers/RareModFuser),Uncommon Fusion Core (/Lotus/Upgrades/Mods/Fusers/UncommonModFuser),Serration (/Lotus/Upgrades/Mods/Rifle/WeaponDamageAmountMod),Master Thief (/Lotus/Upgrades/Mods/Warframe/AvatarChanceToLoot),Lightning Rod (/Lotus/Upgrades/Mods/Warframe/AvatarDamageResistanceElectricity),Heavy Impact (/Lotus/Upgrades/Mods/Warframe/AvatarFallingImpactMod),,,,,,,,,,
Seeker (GrineerMarinePistol),Rare Fusion Core (/Lotus/Upgrades/Mods/Fusers/RareModFuser),Killing Blow (/Lotus/Upgrades/Mods/Melee/WeaponMeleeHeavyDamageMod),Barrel Diffusion (/Lotus/Upgrades/Mods/Pistol/WeaponFireIterationsMod),Sawtooth Clip (/Lotus/Upgrades/Mods/Rifle/WeaponSlashDamageMod),Fast Deflection (/Lotus/Upgrades/Mods/Sentinel/SentinelShieldRechargeRateMod),Crushing Ruin (/Lotus/Weapons/Tenno/Melee/MeleeTrees/HammerCmbTwoMeleeTree),Shimmering Blight (/Lotus/Weapons/Tenno/Melee/MeleeTrees/PolearmCmbOneMeleeTree),,,,,,,,,,
Sensor Regulator (AIWeek/CameraDrone),Common Fusion Core (/Lotus/Upgrades/Mods/Fusers/CommonModFuser),Rare Fusion Core (/Lotus/Upgrades/Mods/Fusers/RareModFuser),Uncommon Fusion Core (/Lotus/Upgrades/Mods/Fusers/UncommonModFuser),Fury (/Lotus/Upgrades/Mods/Melee/WeaponFireRateMod),Melee Prowess (/Lotus/Upgrades/Mods/Melee/WeaponStunChanceMod),Convulsion (/Lotus/Upgrades/Mods/Pistol/WeaponElectricityDamageMod),Hell's Chamber (/Lotus/Upgrades/Mods/Shotgun/WeaponFireIterationsMod),Vitality (/Lotus/Upgrades/Mods/Warframe/AvatarHealthMaxMod),,,,,,,,,
Sergeant Nef Anyo (Spaceman/Vip/SniperBoss),Shocking Touch (/Lotus/Upgrades/Mods/Melee/WeaponElectricityDamageMod),Reflex Coil (/Lotus/Upgrades/Mods/Melee/WeaponMeleeChargeRateMod),Magazine Warp (/Lotus/Upgrades/Mods/Rifle/WeaponClipMaxMod),Thief's Wit (/Lotus/Upgrades/Mods/Warframe/AvatarLootRadarMod),,,,,,,,,,,,,
Shield Dargyn (SpaceBattles/Skiffs/ShieldSkiff),Furor (/Lotus/Upgrades/Mods/Archwing/Melee/ArchwingMeleeFireRateMod),Galvanized Blade (/Lotus/Upgrades/Mods/Archwing/Melee/ArchwingWeaponElectricityDamageMod),Auxiliary Power (/Lotus/Upgrades/Mods/Archwing/Suit/ArchwingSuitPowerMaxMod),Energy Inversion (/Lotus/Upgrades/Mods/Archwing/Suit/ArchwingSuitShieldMaxMod),Common Fusion Core (/Lotus/Upgrades/Mods/Fusers/CommonModFuser),Uncommon Fusion Core (/Lotus/Upgrades/Mods/Fusers/UncommonModFuser),,,,,,,,,,,
Shield Lancer (AIWeek/ShieldLancer),Common Fusion Core (/Lotus/Upgrades/Mods/Fusers/CommonModFuser),Rare Fusion Core (/Lotus/Upgrades/Mods/Fusers/RareModFuser),Uncommon Fusion Core (/Lotus/Upgrades/Mods/Fusers/UncommonModFuser),Smite Infested (/Lotus/Upgrades/Mods/Melee/WeaponMeleeFactionDamageInfested),Flechette (/Lotus/Upgrades/Mods/Shotgun/WeaponArmorPiercingDamageMod),Thief's Wit (/Lotus/Upgrades/Mods/Warframe/AvatarLootRadarMod),Retribution (/Lotus/Upgrades/Mods/Warframe/AvatarRevengeDamageMelee),Quick Rest (/Lotus/Upgrades/Mods/Warframe/AvatarStaminaRechargeRateMod),,,,,,,,,
Shield Osprey (Drones/AIWeek/ShieldDrone),Common Fusion Core (/Lotus/Upgrades/Mods/Fusers/CommonModFuser),Rare Fusion Core (/Lotus/Upgrades/Mods/Fusers/RareModFuser),Uncommon Fusion Core (/Lotus/Upgrades/Mods/Fusers/UncommonModFuser),True Steel (/Lotus/Upgrades/Mods/Melee/WeaponCritChanceMod),Trick Mag (/Lotus/Upgrades/Mods/Pistol/WeaponAmmoMaxMod),Hellfire (/Lotus/Upgrades/Mods/Rifle/WeaponFireDamageMod),Vitality (/Lotus/Upgrades/Mods/Sentinel/SentinelHealthMaxMod),Fast Deflection (/Lotus/Upgrades/Mods/Warframe/AvatarShieldRechargeRateMod),,,,,,,,,
Shield-Hellion Dargyn (SpaceBattles/Skiffs/MissileShieldSkiff),Bleeding Edge (/Lotus/Upgrades/Mods/Archwing/Melee/ArchwingMeleeCritDamageMod),Blazing Steel (/Lotus/Upgrades/Mods/Archwing/Melee/ArchwingWeaponFireDamageMod),Dual Rounds (/Lotus/Upgrades/Mods/Archwing/Rifle/ArchwingRifleFireIterationsMod),Energy Amplifier (/Lotus/Upgrades/Mods/Archwing/Suit/ArchwingSuitAbilityRangeMod),Common Fusion Core (/Lotus/Upgrades/Mods/Fusers/CommonModFuser),Uncommon Fusion Core (/Lotus/Upgrades/Mods/Fusers/UncommonModFuser),,,,,,,,,,,
Shik Tal (DeathSquad/DeathSquadC),Rare Fusion Core (/Lotus/Upgrades/Mods/Fusers/RareModFuser),Barrel Diffusion (/Lotus/Upgrades/Mods/Pistol/WeaponFireIterationsMod),Split Chamber (/Lotus/Upgrades/Mods/Rifle/WeaponFireIterationsMod),Hell's Chamber (/Lotus/Upgrades/Mods/Shotgun/WeaponFireIterationsMod),Natural Talent (/Lotus/Upgrades/Mods/Warframe/AvatarCastingSpeedMod),,,,,,,,,,,,
Shock (AIWeek/DeltaProsecutorLeader),Common Fusion Core (/Lotus/Upgrades/Mods/Fusers/CommonModFuser),Rare Fusion Core (/Lotus/Upgrades/Mods/Fusers/RareModFuser),Uncommon Fusion Core (/Lotus/Upgrades/Mods/Fusers/UncommonModFuser),Trick Mag (/Lotus/Upgrades/Mods/Pistol/WeaponAmmoMaxMod),Rifle Aptitude (/Lotus/Upgrades/Mods/Rifle/WeaponStunChanceMod),Cleanse Corpus (/Lotus/Upgrades/Mods/Shotgun/WeaponShotgunFactionDamageCorpus),Flame Repellent (/Lotus/Upgrades/Mods/Warframe/AvatarDamageResistanceFire),Enemy Sense (/Lotus/Upgrades/Mods/Warframe/AvatarEnemyRadarMod),,,,,,,,,
Shock (AIWeek/GrineerMeleeStaffLeader),Common Fusion Core (/Lotus/Upgrades/Mods/Fusers/CommonModFuser),Rare Fusion Core (/Lotus/Upgrades/Mods/Fusers/RareModFuser),Uncommon Fusion Core (/Lotus/Upgrades/Mods/Fusers/UncommonModFuser),Trick Mag (/Lotus/Upgrades/Mods/Pistol/WeaponAmmoMaxMod),Rifle Aptitude (/Lotus/Upgrades/Mods/Rifle/WeaponStunChanceMod),Cleanse Corpus (/Lotus/Upgrades/Mods/Shotgun/WeaponShotgunFactionDamageCorpus),Flame Repellent (/Lotus/Upgrades/Mods/Warframe/AvatarDamageResistanceFire),Enemy Sense (/Lotus/Upgrades/Mods/Warframe/AvatarEnemyRadarMod),,,,,,,,,
Shockwave Moa (BipedRobot/AIWeek/ShockwaveBiped),Common Fusion Core (/Lotus/Upgrades/Mods/Fusers/CommonModFuser),Rare Fusion Core (/Lotus/Upgrades/Mods/Fusers/RareModFuser),Trick Mag (/Lotus/Upgrades/Mods/Pistol/WeaponAmmoMaxMod),Piercing Hit (/Lotus/Upgrades/Mods/Rifle/WeaponArmorPiercingDamageMod),Cryo Rounds (/Lotus/Upgrades/Mods/Rifle/WeaponFreezeDamageMod),Stretch (/Lotus/Upgrades/Mods/Warframe/AvatarAbilityRangeMod),Pointed Wind (/Lotus/Weapons/Tenno/Melee/MeleeTrees/DaggerCmbTwoMeleeTree),,,,,,,,,,
Sniper Crewman (Spaceman/AIWeek/SniperSpaceman),Warrior (/Lotus/Types/Sentinels/SentinelPrecepts/Warrior),Rare Fusion Core (/Lotus/Upgrades/Mods/Fusers/RareModFuser),Uncommon Fusion Core (/Lotus/Upgrades/Mods/Fusers/UncommonModFuser),Ravage (/Lotus/Upgrades/Mods/Shotgun/WeaponCritDamageMod),Incendiary Coat (/Lotus/Upgrades/Mods/Shotgun/WeaponFireDamageMod),Stalking Fan (/Lotus/Weapons/Tenno/Melee/MeleeTrees/ScytheCmbTwoMeleeTree),,,,,,,,,,,
Sprag (AIWeek/JetpackMelee),Common Fusion Core (/Lotus/Upgrades/Mods/Fusers/CommonModFuser),Rare Fusion Core (/Lotus/Upgrades/Mods/Fusers/RareModFuser),Organ Shatter (/Lotus/Upgrades/Mods/Melee/WeaponCritDamageMod),Stormbringer (/Lotus/Upgrades/Mods/Rifle/WeaponElectricityDamageMod),Continuous Misery (/Lotus/Upgrades/Mods/Rifle/WeaponProcTimeMod),Terminal Velocity (/Lotus/Upgrades/Mods/Rifle/WeaponProjectileSpeedMod),,,,,,,,,,,
Stalker (Stalker/Stalker),Rare Fusion Core (/Lotus/Upgrades/Mods/Fusers/RareModFuser),Molten Impact (/Lotus/Upgrades/Mods/Melee/WeaponFireDamageMod),Energy Channel (/Lotus/Upgrades/Mods/Melee/WeaponPowerDamageMod),Intensify (/Lotus/Upgrades/Mods/Warframe/AvatarAbilityStrengthMod),Heavy Impact (/Lotus/Upgrades/Mods/Warframe/AvatarFallingImpactMod),Blind Justice (/Lotus/Weapons/Tenno/Melee/MeleeTrees/KatanaCmbThreeMeleeTree),,,,,,,,,,,
Swarm-Mutalist Moa (AiWeek/InfestedMoas/NaniteCloudBiped),Common Fusion Core (/Lotus/Upgrades/Mods/Fusers/CommonModFuser),Rare Fusion Core (/Lotus/Upgrades/Mods/Fusers/RareModFuser),Uncommon Fusion Core (/Lotus/Upgrades/Mods/Fusers/UncommonModFuser),Seeker (/Lotus/Upgrades/Mods/Pistol/WeaponPunctureDepthMod),Lightning Rod (/Lotus/Upgrades/Mods/Warframe/AvatarDamageResistanceElectricity),Flame Repellent (/Lotus/Upgrades/Mods/Warframe/AvatarDamageResistanceFire),,,,,,,,,,,
Tar-Mutalist Moa (AiWeek/InfestedMoas/SlowBombBiped),Rare Fusion Core (/Lotus/Upgrades/Mods/Fusers/RareModFuser),Lasting Sting (/Lotus/Upgrades/Mods/Melee/WeaponProcTimeMod),Expel Infested (/Lotus/Upgrades/Mods/Pistol/WeaponPistolFactionDamageInfested),Flechette (/Lotus/Upgrades/Mods/Shotgun/WeaponArmorPiercingDamageMod),Redirection (/Lotus/Upgrades/Mods/Warframe/AvatarShieldMaxMod),Cleaving Whirlwind (/Lotus/Weapons/Tenno/Melee/MeleeTrees/AxeCmbTwoMeleeTree),,,,,,,,,,,
Temporal Dreg (SpaceBattles/Drones/StasisDrone),Extend (/Lotus/Upgrades/Mods/Archwing/Melee/ArchwingMeleeRangeIncMod),Parallax Scope (/Lotus/Upgrades/Mods/Archwing/Rifle/ArchwingRifleCritChanceMod),Polar Magazine (/Lotus/Upgrades/Mods/Archwing/Rifle/ArchwingWeaponFreezeDamageMod),Morphic Transformer (/Lotus/Upgrades/Mods/Archwing/Suit/ArchwingSuitAbilityStrengthMod),Common Fusion Core (/Lotus/Upgrades/Mods/Fusers/CommonModFuser),Uncommon Fusion Core (/Lotus/Upgrades/Mods/Fusers/UncommonModFuser),,,,,,,,,,,
Toxic Ancient (AiWeek/Ancients/ToxicAncient),Common Fusion Core (/Lotus/Upgrades/Mods/Fusers/CommonModFuser),Uncommon Fusion Core (/Lotus/Upgrades/Mods/Fusers/UncommonModFuser),Organ Shatter (/Lotus/Upgrades/Mods/Melee/WeaponCritDamageMod),Slip Magazine (/Lotus/Upgrades/Mods/Pistol/WeaponClipMaxMod),Hornet Strike (/Lotus/Upgrades/Mods/Pistol/WeaponDamageAmountMod),Firestorm (/Lotus/Upgrades/Mods/Rifle/WeaponIncreaseRadialExplosionMod),Fast Deflection (/Lotus/Upgrades/Mods/Sentinel/SentinelShieldRechargeRateMod),Shredder (/Lotus/Upgrades/Mods/Shotgun/WeaponSlashDamageMod),Warm Coat (/Lotus/Upgrades/Mods/Warframe/AvatarMissionSpecificResistanceIce),Brutal Tide (/Lotus/Weapons/Tenno/Melee/MeleeTrees/PunchKickCmbTwoMeleeTree),,,,,,,
Toxic Crawler (AiWeek/Crawlers/NoxiousCrawler),Common Fusion Core (/Lotus/Upgrades/Mods/Fusers/CommonModFuser),Rare Fusion Core (/Lotus/Upgrades/Mods/Fusers/RareModFuser),Uncommon Fusion Core (/Lotus/Upgrades/Mods/Fusers/UncommonModFuser),Pressure Point (/Lotus/Upgrades/Mods/Melee/WeaponMeleeDamageMod),Trick Mag (/Lotus/Upgrades/Mods/Pistol/WeaponAmmoMaxMod),Blunderbuss (/Lotus/Upgrades/Mods/Shotgun/WeaponCritChanceMod),Heavy Impact (/Lotus/Upgrades/Mods/Warframe/AvatarFallingImpactMod),,,,,,,,,,
Trooper (AIWeek/ShotgunLancer),Rare Fusion Core (/Lotus/Upgrades/Mods/Fusers/RareModFuser),Shocking Touch (/Lotus/Upgrades/Mods/Melee/WeaponElectricityDamageMod),Melee Prowess (/Lotus/Upgrades/Mods/Melee/WeaponStunChanceMod),Pistol Gambit (/Lotus/Upgrades/Mods/Pistol/WeaponCritChanceMod),Disruptor (/Lotus/Upgrades/Mods/Shotgun/WeaponImpactDamageMod),Lingering Torment (/Lotus/Upgrades/Mods/Shotgun/WeaponProcTimeMod),Sundering Weave (/Lotus/Weapons/Tenno/Melee/MeleeTrees/MacheteCmbOneMeleeTree),,,,,,,,,,
Tyl Regor (Vip/NinjaLeader),True Steel (/Lotus/Upgrades/Mods/Melee/WeaponCritChanceMod),Shocking Touch (/Lotus/Upgrades/Mods/Melee/WeaponElectricityDamageMod),Lethal Momentum (/Lotus/Upgrades/Mods/Pistol/WeaponProjectileSpeedMod),Cryo Rounds (/Lotus/Upgrades/Mods/Rifle/WeaponFreezeDamageMod),Steel Fiber (/Lotus/Upgrades/Mods/Warframe/AvatarArmourMod),Vitality (/Lotus/Upgrades/Mods/Warframe/AvatarHealthMaxMod),,,,,,,,,,,
Vay Hek Terra Frame (Vip/Hek/HekBiped),Common Fusion Core (/Lotus/Upgrades/Mods/Fusers/CommonModFuser),Rare Fusion Core (/Lotus/Upgrades/Mods/Fusers/RareModFuser),Uncommon Fusion Core (/Lotus/Upgrades/Mods/Fusers/UncommonModFuser),Molten Impact (/Lotus/Upgrades/Mods/Melee/WeaponFireDamageMod),Killing Blow (/Lotus/Upgrades/Mods/Melee/WeaponMeleeHeavyDamageMod),Energy Channel (/Lotus/Upgrades/Mods/Melee/WeaponPowerDamageMod),Cryo Rounds (/Lotus/Upgrades/Mods/Rifle/WeaponFreezeDamageMod),Stretch (/Lotus/Upgrades/Mods/Warframe/AvatarAbilityRangeMod),,,,,,,,,
Vem Tabook (DeathSquad/DeathSquadA),Rare Fusion Core (/Lotus/Upgrades/Mods/Fusers/RareModFuser),Barrel Diffusion (/Lotus/Upgrades/Mods/Pistol/WeaponFireIterationsMod),Split Chamber (/Lotus/Upgrades/Mods/Rifle/WeaponFireIterationsMod),Hell's Chamber (/Lotus/Upgrades/Mods/Shotgun/WeaponFireIterationsMod),Natural Talent (/Lotus/Upgrades/Mods/Warframe/AvatarCastingSpeedMod),,,,,,,,,,,,
Ven'kra Tel (AIWeek/JetpackSniper),Common Fusion Core (/Lotus/Upgrades/Mods/Fusers/CommonModFuser),Rare Fusion Core (/Lotus/Upgrades/Mods/Fusers/RareModFuser),Organ Shatter (/Lotus/Upgrades/Mods/Melee/WeaponCritDamageMod),Stormbringer (/Lotus/Upgrades/Mods/Rifle/WeaponElectricityDamageMod),Continuous Misery (/Lotus/Upgrades/Mods/Rifle/WeaponProcTimeMod),Terminal Velocity (/Lotus/Upgrades/Mods/Rifle/WeaponProjectileSpeedMod),,,,,,,,,,,
Volatile Runner (AiWeek/Runners/SuicideRunner),Ghost (/Lotus/Types/Sentinels/SentinelPrecepts/Ghost),Common Fusion Core (/Lotus/Upgrades/Mods/Fusers/CommonModFuser),Rare Fusion Core (/Lotus/Upgrades/Mods/Fusers/RareModFuser),Sundering Strike (/Lotus/Upgrades/Mods/Melee/WeaponArmorPiercingDamageMod),Reach (/Lotus/Upgrades/Mods/Melee/WeaponMeleeRangeIncMod),Concussion Rounds (/Lotus/Upgrades/Mods/Pistol/WeaponImpactDamageMod),Point Blank (/Lotus/Upgrades/Mods/Shotgun/WeaponDamageAmountMod),,,,,,,,,,
Vor (Vip/VorTwo/VorTwoBoss),Virulent Scourge (/Lotus/Upgrades/Mods/Melee/DualStat/PoisonEventMeleeMod),Pistol Pestilence (/Lotus/Upgrades/Mods/Pistol/DualStat/PoisonEventPistolMod),Malignant Force (/Lotus/Upgrades/Mods/Rifle/DualStat/PoisonEventRifleMod),Toxic Barrage (/Lotus/Upgrades/Mods/Shotgun/DualStat/PoisonEventShotgunMod),,,,,,,,,,,,,
