Mod,Drop Locations,,,,,,,,,,,,,,,,,,,,,,,,,,,,,,,,,,,,,,,,,,,,,,,,,,,,,,,,,,,,,,,,,,,,,,,,,,,
Abating Link (/Lotus/Powersuits/Trinity/LinkAugmentCard),,,,,,,,,,,,,,,,,,,,,,,,,,,,,,,,,,,,,,,,,,,,,,,,,,,,,,,,,,,,,,,,,,,,,,,,,,,,
Accelerated Blast (/Lotus/Upgrades/Mods/Shotgun/DualStat/AcceleratedBlastMod),,,,,,,,,,,,,,,,,,,,,,,,,,,,,,,,,,,,,,,,,,,,,,,,,,,,,,,,,,,,,,,,,,,,,,,,,,,,
Acrobat (/Lotus/Upgrades/Mods/Warframe/AvatarStaminaCostMultiplierMod),Railgun Moa (BipedRobot/AIWeek/RailgunBiped),,,,,,,,,,,,,,,,,,,,,,,,,,,,,,,,,,,,,,,,,,,,,,,,,,,,,,,,,,,,,,,,,,,,,,,,,,,
Ammo Drum (/Lotus/Upgrades/Mods/Rifle/WeaponAmmoMaxMod),Moa (BipedRobot/AIWeek/LaserCannonBiped),Corpus Power Carrier (Spaceman/AIWeek/CarrierSpaceman),Crewman (Spaceman/AIWeek/RifleSpaceman),Grineer Power Carrier (AIWeek/CarrierRifleLancer),Hellion Power Carrier (AIWeek/JetpackMarineCarrier),,,,,,,,,,,,,,,,,,,,,,,,,,,,,,,,,,,,,,,,,,,,,,,,,,,,,,,,,,,,,,,,,,,,,,,
Ammo Stock (/Lotus/Upgrades/Mods/Shotgun/WeaponClipMaxMod),Napalm (AIWeek/IncendiaryBombard),,,,,,,,,,,,,,,,,,,,,,,,,,,,,,,,,,,,,,,,,,,,,,,,,,,,,,,,,,,,,,,,,,,,,,,,,,,
Anemic Agility (/Lotus/Upgrades/Mods/Pistol/DualStat/CorruptedFireRateDamagePistol),Ballista (AIWeek/FemaleGrineer),,,,,,,,,,,,,,,,,,,,,,,,,,,,,,,,,,,,,,,,,,,,,,,,,,,,,,,,,,,,,,,,,,,,,,,,,,,
Antimatter Absorb (/Lotus/Powersuits/AntiMatter/AntiMatterDropAugmentCard),,,,,,,,,,,,,,,,,,,,,,,,,,,,,,,,,,,,,,,,,,,,,,,,,,,,,,,,,,,,,,,,,,,,,,,,,,,,
Antitoxin (/Lotus/Upgrades/Mods/Warframe/AvatarDamageResistancePoison),Fusion Moa (BipedRobot/AIWeek/SuperMoaBiped),,,,,,,,,,,,,,,,,,,,,,,,,,,,,,,,,,,,,,,,,,,,,,,,,,,,,,,,,,,,,,,,,,,,,,,,,,,
Argon Plating (/Lotus/Upgrades/Mods/Archwing/Suit/ArchwingSuitArmourMod),Carrier (SpaceBattles/Ships/SwarmShip),Dreg (SpaceBattles/Drones/GrineerSpaceDrone),,,,,,,,,,,,,,,,,,,,,,,,,,,,,,,,,,,,,,,,,,,,,,,,,,,,,,,,,,,,,,,,,,,,,,,,,,
Arrow Mutation (/Lotus/Upgrades/Mods/Rifle/WeaponBowConvertAmmoMod),,,,,,,,,,,,,,,,,,,,,,,,,,,,,,,,,,,,,,,,,,,,,,,,,,,,,,,,,,,,,,,,,,,,,,,,,,,,
Automatic Trigger (/Lotus/Upgrades/Mods/Archwing/Rifle/ArchwingRifleFireRateMod),Carrier (SpaceBattles/Ships/SwarmShip),,,,,,,,,,,,,,,,,,,,,,,,,,,,,,,,,,,,,,,,,,,,,,,,,,,,,,,,,,,,,,,,,,,,,,,,,,,
Auxiliary Power (/Lotus/Upgrades/Mods/Archwing/Suit/ArchwingSuitPowerMaxMod),Shield Dargyn (SpaceBattles/Skiffs/ShieldSkiff),,,,,,,,,,,,,,,,,,,,,,,,,,,,,,,,,,,,,,,,,,,,,,,,,,,,,,,,,,,,,,,,,,,,,,,,,,,
Ballistic Bullseye (/Lotus/Powersuits/Cowgirl/BallisticBatteryAugmentCard),,,,,,,,,,,,,,,,,,,,,,,,,,,,,,,,,,,,,,,,,,,,,,,,,,,,,,,,,,,,,,,,,,,,,,,,,,,,
Bane Of Corpus (/Lotus/Upgrades/Mods/Rifle/WeaponFactionDamageCorpus),Crawler (AiWeek/Crawlers/Crawler),,,,,,,,,,,,,,,,,,,,,,,,,,,,,,,,,,,,,,,,,,,,,,,,,,,,,,,,,,,,,,,,,,,,,,,,,,,
Bane Of Grineer (/Lotus/Upgrades/Mods/Rifle/WeaponFactionDamageGrineer),Scorch (AIWeek/FlameLancer),,,,,,,,,,,,,,,,,,,,,,,,,,,,,,,,,,,,,,,,,,,,,,,,,,,,,,,,,,,,,,,,,,,,,,,,,,,
Bane Of Infested (/Lotus/Upgrades/Mods/Rifle/WeaponFactionDamageInfested),Powerfist (AIWeek/PistonSawman),,,,,,,,,,,,,,,,,,,,,,,,,,,,,,,,,,,,,,,,,,,,,,,,,,,,,,,,,,,,,,,,,,,,,,,,,,,
Barrel Diffusion (/Lotus/Upgrades/Mods/Pistol/WeaponFireIterationsMod),Vem Tabook (DeathSquad/DeathSquadA),Leekter (DeathSquad/DeathSquadB),Shik Tal (DeathSquad/DeathSquadC),Arid Seeker (Desert/GrineerMarinePistol),Frontier Seeker (Forest/GrineerMarinePistol),Seeker (GrineerMarinePistol),,,,,,,,,,,,,,,,,,,,,,,,,,,,,,,,,,,,,,,,,,,,,,,,,,,,,,,,,,,,,,,,,,,,,,
Berserker (/Lotus/Upgrades/Mods/Melee/WeaponCritFireRateBonusMod),Corrupted Ancient (OrokinHealingAncient),,,,,,,,,,,,,,,,,,,,,,,,,,,,,,,,,,,,,,,,,,,,,,,,,,,,,,,,,,,,,,,,,,,,,,,,,,,
Bite (/Lotus/Upgrades/Mods/Sentinel/Kubrow/KubrowCritMod),Drahk (AIWeek/CombatKubrow),Kubrow (/Lotus/Types/NeutralCreatures/Kubrow/Kubrow),,,,,,,,,,,,,,,,,,,,,,,,,,,,,,,,,,,,,,,,,,,,,,,,,,,,,,,,,,,,,,,,,,,,,,,,,,
Blade Of Truth (/Lotus/Upgrades/Mods/Syndicate/JawSwordMod),,,,,,,,,,,,,,,,,,,,,,,,,,,,,,,,,,,,,,,,,,,,,,,,,,,,,,,,,,,,,,,,,,,,,,,,,,,,
Blaze (/Lotus/Upgrades/Mods/Shotgun/DualStat/BlazeMod),,,,,,,,,,,,,,,,,,,,,,,,,,,,,,,,,,,,,,,,,,,,,,,,,,,,,,,,,,,,,,,,,,,,,,,,,,,,
Blazing Steel (/Lotus/Upgrades/Mods/Archwing/Melee/ArchwingWeaponFireDamageMod),Shield-Hellion Dargyn (SpaceBattles/Skiffs/MissileShieldSkiff),,,,,,,,,,,,,,,,,,,,,,,,,,,,,,,,,,,,,,,,,,,,,,,,,,,,,,,,,,,,,,,,,,,,,,,,,,,
Bleeding Edge (/Lotus/Upgrades/Mods/Archwing/Melee/ArchwingMeleeCritDamageMod),Dargyn (SpaceBattles/Skiffs/GrineerSpaceMarine),Shield-Hellion Dargyn (SpaceBattles/Skiffs/MissileShieldSkiff),,,,,,,,,,,,,,,,,,,,,,,,,,,,,,,,,,,,,,,,,,,,,,,,,,,,,,,,,,,,,,,,,,,,,,,,,,
Bleeding Willow (/Lotus/Weapons/Tenno/Melee/MeleeTrees/PolearmCmbTwoMeleeTree),Corrupted Moa (OrokinMoaBiped),,,,,,,,,,,,,,,,,,,,,,,,,,,,,,,,,,,,,,,,,,,,,,,,,,,,,,,,,,,,,,,,,,,,,,,,,,,
Blind Justice (/Lotus/Weapons/Tenno/Melee/MeleeTrees/KatanaCmbThreeMeleeTree),Stalker (Stalker/Stalker),,,,,,,,,,,,,,,,,,,,,,,,,,,,,,,,,,,,,,,,,,,,,,,,,,,,,,,,,,,,,,,,,,,,,,,,,,,
Blind Rage (/Lotus/Upgrades/Mods/Warframe/DualStat/CorruptedPowerEfficiencyWarframe),,,,,,,,,,,,,,,,,,,,,,,,,,,,,,,,,,,,,,,,,,,,,,,,,,,,,,,,,,,,,,,,,,,,,,,,,,,,
Blunderbuss (/Lotus/Upgrades/Mods/Shotgun/WeaponCritChanceMod),Jackal (QuadRobot/QuadRobot),Heavy Gunner (AIWeek/HeavyFemaleGrineer),Arid Butcher (Desert/BladeSawman),Arid Heavy Gunner (Desert/HeavyFemaleGrineerDesert),Frontier Butcher (Forest/BladeSawman),Grineer Warden (Gamemodes/WardenGrineerHeavy),Grineer Warden (Gamemodes/WardenGrineerHeavyLeader),Commander (GrineerMarineLeader),Lobber Crawler (AiWeek/Crawlers/Grenade),Toxic Crawler (AiWeek/Crawlers/NoxiousCrawler),,,,,,,,,,,,,,,,,,,,,,,,,,,,,,,,,,,,,,,,,,,,,,,,,,,,,,,,,,,,,,,,,,
Bright Purity (/Lotus/Upgrades/Mods/Syndicate/SkanaMod),,,,,,,,,,,,,,,,,,,,,,,,,,,,,,,,,,,,,,,,,,,,,,,,,,,,,,,,,,,,,,,,,,,,,,,,,,,,
Brutal Tide (/Lotus/Weapons/Tenno/Melee/MeleeTrees/PunchKickCmbTwoMeleeTree),Boiler (AiWeek/Ancients/SpawningAncient),Toxic Ancient (AiWeek/Ancients/ToxicAncient),,,,,,,,,,,,,,,,,,,,,,,,,,,,,,,,,,,,,,,,,,,,,,,,,,,,,,,,,,,,,,,,,,,,,,,,,,
Burdened Magazine (/Lotus/Upgrades/Mods/Shotgun/DualStat/CorruptedMaxClipReloadSpeedShotgun),,,,,,,,,,,,,,,,,,,,,,,,,,,,,,,,,,,,,,,,,,,,,,,,,,,,,,,,,,,,,,,,,,,,,,,,,,,,
Burning Wasp (/Lotus/Weapons/Tenno/Melee/MeleeTrees/WhipCmbOneMeleeTree),Corrupted Lancer (RifleLancer),,,,,,,,,,,,,,,,,,,,,,,,,,,,,,,,,,,,,,,,,,,,,,,,,,,,,,,,,,,,,,,,,,,,,,,,,,,
Charged Chamber (/Lotus/Upgrades/Mods/Rifle/SniperReloadDamageMod),Railgun Moa (BipedRobot/AIWeek/RailgunBiped),,,,,,,,,,,,,,,,,,,,,,,,,,,,,,,,,,,,,,,,,,,,,,,,,,,,,,,,,,,,,,,,,,,,,,,,,,,
Charged Shell (/Lotus/Upgrades/Mods/Shotgun/WeaponElectricityDamageMod),Corpus Warden (Gamemodes/DeployableSpacemanWarden),Corpus Warden (Gamemodes/DeployableSpacemanWardenLeader),Corpus Tech (Spaceman/AIWeek/DeployableSpaceman),,,,,,,,,,,,,,,,,,,,,,,,,,,,,,,,,,,,,,,,,,,,,,,,,,,,,,,,,,,,,,,,,,,,,,,,,
Chilling Grasp (/Lotus/Upgrades/Mods/Shotgun/WeaponFreezeDamageMod),Prod Crewman (Spaceman/AIWeek/MeleeSpaceman),,,,,,,,,,,,,,,,,,,,,,,,,,,,,,,,,,,,,,,,,,,,,,,,,,,,,,,,,,,,,,,,,,,,,,,,,,,
Clashing Forest (/Lotus/Weapons/Tenno/Melee/MeleeTrees/StaffCmbOneMeleeTree),Corrupted Ancient (OrokinHealingAncient),,,,,,,,,,,,,,,,,,,,,,,,,,,,,,,,,,,,,,,,,,,,,,,,,,,,,,,,,,,,,,,,,,,,,,,,,,,
Cleanse Corpus (/Lotus/Upgrades/Mods/Shotgun/WeaponShotgunFactionDamageCorpus),Flameblade (AIWeek/BlowtorchSawman),Shock (AIWeek/DeltaProsecutorLeader),Shock (AIWeek/GrineerMeleeStaffLeader),,,,,,,,,,,,,,,,,,,,,,,,,,,,,,,,,,,,,,,,,,,,,,,,,,,,,,,,,,,,,,,,,,,,,,,,,
Cleanse Grineer (/Lotus/Upgrades/Mods/Shotgun/WeaponShotgunFactionDamageGrineer),Corpus Warden (Gamemodes/DeployableSpacemanWarden),Corpus Warden (Gamemodes/DeployableSpacemanWardenLeader),Corpus Tech (Spaceman/AIWeek/DeployableSpaceman),,,,,,,,,,,,,,,,,,,,,,,,,,,,,,,,,,,,,,,,,,,,,,,,,,,,,,,,,,,,,,,,,,,,,,,,,
Cleanse Infested (/Lotus/Upgrades/Mods/Shotgun/WeaponShotgunFactionDamageInfested),Leaper (AiWeek/Runners/LeapingRunner),,,,,,,,,,,,,,,,,,,,,,,,,,,,,,,,,,,,,,,,,,,,,,,,,,,,,,,,,,,,,,,,,,,,,,,,,,,
Cleaving Whirlwind (/Lotus/Weapons/Tenno/Melee/MeleeTrees/AxeCmbTwoMeleeTree),Ancient Disruptor (AiWeek/Ancients/Ancient),Tar-Mutalist Moa (AiWeek/InfestedMoas/SlowBombBiped),,,,,,,,,,,,,,,,,,,,,,,,,,,,,,,,,,,,,,,,,,,,,,,,,,,,,,,,,,,,,,,,,,,,,,,,,,
Coiling Viper (/Lotus/Weapons/Tenno/Melee/MeleeTrees/WhipCmbTwoMeleeTree),Corrupted Crewman (RifleSpaceman),,,,,,,,,,,,,,,,,,,,,,,,,,,,,,,,,,,,,,,,,,,,,,,,,,,,,,,,,,,,,,,,,,,,,,,,,,,
Combustion Rounds (/Lotus/Upgrades/Mods/Archwing/Rifle/ArchwingWeaponFireDamageMod),Dreg (SpaceBattles/Drones/GrineerSpaceDrone),,,,,,,,,,,,,,,,,,,,,,,,,,,,,,,,,,,,,,,,,,,,,,,,,,,,,,,,,,,,,,,,,,,,,,,,,,,
Common Fusion Core (/Lotus/Upgrades/Mods/Fusers/CommonModFuser),Moa (BipedRobot/AIWeek/LaserCannonBiped),Railgun Moa (BipedRobot/AIWeek/RailgunBiped),Shockwave Moa (BipedRobot/AIWeek/ShockwaveBiped),Fusion Moa (BipedRobot/AIWeek/SuperMoaBiped),Sapping Osprey (Drones/AIWeek/DiscDrone),Leech Osprey (Drones/AIWeek/LeechDrone),Mine Osprey (Drones/AIWeek/MineDrone),Shield Osprey (Drones/AIWeek/ShieldDrone),Oxium Osprey (Drones/AIWeek/SuicideDrone),Attack Drone (Drones/DroneDroneAttack),Corpus Warden (Gamemodes/DeployableSpacemanWarden),Corpus Warden (Gamemodes/DeployableSpacemanWardenLeader),Lynx (QuadRobot/MiniBoss/QuadRobotMiniBoss),Lynx Osprey (QuadRobot/MiniBoss/ShieldDroneMiniBoss),Lynx Turret (QuadRobot/MiniBoss/TurretQuadMiniBoss),Corpus Power Carrier (Spaceman/AIWeek/CarrierSpaceman),Corpus Tech (Spaceman/AIWeek/DeployableSpaceman),Prod Crewman (Spaceman/AIWeek/MeleeSpaceman),Crewman (Spaceman/AIWeek/RifleSpaceman),Crewman (Spaceman/AIWeek/ShotgunSpaceman),Elite Crewman (Spaceman/EliteSpaceman),Drahk Master (AIWeek/BeastMaster),Butcher (AIWeek/BladeSawman),Flameblade (AIWeek/BlowtorchSawman),Grineer Power Carrier (AIWeek/CarrierRifleLancer),Shock (AIWeek/DeltaProsecutorLeader),Ballista (AIWeek/FemaleGrineer),Scorch (AIWeek/FlameLancer),Guardsman (AIWeek/GrineerMeleeStaff),Shock (AIWeek/GrineerMeleeStaffLeader),Heavy Gunner (AIWeek/HeavyFemaleGrineer),Hellion Power Carrier (AIWeek/JetpackMarineCarrier),Scorpion (AIWeek/MacheteWoman),Bombard (AIWeek/RocketBombard),Roller (AIWeek/RollingDrone),Shield Lancer (AIWeek/ShieldLancer),Arid Heavy Gunner (Desert/HeavyFemaleGrineerDesert),Grineer Warden (Gamemodes/WardenGrineerHeavy),Grineer Warden (Gamemodes/WardenGrineerHeavyLeader),Frontier Regulator (SpecialEvents/ForestDrone),Regulator (SpecialEvents/SurveillanceDrone),Vay Hek Terra Frame (Vip/Hek/HekBiped),Councilor Vay Hek (Vip/Hek/HekDrone),Ancient Healer (AiWeek/Ancients/HealingAncient),Boiler (AiWeek/Ancients/SpawningAncient),Toxic Ancient (AiWeek/Ancients/ToxicAncient),Crawler (AiWeek/Crawlers/Crawler),Nauseous Crawler (AiWeek/Crawlers/GraspingCrawler),Lobber Crawler (AiWeek/Crawlers/Grenade),Toxic Crawler (AiWeek/Crawlers/NoxiousCrawler),Mutalist-Osprey (AiWeek/InfestedDrones/PoisonDrone),Swarm-Mutalist Moa (AiWeek/InfestedMoas/NaniteCloudBiped),Charger (AiWeek/Quadrupeds/Quadruped),Leaper (AiWeek/Runners/LeapingRunner),Volatile Runner (AiWeek/Runners/SuicideRunner),Corrupted Ancient (OrokinHealingAncient),Corrupted Moa (OrokinMoaBiped),Orokin Drone (OrokinShieldDrone),Corrupted Crewman (RifleSpaceman),Ranger (SpaceBattles/CrewMan/JetpackMarine),Quanta Ranger (SpaceBattles/CrewMan/JetpackMarineThree),Penta Ranger (SpaceBattles/CrewMan/JetpackMarineTwo),Locust Drone (SpaceBattles/Drones/SwarmDrone),Gox (SpaceBattles/Ships/CrpPod),Corvette (SpaceBattles/Ships/FlakShip),Frigate (SpaceBattles/Ships/LaserShip),Carrier (SpaceBattles/Ships/SwarmShip),Attack Drone (SpaceBattles/CrpSpaceDroneAttack),Dreg (SpaceBattles/Drones/GrineerSpaceDrone),Lancer Dreg (SpaceBattles/Drones/LaserDrone),Temporal Dreg (SpaceBattles/Drones/StasisDrone),Ogma (SpaceBattles/Pods/CombatPod),Dargyn (SpaceBattles/Skiffs/GrineerSpaceMarine),Shield-Hellion Dargyn (SpaceBattles/Skiffs/MissileShieldSkiff),Hellion Dargyn (SpaceBattles/Skiffs/MissileSkiff),Shield Dargyn (SpaceBattles/Skiffs/ShieldSkiff)
Concussion Rounds (/Lotus/Upgrades/Mods/Pistol/WeaponImpactDamageMod),Crewman (Spaceman/AIWeek/ShotgunSpaceman),Volatile Runner (AiWeek/Runners/SuicideRunner),,,,,,,,,,,,,,,,,,,,,,,,,,,,,,,,,,,,,,,,,,,,,,,,,,,,,,,,,,,,,,,,,,,,,,,,,,
Constitution (/Lotus/Upgrades/Mods/Warframe/DualStat/ConstitutionMod),,,,,,,,,,,,,,,,,,,,,,,,,,,,,,,,,,,,,,,,,,,,,,,,,,,,,,,,,,,,,,,,,,,,,,,,,,,,
Contagious Spread (/Lotus/Upgrades/Mods/Shotgun/WeaponToxinDamageMod),Scavenger Drone (Drones/AIWeek/VacDrone),Electric Crawler (AiWeek/Crawlers/Lightning),,,,,,,,,,,,,,,,,,,,,,,,,,,,,,,,,,,,,,,,,,,,,,,,,,,,,,,,,,,,,,,,,,,,,,,,,,
Continuity (/Lotus/Upgrades/Mods/Warframe/AvatarAbilityDurationMod),General Sargas Ruk (Vip/SargasRuk/SargasRukNew),,,,,,,,,,,,,,,,,,,,,,,,,,,,,,,,,,,,,,,,,,,,,,,,,,,,,,,,,,,,,,,,,,,,,,,,,,,
Continuous Misery (/Lotus/Upgrades/Mods/Rifle/WeaponProcTimeMod),,,,,,,,,,,,,,,,,,,,,,,,,,,,,,,,,,,,,,,,,,,,,,,,,,,,,,,,,,,,,,,,,,,,,,,,,,,,
Convulsion (/Lotus/Upgrades/Mods/Pistol/WeaponElectricityDamageMod),Oxium Osprey (Drones/AIWeek/SuicideDrone),Attack Drone (Drones/DroneDroneAttack),Frontier Regulator (SpecialEvents/ForestDrone),Regulator (SpecialEvents/SurveillanceDrone),Charger (AiWeek/Quadrupeds/Quadruped),,,,,,,,,,,,,,,,,,,,,,,,,,,,,,,,,,,,,,,,,,,,,,,,,,,,,,,,,,,,,,,,,,,,,,,
Coolant Leak (/Lotus/Types/Sentinels/SentinelPrecepts/CoolantLeak),Orokin Drone (OrokinShieldDrone),,,,,,,,,,,,,,,,,,,,,,,,,,,,,,,,,,,,,,,,,,,,,,,,,,,,,,,,,,,,,,,,,,,,,,,,,,,
Corrosive Projection (/Lotus/Upgrades/Mods/Aura/EnemyArmorReductionAuraMod),,,,,,,,,,,,,,,,,,,,,,,,,,,,,,,,,,,,,,,,,,,,,,,,,,,,,,,,,,,,,,,,,,,,,,,,,,,,
Corrupt Charge (/Lotus/Upgrades/Mods/Melee/DualStat/CorruptedHeavyDamageChargeSpeedMod),,,,,,,,,,,,,,,,,,,,,,,,,,,,,,,,,,,,,,,,,,,,,,,,,,,,,,,,,,,,,,,,,,,,,,,,,,,,
Creeping Bullseye (/Lotus/Upgrades/Mods/Pistol/DualStat/CorruptedCritChanceFireRatePistol),,,,,,,,,,,,,,,,,,,,,,,,,,,,,,,,,,,,,,,,,,,,,,,,,,,,,,,,,,,,,,,,,,,,,,,,,,,,
Crimson Dervish (/Lotus/Weapons/Tenno/Melee/MeleeTrees/CrimsonDervishMeleeTree),Bombard (AIWeek/RocketBombard),,,,,,,,,,,,,,,,,,,,,,,,,,,,,,,,,,,,,,,,,,,,,,,,,,,,,,,,,,,,,,,,,,,,,,,,,,,
Critical Deceleration (/Lotus/Upgrades/Mods/Shotgun/DualStat/CorruptedCritChanceFireRateShotgun),,,,,,,,,,,,,,,,,,,,,,,,,,,,,,,,,,,,,,,,,,,,,,,,,,,,,,,,,,,,,,,,,,,,,,,,,,,,
Critical Delay (/Lotus/Upgrades/Mods/Rifle/DualStat/CorruptedCritRateFireRateRifle),,,,,,,,,,,,,,,,,,,,,,,,,,,,,,,,,,,,,,,,,,,,,,,,,,,,,,,,,,,,,,,,,,,,,,,,,,,,
Crossing Snakes (/Lotus/Weapons/Tenno/Melee/MeleeTrees/DualSwordCmbTwoMeleeTree),Elite Lancer (AIWeek/EliteRifleLancer),Elite Arid Lancer (Desert/EliteRifleLancer),Elite Frontier Lancer (Forest/EliteRifleLancer),,,,,,,,,,,,,,,,,,,,,,,,,,,,,,,,,,,,,,,,,,,,,,,,,,,,,,,,,,,,,,,,,,,,,,,,,
Crowd Dispersion (/Lotus/Types/Sentinels/SentinelPrecepts/CrowdDispersion),Sapping Osprey (Drones/AIWeek/DiscDrone),Leech Osprey (Drones/AIWeek/LeechDrone),,,,,,,,,,,,,,,,,,,,,,,,,,,,,,,,,,,,,,,,,,,,,,,,,,,,,,,,,,,,,,,,,,,,,,,,,,
Crushing Ruin (/Lotus/Weapons/Tenno/Melee/MeleeTrees/HammerCmbTwoMeleeTree),Arid Seeker (Desert/GrineerMarinePistol),Frontier Seeker (Forest/GrineerMarinePistol),Seeker (GrineerMarinePistol),,,,,,,,,,,,,,,,,,,,,,,,,,,,,,,,,,,,,,,,,,,,,,,,,,,,,,,,,,,,,,,,,,,,,,,,,
Cryo Rounds (/Lotus/Upgrades/Mods/Rifle/WeaponFreezeDamageMod),Shockwave Moa (BipedRobot/AIWeek/ShockwaveBiped),Lt Lech Kril (Vip/BossLechKril),Kela De Thaym (Vip/HeavyRocketFemale),Tyl Regor (Vip/NinjaLeader),Vay Hek Terra Frame (Vip/Hek/HekBiped),Councilor Vay Hek (Vip/Hek/HekDrone),Phorid (Vip/QuadrupedVIP),,,,,,,,,,,,,,,,,,,,,,,,,,,,,,,,,,,,,,,,,,,,,,,,,,,,,,,,,,,,,,,,,,,,,
Curative Undertow (/Lotus/Powersuits/Pirate/LiquifyAugmentCard),,,,,,,,,,,,,,,,,,,,,,,,,,,,,,,,,,,,,,,,,,,,,,,,,,,,,,,,,,,,,,,,,,,,,,,,,,,,
Cutting Edge (/Lotus/Upgrades/Mods/Archwing/Melee/ArchwingMeleeDamageMod),Ranger (SpaceBattles/CrewMan/JetpackMarine),Quanta Ranger (SpaceBattles/CrewMan/JetpackMarineThree),Penta Ranger (SpaceBattles/CrewMan/JetpackMarineTwo),Frigate (SpaceBattles/Ships/LaserShip),Dreg (SpaceBattles/Drones/GrineerSpaceDrone),Ogma (SpaceBattles/Pods/CombatPod),,,,,,,,,,,,,,,,,,,,,,,,,,,,,,,,,,,,,,,,,,,,,,,,,,,,,,,,,,,,,,,,,,,,,,
Dead Eye (/Lotus/Upgrades/Mods/Aura/PlayerSniperDamageAuraMod),,,,,,,,,,,,,,,,,,,,,,,,,,,,,,,,,,,,,,,,,,,,,,,,,,,,,,,,,,,,,,,,,,,,,,,,,,,,
Deadly Sequence (/Lotus/Upgrades/Mods/Syndicate/GrinlokMod),,,,,,,,,,,,,,,,,,,,,,,,,,,,,,,,,,,,,,,,,,,,,,,,,,,,,,,,,,,,,,,,,,,,,,,,,,,,
Decisive Judgement (/Lotus/Weapons/Tenno/Melee/MeleeTrees/KatanaCmbTwoMeleeTree),Heavy Gunner (AIWeek/HeavyFemaleGrineer),Arid Heavy Gunner (Desert/HeavyFemaleGrineerDesert),Grineer Warden (Gamemodes/WardenGrineerHeavy),Grineer Warden (Gamemodes/WardenGrineerHeavyLeader),,,,,,,,,,,,,,,,,,,,,,,,,,,,,,,,,,,,,,,,,,,,,,,,,,,,,,,,,,,,,,,,,,,,,,,,
Deep Freeze (/Lotus/Upgrades/Mods/Pistol/WeaponFreezeDamageMod),,,,,,,,,,,,,,,,,,,,,,,,,,,,,,,,,,,,,,,,,,,,,,,,,,,,,,,,,,,,,,,,,,,,,,,,,,,,
Despoil (/Lotus/Powersuits/Necro/SearchTheDeadAugmentCard),,,,,,,,,,,,,,,,,,,,,,,,,,,,,,,,,,,,,,,,,,,,,,,,,,,,,,,,,,,,,,,,,,,,,,,,,,,,
Diamond Skin (/Lotus/Upgrades/Mods/Warframe/AvatarDamageResistanceLaser),Sapping Osprey (Drones/AIWeek/DiscDrone),Leech Osprey (Drones/AIWeek/LeechDrone),Hellion (AIWeek/JetpackMarine),Lancer (AIWeek/RifleLancer),Arid Hellion (Desert/JetpackMarine),Arid Lancer (Desert/RifleLancer),Frontier Hellion (Forest/JetpackMarine),Frontier Lancer (Forest/RifleLancer),Frontier Heavy Gunner (Forest/HeavyFemaleGrineerDesert),,,,,,,,,,,,,,,,,,,,,,,,,,,,,,,,,,,,,,,,,,,,,,,,,,,,,,,,,,,,,,,,,,,
Dig (/Lotus/Types/Friendly/Pets/KubrowPetPrecepts/KubrowDigPrecept),Drahk (AIWeek/CombatKubrow),Kubrow (/Lotus/Types/NeutralCreatures/Kubrow/Kubrow),,,,,,,,,,,,,,,,,,,,,,,,,,,,,,,,,,,,,,,,,,,,,,,,,,,,,,,,,,,,,,,,,,,,,,,,,,
Disruptor (/Lotus/Upgrades/Mods/Shotgun/WeaponImpactDamageMod),Eviscerator (AIWeek/EviseratorLancer),Trooper (AIWeek/ShotgunLancer),Arid Eviscerator (Desert/EvisceratorLancer),Arid Trooper (Desert/ShotgunLancer),Frontier Eviscerator (Forest/EvisceratorLancer),Frontier Trooper (Forest/ShotgunLancer),,,,,,,,,,,,,,,,,,,,,,,,,,,,,,,,,,,,,,,,,,,,,,,,,,,,,,,,,,,,,,,,,,,,,,
Divebomb Vortex (/Lotus/Powersuits/Tengu/DiveBombAugmentCard),,,,,,,,,,,,,,,,,,,,,,,,,,,,,,,,,,,,,,,,,,,,,,,,,,,,,,,,,,,,,,,,,,,,,,,,,,,,
Dual Rounds (/Lotus/Upgrades/Mods/Archwing/Rifle/ArchwingRifleFireIterationsMod),Ogma (SpaceBattles/Pods/CombatPod),Shield-Hellion Dargyn (SpaceBattles/Skiffs/MissileShieldSkiff),,,,,,,,,,,,,,,,,,,,,,,,,,,,,,,,,,,,,,,,,,,,,,,,,,,,,,,,,,,,,,,,,,,,,,,,,,
Eagle Eye (/Lotus/Upgrades/Mods/Rifle/WeaponZoomFovMod),Crawler (AiWeek/Crawlers/Crawler),,,,,,,,,,,,,,,,,,,,,,,,,,,,,,,,,,,,,,,,,,,,,,,,,,,,,,,,,,,,,,,,,,,,,,,,,,,
Efficient Transferral (/Lotus/Upgrades/Mods/Archwing/Suit/ArchwingSuitAbilityDurationMod),Attack Drone (SpaceBattles/CrpSpaceDroneAttack),Dargyn (SpaceBattles/Skiffs/GrineerSpaceMarine),,,,,,,,,,,,,,,,,,,,,,,,,,,,,,,,,,,,,,,,,,,,,,,,,,,,,,,,,,,,,,,,,,,,,,,,,,
Electrified Barrel (/Lotus/Upgrades/Mods/Archwing/Rifle/ArchwingWeaponElectricityDamageMod),Lancer Dreg (SpaceBattles/Drones/LaserDrone),,,,,,,,,,,,,,,,,,,,,,,,,,,,,,,,,,,,,,,,,,,,,,,,,,,,,,,,,,,,,,,,,,,,,,,,,,,
Eleventh Storm (/Lotus/Weapons/Tenno/Melee/MeleeTrees/SwordShieldCmbOneMeleeTree),,,,,,,,,,,,,,,,,,,,,,,,,,,,,,,,,,,,,,,,,,,,,,,,,,,,,,,,,,,,,,,,,,,,,,,,,,,,
Enduring Strike (/Lotus/Upgrades/Mods/Melee/Channel/ChannelStatusMod),,,,,,,,,,,,,,,,,,,,,,,,,,,,,,,,,,,,,,,,,,,,,,,,,,,,,,,,,,,,,,,,,,,,,,,,,,,,
Enemy Radar (/Lotus/Upgrades/Mods/Aura/PlayerEnemyRadarAuraMod),,,,,,,,,,,,,,,,,,,,,,,,,,,,,,,,,,,,,,,,,,,,,,,,,,,,,,,,,,,,,,,,,,,,,,,,,,,,
Enemy Sense (/Lotus/Upgrades/Mods/Warframe/AvatarEnemyRadarMod),Flameblade (AIWeek/BlowtorchSawman),Shock (AIWeek/DeltaProsecutorLeader),Shock (AIWeek/GrineerMeleeStaffLeader),,,,,,,,,,,,,,,,,,,,,,,,,,,,,,,,,,,,,,,,,,,,,,,,,,,,,,,,,,,,,,,,,,,,,,,,,
Energy Amplifier (/Lotus/Upgrades/Mods/Archwing/Suit/ArchwingSuitAbilityRangeMod),Lancer Dreg (SpaceBattles/Drones/LaserDrone),Shield-Hellion Dargyn (SpaceBattles/Skiffs/MissileShieldSkiff),,,,,,,,,,,,,,,,,,,,,,,,,,,,,,,,,,,,,,,,,,,,,,,,,,,,,,,,,,,,,,,,,,,,,,,,,,
Energy Channel (/Lotus/Upgrades/Mods/Melee/WeaponPowerDamageMod),Moa (BipedRobot/AIWeek/LaserCannonBiped),Lt Lech Kril (Vip/BossLechKril),Kela De Thaym (Vip/HeavyRocketFemale),Vay Hek Terra Frame (Vip/Hek/HekBiped),Councilor Vay Hek (Vip/Hek/HekDrone),Phorid (Vip/QuadrupedVIP),Stalker (Stalker/Stalker),,,,,,,,,,,,,,,,,,,,,,,,,,,,,,,,,,,,,,,,,,,,,,,,,,,,,,,,,,,,,,,,,,,,,
Energy Inversion (/Lotus/Upgrades/Mods/Archwing/Suit/ArchwingSuitShieldMaxMod),Shield Dargyn (SpaceBattles/Skiffs/ShieldSkiff),,,,,,,,,,,,,,,,,,,,,,,,,,,,,,,,,,,,,,,,,,,,,,,,,,,,,,,,,,,,,,,,,,,,,,,,,,,
Energy Siphon (/Lotus/Upgrades/Mods/Aura/PlayerEnergyRegenAuraMod),,,,,,,,,,,,,,,,,,,,,,,,,,,,,,,,,,,,,,,,,,,,,,,,,,,,,,,,,,,,,,,,,,,,,,,,,,,,
Enhanced Durability (/Lotus/Upgrades/Mods/Archwing/Suit/ArchwingSuitHealthMaxMod),Gox (SpaceBattles/Ships/CrpPod),Corvette (SpaceBattles/Ships/FlakShip),,,,,,,,,,,,,,,,,,,,,,,,,,,,,,,,,,,,,,,,,,,,,,,,,,,,,,,,,,,,,,,,,,,,,,,,,,
Entropy Burst (/Lotus/Upgrades/Mods/Syndicate/SupraMod),,,,,,,,,,,,,,,,,,,,,,,,,,,,,,,,,,,,,,,,,,,,,,,,,,,,,,,,,,,,,,,,,,,,,,,,,,,,
Entropy Flight (/Lotus/Upgrades/Mods/Syndicate/KestrelMod),,,,,,,,,,,,,,,,,,,,,,,,,,,,,,,,,,,,,,,,,,,,,,,,,,,,,,,,,,,,,,,,,,,,,,,,,,,,
Entropy Spike (/Lotus/Upgrades/Mods/Syndicate/BoltoMod),,,,,,,,,,,,,,,,,,,,,,,,,,,,,,,,,,,,,,,,,,,,,,,,,,,,,,,,,,,,,,,,,,,,,,,,,,,,
Equilibrium (/Lotus/Upgrades/Mods/Warframe/AvatarPickupBonusMod),,,,,,,,,,,,,,,,,,,,,,,,,,,,,,,,,,,,,,,,,,,,,,,,,,,,,,,,,,,,,,,,,,,,,,,,,,,,
Eroding Blight (/Lotus/Upgrades/Mods/Syndicate/EmbolistMod),,,,,,,,,,,,,,,,,,,,,,,,,,,,,,,,,,,,,,,,,,,,,,,,,,,,,,,,,,,,,,,,,,,,,,,,,,,,
Expel Corpus (/Lotus/Upgrades/Mods/Pistol/WeaponPistolFactionDamageCorpus),,,,,,,,,,,,,,,,,,,,,,,,,,,,,,,,,,,,,,,,,,,,,,,,,,,,,,,,,,,,,,,,,,,,,,,,,,,,
Expel Grineer (/Lotus/Upgrades/Mods/Pistol/WeaponPistolFactionDamageGrineer),Bombard (AIWeek/RocketBombard),,,,,,,,,,,,,,,,,,,,,,,,,,,,,,,,,,,,,,,,,,,,,,,,,,,,,,,,,,,,,,,,,,,,,,,,,,,
Expel Infested (/Lotus/Upgrades/Mods/Pistol/WeaponPistolFactionDamageInfested),Ancient Disruptor (AiWeek/Ancients/Ancient),Brood Mother (AiWeek/Ancients/DiseasedAncient),Tar-Mutalist Moa (AiWeek/InfestedMoas/SlowBombBiped),,,,,,,,,,,,,,,,,,,,,,,,,,,,,,,,,,,,,,,,,,,,,,,,,,,,,,,,,,,,,,,,,,,,,,,,,
Extend (/Lotus/Upgrades/Mods/Archwing/Melee/ArchwingMeleeRangeIncMod),Attack Drone (SpaceBattles/CrpSpaceDroneAttack),Lancer Dreg (SpaceBattles/Drones/LaserDrone),Temporal Dreg (SpaceBattles/Drones/StasisDrone),Hellion Dargyn (SpaceBattles/Skiffs/MissileSkiff),,,,,,,,,,,,,,,,,,,,,,,,,,,,,,,,,,,,,,,,,,,,,,,,,,,,,,,,,,,,,,,,,,,,,,,,
Fast Deflection (/Lotus/Upgrades/Mods/Sentinel/Kubrow/KubrowShieldRechargeRateMod),Drahk (AIWeek/CombatKubrow),Kubrow (/Lotus/Types/NeutralCreatures/Kubrow/Kubrow),,,,,,,,,,,,,,,,,,,,,,,,,,,,,,,,,,,,,,,,,,,,,,,,,,,,,,,,,,,,,,,,,,,,,,,,,,
Fast Deflection (/Lotus/Upgrades/Mods/Sentinel/SentinelShieldRechargeRateMod),Arid Seeker (Desert/GrineerMarinePistol),Frontier Seeker (Forest/GrineerMarinePistol),Seeker (GrineerMarinePistol),Boiler (AiWeek/Ancients/SpawningAncient),Toxic Ancient (AiWeek/Ancients/ToxicAncient),,,,,,,,,,,,,,,,,,,,,,,,,,,,,,,,,,,,,,,,,,,,,,,,,,,,,,,,,,,,,,,,,,,,,,,
Fast Deflection (/Lotus/Upgrades/Mods/Warframe/AvatarShieldRechargeRateMod),Ambulas (BipedRobot/Vip/BossBiped),Shield Osprey (Drones/AIWeek/ShieldDrone),Lynx Osprey (QuadRobot/MiniBoss/ShieldDroneMiniBoss),Lynx Turret (QuadRobot/MiniBoss/TurretQuadMiniBoss),Roller (AIWeek/RollingDrone),,,,,,,,,,,,,,,,,,,,,,,,,,,,,,,,,,,,,,,,,,,,,,,,,,,,,,,,,,,,,,,,,,,,,,,
Fast Hands (/Lotus/Upgrades/Mods/Rifle/WeaponReloadSpeedMod),Drahk Master (AIWeek/BeastMaster),Butcher (AIWeek/BladeSawman),Guardsman (AIWeek/GrineerMeleeStaff),,,,,,,,,,,,,,,,,,,,,,,,,,,,,,,,,,,,,,,,,,,,,,,,,,,,,,,,,,,,,,,,,,,,,,,,,
Fatal Acceleration (/Lotus/Upgrades/Mods/Shotgun/WeaponProjectileSpeedMod),Leaper (AiWeek/Runners/LeapingRunner),,,,,,,,,,,,,,,,,,,,,,,,,,,,,,,,,,,,,,,,,,,,,,,,,,,,,,,,,,,,,,,,,,,,,,,,,,,
Fatal Attraction (/Lotus/Types/Sentinels/SentinelPrecepts/Bait),Corrupted Moa (OrokinMoaBiped),,,,,,,,,,,,,,,,,,,,,,,,,,,,,,,,,,,,,,,,,,,,,,,,,,,,,,,,,,,,,,,,,,,,,,,,,,,
Ferocity (/Lotus/Upgrades/Mods/Sentinel/Kubrow/KubrowFinisherMod),Drahk (AIWeek/CombatKubrow),Kubrow (/Lotus/Types/NeutralCreatures/Kubrow/Kubrow),,,,,,,,,,,,,,,,,,,,,,,,,,,,,,,,,,,,,,,,,,,,,,,,,,,,,,,,,,,,,,,,,,,,,,,,,,
Fever Strike (/Lotus/Upgrades/Mods/Melee/WeaponToxinDamageMod),Arid Butcher (Desert/BladeSawman),Frontier Butcher (Forest/BladeSawman),,,,,,,,,,,,,,,,,,,,,,,,,,,,,,,,,,,,,,,,,,,,,,,,,,,,,,,,,,,,,,,,,,,,,,,,,,
Finishing Touch (/Lotus/Upgrades/Mods/Melee/WeaponMeleeFinisherDamageMod),Corrupted Lancer (RifleLancer),,,,,,,,,,,,,,,,,,,,,,,,,,,,,,,,,,,,,,,,,,,,,,,,,,,,,,,,,,,,,,,,,,,,,,,,,,,
Fire Fright (/Lotus/Powersuits/Ember/FireBlastAugmentCard),,,,,,,,,,,,,,,,,,,,,,,,,,,,,,,,,,,,,,,,,,,,,,,,,,,,,,,,,,,,,,,,,,,,,,,,,,,,
Fireball Frenzy (/Lotus/Powersuits/Ember/FireBallAugmentCard),,,,,,,,,,,,,,,,,,,,,,,,,,,,,,,,,,,,,,,,,,,,,,,,,,,,,,,,,,,,,,,,,,,,,,,,,,,,
Fired Up (/Lotus/Upgrades/Mods/Sentinel/SentinelOverheatDamageMod),Orokin Drone (OrokinShieldDrone),Corrupted Crewman (RifleSpaceman),,,,,,,,,,,,,,,,,,,,,,,,,,,,,,,,,,,,,,,,,,,,,,,,,,,,,,,,,,,,,,,,,,,,,,,,,,
Firestorm (/Lotus/Upgrades/Mods/Rifle/WeaponIncreaseRadialExplosionMod),Boiler (AiWeek/Ancients/SpawningAncient),Toxic Ancient (AiWeek/Ancients/ToxicAncient),,,,,,,,,,,,,,,,,,,,,,,,,,,,,,,,,,,,,,,,,,,,,,,,,,,,,,,,,,,,,,,,,,,,,,,,,,
Flailing Branch (/Lotus/Weapons/Tenno/Melee/MeleeTrees/StaffCmbTwoMeleeTree),Corrupted Heavy Gunner (OrokinHeavyFemale),,,,,,,,,,,,,,,,,,,,,,,,,,,,,,,,,,,,,,,,,,,,,,,,,,,,,,,,,,,,,,,,,,,,,,,,,,,
Flame Repellent (/Lotus/Upgrades/Mods/Warframe/AvatarDamageResistanceFire),Flameblade (AIWeek/BlowtorchSawman),Shock (AIWeek/DeltaProsecutorLeader),Shock (AIWeek/GrineerMeleeStaffLeader),Ancient Healer (AiWeek/Ancients/HealingAncient),Swarm-Mutalist Moa (AiWeek/InfestedMoas/NaniteCloudBiped),,,,,,,,,,,,,,,,,,,,,,,,,,,,,,,,,,,,,,,,,,,,,,,,,,,,,,,,,,,,,,,,,,,,,,,
Flechette (/Lotus/Upgrades/Mods/Shotgun/WeaponArmorPiercingDamageMod),Shield Lancer (AIWeek/ShieldLancer),Ancient Disruptor (AiWeek/Ancients/Ancient),Brood Mother (AiWeek/Ancients/DiseasedAncient),Tar-Mutalist Moa (AiWeek/InfestedMoas/SlowBombBiped),,,,,,,,,,,,,,,,,,,,,,,,,,,,,,,,,,,,,,,,,,,,,,,,,,,,,,,,,,,,,,,,,,,,,,,,
Fleeting Expertise (/Lotus/Upgrades/Mods/Warframe/DualStat/CorruptedEfficiencyDurationWarframe),,,,,,,,,,,,,,,,,,,,,,,,,,,,,,,,,,,,,,,,,,,,,,,,,,,,,,,,,,,,,,,,,,,,,,,,,,,,
Flow (/Lotus/Upgrades/Mods/Warframe/AvatarPowerMaxMod),Drahk Master (AIWeek/BeastMaster),Butcher (AIWeek/BladeSawman),Guardsman (AIWeek/GrineerMeleeStaff),Arid Butcher (Desert/BladeSawman),Frontier Butcher (Forest/BladeSawman),,,,,,,,,,,,,,,,,,,,,,,,,,,,,,,,,,,,,,,,,,,,,,,,,,,,,,,,,,,,,,,,,,,,,,,
Focus Energy (/Lotus/Upgrades/Mods/Melee/DualStat/FocusEnergyMod),,,,,,,,,,,,,,,,,,,,,,,,,,,,,,,,,,,,,,,,,,,,,,,,,,,,,,,,,,,,,,,,,,,,,,,,,,,,
Fortitude (/Lotus/Upgrades/Mods/Warframe/DualStat/FortitudeMod),,,,,,,,,,,,,,,,,,,,,,,,,,,,,,,,,,,,,,,,,,,,,,,,,,,,,,,,,,,,,,,,,,,,,,,,,,,,
Fracturing Wind (/Lotus/Weapons/Tenno/Melee/MeleeTrees/FistCmbOneMeleeTree),Charger (AiWeek/Quadrupeds/Quadruped),,,,,,,,,,,,,,,,,,,,,,,,,,,,,,,,,,,,,,,,,,,,,,,,,,,,,,,,,,,,,,,,,,,,,,,,,,,
Frail Momentum (/Lotus/Upgrades/Mods/Shotgun/DualStat/CorruptedFireRateDamageShotgun),,,,,,,,,,,,,,,,,,,,,,,,,,,,,,,,,,,,,,,,,,,,,,,,,,,,,,,,,,,,,,,,,,,,,,,,,,,,
Freeze Force (/Lotus/Powersuits/Frost/IcicleAugmentCard),,,,,,,,,,,,,,,,,,,,,,,,,,,,,,,,,,,,,,,,,,,,,,,,,,,,,,,,,,,,,,,,,,,,,,,,,,,,
Furious Javelin (/Lotus/Powersuits/Excalibur/RadialJavelinAugmentCard),,,,,,,,,,,,,,,,,,,,,,,,,,,,,,,,,,,,,,,,,,,,,,,,,,,,,,,,,,,,,,,,,,,,,,,,,,,,
Furor (/Lotus/Upgrades/Mods/Archwing/Melee/ArchwingMeleeFireRateMod),Gox (SpaceBattles/Ships/CrpPod),Corvette (SpaceBattles/Ships/FlakShip),Carrier (SpaceBattles/Ships/SwarmShip),Shield Dargyn (SpaceBattles/Skiffs/ShieldSkiff),,,,,,,,,,,,,,,,,,,,,,,,,,,,,,,,,,,,,,,,,,,,,,,,,,,,,,,,,,,,,,,,,,,,,,,,
Fury (/Lotus/Upgrades/Mods/Melee/WeaponFireRateMod),Oxium Osprey (Drones/AIWeek/SuicideDrone),Attack Drone (Drones/DroneDroneAttack),Corpus Power Carrier (Spaceman/AIWeek/CarrierSpaceman),Crewman (Spaceman/AIWeek/RifleSpaceman),Elite Crewman (Spaceman/EliteSpaceman),Grineer Power Carrier (AIWeek/CarrierRifleLancer),Hellion Power Carrier (AIWeek/JetpackMarineCarrier),Frontier Regulator (SpecialEvents/ForestDrone),Regulator (SpecialEvents/SurveillanceDrone),,,,,,,,,,,,,,,,,,,,,,,,,,,,,,,,,,,,,,,,,,,,,,,,,,,,,,,,,,,,,,,,,,,
Galvanized Blade (/Lotus/Upgrades/Mods/Archwing/Melee/ArchwingWeaponElectricityDamageMod),Shield Dargyn (SpaceBattles/Skiffs/ShieldSkiff),,,,,,,,,,,,,,,,,,,,,,,,,,,,,,,,,,,,,,,,,,,,,,,,,,,,,,,,,,,,,,,,,,,,,,,,,,,
Gemini Cross (/Lotus/Weapons/Tenno/Melee/MeleeTrees/TonfaCmbOneMeleeTree),Corrupted Moa (OrokinMoaBiped),,,,,,,,,,,,,,,,,,,,,,,,,,,,,,,,,,,,,,,,,,,,,,,,,,,,,,,,,,,,,,,,,,,,,,,,,,,
Ghost (/Lotus/Types/Sentinels/SentinelPrecepts/Ghost),Volatile Runner (AiWeek/Runners/SuicideRunner),,,,,,,,,,,,,,,,,,,,,,,,,,,,,,,,,,,,,,,,,,,,,,,,,,,,,,,,,,,,,,,,,,,,,,,,,,,
Gilded Truth (/Lotus/Upgrades/Mods/Syndicate/BurstonPrimeMod),,,,,,,,,,,,,,,,,,,,,,,,,,,,,,,,,,,,,,,,,,,,,,,,,,,,,,,,,,,,,,,,,,,,,,,,,,,,
Glacial Edge (/Lotus/Upgrades/Mods/Archwing/Melee/ArchwingWeaponFreezeDamageMod),Dargyn (SpaceBattles/Skiffs/GrineerSpaceMarine),,,,,,,,,,,,,,,,,,,,,,,,,,,,,,,,,,,,,,,,,,,,,,,,,,,,,,,,,,,,,,,,,,,,,,,,,,,
Gleaming Blight (/Lotus/Upgrades/Mods/Syndicate/DarkDaggerMod),,,,,,,,,,,,,,,,,,,,,,,,,,,,,,,,,,,,,,,,,,,,,,,,,,,,,,,,,,,,,,,,,,,,,,,,,,,,
Gleaming Talon (/Lotus/Weapons/Tenno/Melee/MeleeTrees/GlaiveCmbOneMeleeTree),Sapping Osprey (Drones/AIWeek/DiscDrone),Leech Osprey (Drones/AIWeek/LeechDrone),,,,,,,,,,,,,,,,,,,,,,,,,,,,,,,,,,,,,,,,,,,,,,,,,,,,,,,,,,,,,,,,,,,,,,,,,,
Gnashing Payara (/Lotus/Weapons/Tenno/Melee/MeleeTrees/DualDaggerCmbTwoMeleeTree),Elite Crewman (Spaceman/EliteSpaceman),,,,,,,,,,,,,,,,,,,,,,,,,,,,,,,,,,,,,,,,,,,,,,,,,,,,,,,,,,,,,,,,,,,,,,,,,,,
Greedy Pull (/Lotus/Powersuits/Mag/PullAugmentCard),,,,,,,,,,,,,,,,,,,,,,,,,,,,,,,,,,,,,,,,,,,,,,,,,,,,,,,,,,,,,,,,,,,,,,,,,,,,
Grim Fury (/Lotus/Weapons/Tenno/Melee/MeleeTrees/PunchKickCmbOneMeleeTree),Powerfist (AIWeek/PistonSawman),,,,,,,,,,,,,,,,,,,,,,,,,,,,,,,,,,,,,,,,,,,,,,,,,,,,,,,,,,,,,,,,,,,,,,,,,,,
Gunslinger (/Lotus/Upgrades/Mods/Pistol/WeaponFireRateMod),Scavenger Drone (Drones/AIWeek/VacDrone),Alad V (Vip/AladV/AladBoss),Mutalist Alad V (Vip/InfestedAladV/InfestedAladBoss),Napalm (AIWeek/IncendiaryBombard),Captain Vor (Vip/CaptainVorBoss),,,,,,,,,,,,,,,,,,,,,,,,,,,,,,,,,,,,,,,,,,,,,,,,,,,,,,,,,,,,,,,,,,,,,,,
Hall Of Malevolence (/Lotus/Powersuits/Harlequin/IllusionAugmentCard),,,,,,,,,,,,,,,,,,,,,,,,,,,,,,,,,,,,,,,,,,,,,,,,,,,,,,,,,,,,,,,,,,,,,,,,,,,,
Hallowed Eruption (/Lotus/Powersuits/Paladin/StairwayToHeavenAugmentCard),,,,,,,,,,,,,,,,,,,,,,,,,,,,,,,,,,,,,,,,,,,,,,,,,,,,,,,,,,,,,,,,,,,,,,,,,,,,
Hammer Shot (/Lotus/Upgrades/Mods/Rifle/DualStat/HammerShotMod),,,,,,,,,,,,,,,,,,,,,,,,,,,,,,,,,,,,,,,,,,,,,,,,,,,,,,,,,,,,,,,,,,,,,,,,,,,,
Handspring (/Lotus/Upgrades/Mods/Warframe/AvatarKnockdownRecoveryMod),Corpus Warden (Gamemodes/DeployableSpacemanWarden),Corpus Warden (Gamemodes/DeployableSpacemanWardenLeader),Jackal (QuadRobot/QuadRobot),Corpus Tech (Spaceman/AIWeek/DeployableSpaceman),,,,,,,,,,,,,,,,,,,,,,,,,,,,,,,,,,,,,,,,,,,,,,,,,,,,,,,,,,,,,,,,,,,,,,,,
Haven (/Lotus/Powersuits/Magician/BanishAugmentCard),,,,,,,,,,,,,,,,,,,,,,,,,,,,,,,,,,,,,,,,,,,,,,,,,,,,,,,,,,,,,,,,,,,,,,,,,,,,
Hawk Eye (/Lotus/Upgrades/Mods/Pistol/WeaponPistolZoomFovMod),,,,,,,,,,,,,,,,,,,,,,,,,,,,,,,,,,,,,,,,,,,,,,,,,,,,,,,,,,,,,,,,,,,,,,,,,,,,
Heated Charge (/Lotus/Upgrades/Mods/Pistol/WeaponFireDamageMod),Ambulas (BipedRobot/Vip/BossBiped),Alad V (Vip/AladV/AladBoss),Mutalist Alad V (Vip/InfestedAladV/InfestedAladBoss),Hellion (AIWeek/JetpackMarine),Lancer (AIWeek/RifleLancer),Arid Hellion (Desert/JetpackMarine),Arid Lancer (Desert/RifleLancer),Frontier Hellion (Forest/JetpackMarine),Frontier Lancer (Forest/RifleLancer),Frontier Heavy Gunner (Forest/HeavyFemaleGrineerDesert),Captain Vor (Vip/CaptainVorBoss),,,,,,,,,,,,,,,,,,,,,,,,,,,,,,,,,,,,,,,,,,,,,,,,,,,,,,,,,,,,,,,,,
Heavy Caliber (/Lotus/Upgrades/Mods/Rifle/DualStat/CorruptedDamageRecoilRifle),,,,,,,,,,,,,,,,,,,,,,,,,,,,,,,,,,,,,,,,,,,,,,,,,,,,,,,,,,,,,,,,,,,,,,,,,,,,
Heavy Impact (/Lotus/Upgrades/Mods/Warframe/AvatarFallingImpactMod),Scorpion (AIWeek/MacheteWoman),Lobber Crawler (AiWeek/Crawlers/Grenade),Toxic Crawler (AiWeek/Crawlers/NoxiousCrawler),Stalker (Stalker/Stalker),,,,,,,,,,,,,,,,,,,,,,,,,,,,,,,,,,,,,,,,,,,,,,,,,,,,,,,,,,,,,,,,,,,,,,,,
Heavy Trauma (/Lotus/Upgrades/Mods/Melee/WeaponImpactDamageMod),Hellion (AIWeek/JetpackMarine),Lancer (AIWeek/RifleLancer),Arid Hellion (Desert/JetpackMarine),Arid Lancer (Desert/RifleLancer),Frontier Hellion (Forest/JetpackMarine),Frontier Lancer (Forest/RifleLancer),Frontier Heavy Gunner (Forest/HeavyFemaleGrineerDesert),,,,,,,,,,,,,,,,,,,,,,,,,,,,,,,,,,,,,,,,,,,,,,,,,,,,,,,,,,,,,,,,,,,,,
Hell's Chamber (/Lotus/Upgrades/Mods/Shotgun/WeaponFireIterationsMod),Oxium Osprey (Drones/AIWeek/SuicideDrone),Attack Drone (Drones/DroneDroneAttack),Vem Tabook (DeathSquad/DeathSquadA),Leekter (DeathSquad/DeathSquadB),Shik Tal (DeathSquad/DeathSquadC),Frontier Regulator (SpecialEvents/ForestDrone),Regulator (SpecialEvents/SurveillanceDrone),,,,,,,,,,,,,,,,,,,,,,,,,,,,,,,,,,,,,,,,,,,,,,,,,,,,,,,,,,,,,,,,,,,,,
Hellfire (/Lotus/Upgrades/Mods/Rifle/WeaponFireDamageMod),Ambulas (BipedRobot/Vip/BossBiped),Shield Osprey (Drones/AIWeek/ShieldDrone),Lynx Osprey (QuadRobot/MiniBoss/ShieldDroneMiniBoss),Lynx Turret (QuadRobot/MiniBoss/TurretQuadMiniBoss),Roller (AIWeek/RollingDrone),,,,,,,,,,,,,,,,,,,,,,,,,,,,,,,,,,,,,,,,,,,,,,,,,,,,,,,,,,,,,,,,,,,,,,,
High Noon (/Lotus/Weapons/Tenno/Melee/MeleeTrees/GunbladeCmbOneMeleeTree),Brood Mother (AiWeek/Ancients/DiseasedAncient),,,,,,,,,,,,,,,,,,,,,,,,,,,,,,,,,,,,,,,,,,,,,,,,,,,,,,,,,,,,,,,,,,,,,,,,,,,
Hollow Point (/Lotus/Upgrades/Mods/Pistol/DualStat/CorruptedCritDamagePistol),,,,,,,,,,,,,,,,,,,,,,,,,,,,,,,,,,,,,,,,,,,,,,,,,,,,,,,,,,,,,,,,,,,,,,,,,,,,
Hollowed Bullets (/Lotus/Upgrades/Mods/Archwing/Rifle/ArchwingRifleCritDamageMod),Ranger (SpaceBattles/CrewMan/JetpackMarine),Quanta Ranger (SpaceBattles/CrewMan/JetpackMarineThree),Penta Ranger (SpaceBattles/CrewMan/JetpackMarineTwo),Frigate (SpaceBattles/Ships/LaserShip),,,,,,,,,,,,,,,,,,,,,,,,,,,,,,,,,,,,,,,,,,,,,,,,,,,,,,,,,,,,,,,,,,,,,,,,
Homing Fang (/Lotus/Weapons/Tenno/Melee/MeleeTrees/DaggerCmbOneMeleeTree),Nauseous Crawler (AiWeek/Crawlers/GraspingCrawler),,,,,,,,,,,,,,,,,,,,,,,,,,,,,,,,,,,,,,,,,,,,,,,,,,,,,,,,,,,,,,,,,,,,,,,,,,,
Hornet Strike (/Lotus/Upgrades/Mods/Pistol/WeaponDamageAmountMod),Boiler (AiWeek/Ancients/SpawningAncient),Toxic Ancient (AiWeek/Ancients/ToxicAncient),,,,,,,,,,,,,,,,,,,,,,,,,,,,,,,,,,,,,,,,,,,,,,,,,,,,,,,,,,,,,,,,,,,,,,,,,,
Howl (/Lotus/Types/Friendly/Pets/KubrowPetPrecepts/KubrowFearPrecept),Drahk (AIWeek/CombatKubrow),Kubrow (/Lotus/Types/NeutralCreatures/Kubrow/Kubrow),,,,,,,,,,,,,,,,,,,,,,,,,,,,,,,,,,,,,,,,,,,,,,,,,,,,,,,,,,,,,,,,,,,,,,,,,,
Hunt (/Lotus/Types/Friendly/Pets/KubrowPetPrecepts/KubrowChargePrecept),Drahk (AIWeek/CombatKubrow),Kubrow (/Lotus/Types/NeutralCreatures/Kubrow/Kubrow),,,,,,,,,,,,,,,,,,,,,,,,,,,,,,,,,,,,,,,,,,,,,,,,,,,,,,,,,,,,,,,,,,,,,,,,,,
Hush (/Lotus/Upgrades/Mods/Rifle/WeaponNoiseReductionMod),Orokin Drone (OrokinShieldDrone),,,,,,,,,,,,,,,,,,,,,,,,,,,,,,,,,,,,,,,,,,,,,,,,,,,,,,,,,,,,,,,,,,,,,,,,,,,
Hyperion Thrusters (/Lotus/Upgrades/Mods/Archwing/Suit/ArchwingSuitSprintSpeedMod),Locust Drone (SpaceBattles/Drones/SwarmDrone),,,,,,,,,,,,,,,,,,,,,,,,,,,,,,,,,,,,,,,,,,,,,,,,,,,,,,,,,,,,,,,,,,,,,,,,,,,
Ice Storm (/Lotus/Upgrades/Mods/Pistol/DualStat/IceStormMod),,,,,,,,,,,,,,,,,,,,,,,,,,,,,,,,,,,,,,,,,,,,,,,,,,,,,,,,,,,,,,,,,,,,,,,,,,,,
Ice Wave Impedance (/Lotus/Powersuits/Frost/IceSpikeAugmentCard),,,,,,,,,,,,,,,,,,,,,,,,,,,,,,,,,,,,,,,,,,,,,,,,,,,,,,,,,,,,,,,,,,,,,,,,,,,,
Incendiary Coat (/Lotus/Upgrades/Mods/Shotgun/WeaponFireDamageMod),Nullifier Crewman (Spaceman/AIWeek/NullifySpaceman),Sniper Crewman (Spaceman/AIWeek/SniperSpaceman),,,,,,,,,,,,,,,,,,,,,,,,,,,,,,,,,,,,,,,,,,,,,,,,,,,,,,,,,,,,,,,,,,,,,,,,,,
Infected Clip (/Lotus/Upgrades/Mods/Rifle/WeaponToxinDamageMod),Crewman (Spaceman/AIWeek/ShotgunSpaceman),Elite Crewman (Spaceman/EliteSpaceman),Corrupted Lancer (RifleLancer),,,,,,,,,,,,,,,,,,,,,,,,,,,,,,,,,,,,,,,,,,,,,,,,,,,,,,,,,,,,,,,,,,,,,,,,,
Infested Impedance (/Lotus/Upgrades/Mods/Aura/InfestationSpeedReductionAuraMod),,,,,,,,,,,,,,,,,,,,,,,,,,,,,,,,,,,,,,,,,,,,,,,,,,,,,,,,,,,,,,,,,,,,,,,,,,,,
Insulation (/Lotus/Upgrades/Mods/Warframe/AvatarDamageResistanceIce),Napalm (AIWeek/IncendiaryBombard),,,,,,,,,,,,,,,,,,,,,,,,,,,,,,,,,,,,,,,,,,,,,,,,,,,,,,,,,,,,,,,,,,,,,,,,,,,
Intensify (/Lotus/Upgrades/Mods/Warframe/AvatarAbilityStrengthMod),Alad V (Vip/AladV/AladBoss),Mutalist Alad V (Vip/InfestedAladV/InfestedAladBoss),Captain Vor (Vip/CaptainVorBoss),Stalker (Stalker/Stalker),,,,,,,,,,,,,,,,,,,,,,,,,,,,,,,,,,,,,,,,,,,,,,,,,,,,,,,,,,,,,,,,,,,,,,,,
Intruder (/Lotus/Upgrades/Mods/Warframe/AvatarTimeLimitIncreaseMod),Corrupted Heavy Gunner (OrokinHeavyFemale),,,,,,,,,,,,,,,,,,,,,,,,,,,,,,,,,,,,,,,,,,,,,,,,,,,,,,,,,,,,,,,,,,,,,,,,,,,
Iron Phoenix (/Lotus/Weapons/Tenno/Melee/MeleeTrees/IronPhoenixMeleeTree),Hellion (AIWeek/JetpackMarine),Lancer (AIWeek/RifleLancer),Arid Hellion (Desert/JetpackMarine),Arid Lancer (Desert/RifleLancer),Frontier Hellion (Forest/JetpackMarine),Frontier Lancer (Forest/RifleLancer),Frontier Heavy Gunner (Forest/HeavyFemaleGrineerDesert),,,,,,,,,,,,,,,,,,,,,,,,,,,,,,,,,,,,,,,,,,,,,,,,,,,,,,,,,,,,,,,,,,,,,
Iron Shrapnel (/Lotus/Powersuits/Rhino/IronSkinAugmentCard),,,,,,,,,,,,,,,,,,,,,,,,,,,,,,,,,,,,,,,,,,,,,,,,,,,,,,,,,,,,,,,,,,,,,,,,,,,,
Ironclad Charge (/Lotus/Powersuits/Rhino/RhinoChargeAugmentCard),,,,,,,,,,,,,,,,,,,,,,,,,,,,,,,,,,,,,,,,,,,,,,,,,,,,,,,,,,,,,,,,,,,,,,,,,,,,
Irradiating Disarm (/Lotus/Powersuits/Loki/DisarmAugmentCard),,,,,,,,,,,,,,,,,,,,,,,,,,,,,,,,,,,,,,,,,,,,,,,,,,,,,,,,,,,,,,,,,,,,,,,,,,,,
Jagged Edge (/Lotus/Upgrades/Mods/Melee/WeaponSlashDamageMod),Elite Crewman (Spaceman/EliteSpaceman),,,,,,,,,,,,,,,,,,,,,,,,,,,,,,,,,,,,,,,,,,,,,,,,,,,,,,,,,,,,,,,,,,,,,,,,,,,
Jet Stream (/Lotus/Powersuits/Tengu/TurbulenceAugmentCard),,,,,,,,,,,,,,,,,,,,,,,,,,,,,,,,,,,,,,,,,,,,,,,,,,,,,,,,,,,,,,,,,,,,,,,,,,,,
Justice Blades (/Lotus/Upgrades/Mods/Syndicate/DualCleaversMod),,,,,,,,,,,,,,,,,,,,,,,,,,,,,,,,,,,,,,,,,,,,,,,,,,,,,,,,,,,,,,,,,,,,,,,,,,,,
Killing Blow (/Lotus/Upgrades/Mods/Melee/WeaponMeleeHeavyDamageMod),Arid Seeker (Desert/GrineerMarinePistol),Frontier Seeker (Forest/GrineerMarinePistol),Seeker (GrineerMarinePistol),Lt Lech Kril (Vip/BossLechKril),Kela De Thaym (Vip/HeavyRocketFemale),Vay Hek Terra Frame (Vip/Hek/HekBiped),Councilor Vay Hek (Vip/Hek/HekDrone),Phorid (Vip/QuadrupedVIP),,,,,,,,,,,,,,,,,,,,,,,,,,,,,,,,,,,,,,,,,,,,,,,,,,,,,,,,,,,,,,,,,,,,
Lasting Purity (/Lotus/Upgrades/Mods/Syndicate/VulkarMod),,,,,,,,,,,,,,,,,,,,,,,,,,,,,,,,,,,,,,,,,,,,,,,,,,,,,,,,,,,,,,,,,,,,,,,,,,,,
Lasting Sting (/Lotus/Upgrades/Mods/Melee/WeaponProcTimeMod),Ancient Disruptor (AiWeek/Ancients/Ancient),Brood Mother (AiWeek/Ancients/DiseasedAncient),Tar-Mutalist Moa (AiWeek/InfestedMoas/SlowBombBiped),,,,,,,,,,,,,,,,,,,,,,,,,,,,,,,,,,,,,,,,,,,,,,,,,,,,,,,,,,,,,,,,,,,,,,,,,
Lethal Momentum (/Lotus/Upgrades/Mods/Pistol/WeaponProjectileSpeedMod),Tyl Regor (Vip/NinjaLeader),,,,,,,,,,,,,,,,,,,,,,,,,,,,,,,,,,,,,,,,,,,,,,,,,,,,,,,,,,,,,,,,,,,,,,,,,,,
Lethal Torrent (/Lotus/Upgrades/Mods/Pistol/DualStat/GrinderMod),,,,,,,,,,,,,,,,,,,,,,,,,,,,,,,,,,,,,,,,,,,,,,,,,,,,,,,,,,,,,,,,,,,,,,,,,,,,
Life Strike (/Lotus/Upgrades/Mods/Melee/Channel/ChannelVampireMod),,,,,,,,,,,,,,,,,,,,,,,,,,,,,,,,,,,,,,,,,,,,,,,,,,,,,,,,,,,,,,,,,,,,,,,,,,,,
Lightning Rod (/Lotus/Upgrades/Mods/Warframe/AvatarDamageResistanceElectricity),Scorpion (AIWeek/MacheteWoman),Ancient Healer (AiWeek/Ancients/HealingAncient),Swarm-Mutalist Moa (AiWeek/InfestedMoas/NaniteCloudBiped),,,,,,,,,,,,,,,,,,,,,,,,,,,,,,,,,,,,,,,,,,,,,,,,,,,,,,,,,,,,,,,,,,,,,,,,,
Lingering Torment (/Lotus/Upgrades/Mods/Shotgun/WeaponProcTimeMod),Eviscerator (AIWeek/EviseratorLancer),Trooper (AIWeek/ShotgunLancer),Arid Eviscerator (Desert/EvisceratorLancer),Arid Trooper (Desert/ShotgunLancer),Frontier Eviscerator (Forest/EvisceratorLancer),Frontier Trooper (Forest/ShotgunLancer),,,,,,,,,,,,,,,,,,,,,,,,,,,,,,,,,,,,,,,,,,,,,,,,,,,,,,,,,,,,,,,,,,,,,,
Link Armor (/Lotus/Upgrades/Mods/Sentinel/Kubrow/KubrowLinkArmourMaxMod),Drahk (AIWeek/CombatKubrow),Kubrow (/Lotus/Types/NeutralCreatures/Kubrow/Kubrow),,,,,,,,,,,,,,,,,,,,,,,,,,,,,,,,,,,,,,,,,,,,,,,,,,,,,,,,,,,,,,,,,,,,,,,,,,
Link Health (/Lotus/Upgrades/Mods/Sentinel/Kubrow/KubrowLinkHealthMaxMod),Drahk (AIWeek/CombatKubrow),Kubrow (/Lotus/Types/NeutralCreatures/Kubrow/Kubrow),,,,,,,,,,,,,,,,,,,,,,,,,,,,,,,,,,,,,,,,,,,,,,,,,,,,,,,,,,,,,,,,,,,,,,,,,,
Link Shields (/Lotus/Upgrades/Mods/Sentinel/Kubrow/KubrowLinkShieldMaxMod),Drahk (AIWeek/CombatKubrow),Kubrow (/Lotus/Types/NeutralCreatures/Kubrow/Kubrow),,,,,,,,,,,,,,,,,,,,,,,,,,,,,,,,,,,,,,,,,,,,,,,,,,,,,,,,,,,,,,,,,,,,,,,,,,
Loot Detector (/Lotus/Upgrades/Mods/Aura/PlayerLootRadarAuraMod),,,,,,,,,,,,,,,,,,,,,,,,,,,,,,,,,,,,,,,,,,,,,,,,,,,,,,,,,,,,,,,,,,,,,,,,,,,,
Loyal Companion (/Lotus/Upgrades/Mods/Sentinel/Kubrow/KubrowMasterBleedoutMod),Drahk (AIWeek/CombatKubrow),Kubrow (/Lotus/Types/NeutralCreatures/Kubrow/Kubrow),,,,,,,,,,,,,,,,,,,,,,,,,,,,,,,,,,,,,,,,,,,,,,,,,,,,,,,,,,,,,,,,,,,,,,,,,,
Magazine Extension (/Lotus/Upgrades/Mods/Archwing/Rifle/ArchwingRifleClipMaxMod),Attack Drone (SpaceBattles/CrpSpaceDroneAttack),Dargyn (SpaceBattles/Skiffs/GrineerSpaceMarine),,,,,,,,,,,,,,,,,,,,,,,,,,,,,,,,,,,,,,,,,,,,,,,,,,,,,,,,,,,,,,,,,,,,,,,,,,
Magazine Warp (/Lotus/Upgrades/Mods/Rifle/WeaponClipMaxMod),Ambulas (BipedRobot/Vip/BossBiped),Sapping Osprey (Drones/AIWeek/DiscDrone),Leech Osprey (Drones/AIWeek/LeechDrone),Sergeant Nef Anyo (Spaceman/Vip/SniperBoss),Heavy Gunner (AIWeek/HeavyFemaleGrineer),Arid Heavy Gunner (Desert/HeavyFemaleGrineerDesert),Grineer Warden (Gamemodes/WardenGrineerHeavy),Grineer Warden (Gamemodes/WardenGrineerHeavyLeader),Commander (GrineerMarineLeader),,,,,,,,,,,,,,,,,,,,,,,,,,,,,,,,,,,,,,,,,,,,,,,,,,,,,,,,,,,,,,,,,,,
Maglev (/Lotus/Upgrades/Mods/Warframe/AvatarSlideBoostMod),Corrupted Ancient (OrokinHealingAncient),,,,,,,,,,,,,,,,,,,,,,,,,,,,,,,,,,,,,,,,,,,,,,,,,,,,,,,,,,,,,,,,,,,,,,,,,,,
Magnum Force (/Lotus/Upgrades/Mods/Pistol/DualStat/CorruptedDamageRecoilPistol),,,,,,,,,,,,,,,,,,,,,,,,,,,,,,,,,,,,,,,,,,,,,,,,,,,,,,,,,,,,,,,,,,,,,,,,,,,,
Malicious Raptor (/Lotus/Weapons/Tenno/Melee/MeleeTrees/ClawCmbOneMeleeTree),Powerfist (AIWeek/PistonSawman),,,,,,,,,,,,,,,,,,,,,,,,,,,,,,,,,,,,,,,,,,,,,,,,,,,,,,,,,,,,,,,,,,,,,,,,,,,
Malignant Force (/Lotus/Upgrades/Mods/Rifle/DualStat/PoisonEventRifleMod),Vor (Vip/VorTwo/VorTwoBoss),,,,,,,,,,,,,,,,,,,,,,,,,,,,,,,,,,,,,,,,,,,,,,,,,,,,,,,,,,,,,,,,,,,,,,,,,,,
Marathon (/Lotus/Upgrades/Mods/Warframe/AvatarStaminaMaxMod),Corpus Warden (Gamemodes/DeployableSpacemanWarden),Corpus Warden (Gamemodes/DeployableSpacemanWardenLeader),Corpus Tech (Spaceman/AIWeek/DeployableSpaceman),,,,,,,,,,,,,,,,,,,,,,,,,,,,,,,,,,,,,,,,,,,,,,,,,,,,,,,,,,,,,,,,,,,,,,,,,
Master Thief (/Lotus/Upgrades/Mods/Warframe/AvatarChanceToLoot),Hyena Th (Vip/Hyena/HyenaElec),Hyena Ng (Vip/Hyena/HyenaFire),Hyena Pb (Vip/Hyena/HyenaGun),Hyena Ln2 (Vip/Hyena/HyenaIce),Scorpion (AIWeek/MacheteWoman),,,,,,,,,,,,,,,,,,,,,,,,,,,,,,,,,,,,,,,,,,,,,,,,,,,,,,,,,,,,,,,,,,,,,,,
Maul (/Lotus/Upgrades/Mods/Sentinel/Kubrow/KubrowMeleeDamageMod),Drahk (AIWeek/CombatKubrow),Kubrow (/Lotus/Types/NeutralCreatures/Kubrow/Kubrow),,,,,,,,,,,,,,,,,,,,,,,,,,,,,,,,,,,,,,,,,,,,,,,,,,,,,,,,,,,,,,,,,,,,,,,,,,
Melee Prowess (/Lotus/Upgrades/Mods/Melee/WeaponStunChanceMod),Oxium Osprey (Drones/AIWeek/SuicideDrone),Attack Drone (Drones/DroneDroneAttack),Crewman (Spaceman/AIWeek/ShotgunSpaceman),Eviscerator (AIWeek/EviseratorLancer),Trooper (AIWeek/ShotgunLancer),Arid Eviscerator (Desert/EvisceratorLancer),Arid Trooper (Desert/ShotgunLancer),Frontier Eviscerator (Forest/EvisceratorLancer),Frontier Trooper (Forest/ShotgunLancer),Frontier Regulator (SpecialEvents/ForestDrone),Regulator (SpecialEvents/SurveillanceDrone),General Sargas Ruk (Vip/SargasRuk/SargasRukNew),,,,,,,,,,,,,,,,,,,,,,,,,,,,,,,,,,,,,,,,,,,,,,,,,,,,,,,,,,,,,,,,
Metal Auger (/Lotus/Upgrades/Mods/Rifle/WeaponPunctureDepthMod),Mine Osprey (Drones/AIWeek/MineDrone),Mutalist-Osprey (AiWeek/InfestedDrones/PoisonDrone),,,,,,,,,,,,,,,,,,,,,,,,,,,,,,,,,,,,,,,,,,,,,,,,,,,,,,,,,,,,,,,,,,,,,,,,,,
Mind Freak (/Lotus/Powersuits/Jade/MindControlAugmentCard),,,,,,,,,,,,,,,,,,,,,,,,,,,,,,,,,,,,,,,,,,,,,,,,,,,,,,,,,,,,,,,,,,,,,,,,,,,,
Modified Munitions (/Lotus/Upgrades/Mods/Archwing/Rifle/ArchwingRifleStatusChanceMod),Dargyn (SpaceBattles/Skiffs/GrineerSpaceMarine),,,,,,,,,,,,,,,,,,,,,,,,,,,,,,,,,,,,,,,,,,,,,,,,,,,,,,,,,,,,,,,,,,,,,,,,,,,
Molten Impact (/Lotus/Upgrades/Mods/Melee/WeaponFireDamageMod),Ambulas (BipedRobot/Vip/BossBiped),Lt Lech Kril (Vip/BossLechKril),Kela De Thaym (Vip/HeavyRocketFemale),Vay Hek Terra Frame (Vip/Hek/HekBiped),Councilor Vay Hek (Vip/Hek/HekDrone),Phorid (Vip/QuadrupedVIP),Stalker (Stalker/Stalker),,,,,,,,,,,,,,,,,,,,,,,,,,,,,,,,,,,,,,,,,,,,,,,,,,,,,,,,,,,,,,,,,,,,,
Morphic Transformer (/Lotus/Upgrades/Mods/Archwing/Suit/ArchwingSuitAbilityStrengthMod),Temporal Dreg (SpaceBattles/Drones/StasisDrone),,,,,,,,,,,,,,,,,,,,,,,,,,,,,,,,,,,,,,,,,,,,,,,,,,,,,,,,,,,,,,,,,,,,,,,,,,,
Muzzle Flash (/Lotus/Powersuits/Cowgirl/RussianRouletteAugmentCard),,,,,,,,,,,,,,,,,,,,,,,,,,,,,,,,,,,,,,,,,,,,,,,,,,,,,,,,,,,,,,,,,,,,,,,,,,,,
Narrow Minded (/Lotus/Upgrades/Mods/Warframe/DualStat/CorruptedDurationRangeWarframe),,,,,,,,,,,,,,,,,,,,,,,,,,,,,,,,,,,,,,,,,,,,,,,,,,,,,,,,,,,,,,,,,,,,,,,,,,,,
Natural Talent (/Lotus/Upgrades/Mods/Warframe/AvatarCastingSpeedMod),Vem Tabook (DeathSquad/DeathSquadA),Leekter (DeathSquad/DeathSquadB),Shik Tal (DeathSquad/DeathSquadC),,,,,,,,,,,,,,,,,,,,,,,,,,,,,,,,,,,,,,,,,,,,,,,,,,,,,,,,,,,,,,,,,,,,,,,,,
Neutron Star (/Lotus/Powersuits/AntiMatter/NullStarAugmentCard),,,,,,,,,,,,,,,,,,,,,,,,,,,,,,,,,,,,,,,,,,,,,,,,,,,,,,,,,,,,,,,,,,,,,,,,,,,,
No Return (/Lotus/Upgrades/Mods/Pistol/WeaponArmorPiercingDamageMod),Corpus Power Carrier (Spaceman/AIWeek/CarrierSpaceman),Crewman (Spaceman/AIWeek/RifleSpaceman),Elite Crewman (Spaceman/EliteSpaceman),Grineer Power Carrier (AIWeek/CarrierRifleLancer),Hellion Power Carrier (AIWeek/JetpackMarineCarrier),,,,,,,,,,,,,,,,,,,,,,,,,,,,,,,,,,,,,,,,,,,,,,,,,,,,,,,,,,,,,,,,,,,,,,,
North Wind (/Lotus/Upgrades/Mods/Melee/WeaponFreezeDamageMod),Moa (BipedRobot/AIWeek/LaserCannonBiped),Hyena Th (Vip/Hyena/HyenaElec),Hyena Ng (Vip/Hyena/HyenaFire),Hyena Pb (Vip/Hyena/HyenaGun),Hyena Ln2 (Vip/Hyena/HyenaIce),Drahk Master (AIWeek/BeastMaster),Butcher (AIWeek/BladeSawman),Guardsman (AIWeek/GrineerMeleeStaff),Arid Butcher (Desert/BladeSawman),Frontier Butcher (Forest/BladeSawman),,,,,,,,,,,,,,,,,,,,,,,,,,,,,,,,,,,,,,,,,,,,,,,,,,,,,,,,,,,,,,,,,,
Organ Shatter (/Lotus/Upgrades/Mods/Melee/WeaponCritDamageMod),Raptor (Drones/Vip/DroneAttack),Lynx (QuadRobot/MiniBoss/QuadRobotMiniBoss),Ballista (AIWeek/FemaleGrineer),Boiler (AiWeek/Ancients/SpawningAncient),Toxic Ancient (AiWeek/Ancients/ToxicAncient),,,,,,,,,,,,,,,,,,,,,,,,,,,,,,,,,,,,,,,,,,,,,,,,,,,,,,,,,,,,,,,,,,,,,,,
Overextended (/Lotus/Upgrades/Mods/Warframe/DualStat/CorruptedRangePowerWarframe),,,,,,,,,,,,,,,,,,,,,,,,,,,,,,,,,,,,,,,,,,,,,,,,,,,,,,,,,,,,,,,,,,,,,,,,,,,,
Pacifying Bolts (/Lotus/Powersuits/Jade/DaggerAugmentCard),,,,,,,,,,,,,,,,,,,,,,,,,,,,,,,,,,,,,,,,,,,,,,,,,,,,,,,,,,,,,,,,,,,,,,,,,,,,
Pack Leader (/Lotus/Upgrades/Mods/Sentinel/Kubrow/KubrowPackLeaderMod),Drahk (AIWeek/CombatKubrow),Kubrow (/Lotus/Types/NeutralCreatures/Kubrow/Kubrow),,,,,,,,,,,,,,,,,,,,,,,,,,,,,,,,,,,,,,,,,,,,,,,,,,,,,,,,,,,,,,,,,,,,,,,,,,
Parallax Scope (/Lotus/Upgrades/Mods/Archwing/Rifle/ArchwingRifleCritChanceMod),Ranger (SpaceBattles/CrewMan/JetpackMarine),Quanta Ranger (SpaceBattles/CrewMan/JetpackMarineThree),Penta Ranger (SpaceBattles/CrewMan/JetpackMarineTwo),Frigate (SpaceBattles/Ships/LaserShip),Dreg (SpaceBattles/Drones/GrineerSpaceDrone),Temporal Dreg (SpaceBattles/Drones/StasisDrone),,,,,,,,,,,,,,,,,,,,,,,,,,,,,,,,,,,,,,,,,,,,,,,,,,,,,,,,,,,,,,,,,,,,,,
Parry (/Lotus/Upgrades/Mods/Warframe/AvatarParryMeleeMod),,,,,,,,,,,,,,,,,,,,,,,,,,,,,,,,,,,,,,,,,,,,,,,,,,,,,,,,,,,,,,,,,,,,,,,,,,,,
Pathogen Rounds (/Lotus/Upgrades/Mods/Pistol/WeaponToxinDamageMod),Anti Moa (BipedRobot/AIWeek/LaserDiscBiped),,,,,,,,,,,,,,,,,,,,,,,,,,,,,,,,,,,,,,,,,,,,,,,,,,,,,,,,,,,,,,,,,,,,,,,,,,,
Perpetual Agony (/Lotus/Upgrades/Mods/Pistol/WeaponProcTimeMod),Arid Butcher (Desert/BladeSawman),Frontier Butcher (Forest/BladeSawman),,,,,,,,,,,,,,,,,,,,,,,,,,,,,,,,,,,,,,,,,,,,,,,,,,,,,,,,,,,,,,,,,,,,,,,,,,
Physique (/Lotus/Upgrades/Mods/Aura/PlayerHealthAuraMod),,,,,,,,,,,,,,,,,,,,,,,,,,,,,,,,,,,,,,,,,,,,,,,,,,,,,,,,,,,,,,,,,,,,,,,,,,,,
Piercing Hit (/Lotus/Upgrades/Mods/Rifle/WeaponArmorPiercingDamageMod),Shockwave Moa (BipedRobot/AIWeek/ShockwaveBiped),,,,,,,,,,,,,,,,,,,,,,,,,,,,,,,,,,,,,,,,,,,,,,,,,,,,,,,,,,,,,,,,,,,,,,,,,,,
Pistol Ammo Mutation (/Lotus/Upgrades/Mods/Pistol/WeaponPistolConvertAmmoMod),,,,,,,,,,,,,,,,,,,,,,,,,,,,,,,,,,,,,,,,,,,,,,,,,,,,,,,,,,,,,,,,,,,,,,,,,,,,
Pistol Gambit (/Lotus/Upgrades/Mods/Pistol/WeaponCritChanceMod),Prod Crewman (Spaceman/AIWeek/MeleeSpaceman),Eviscerator (AIWeek/EviseratorLancer),Trooper (AIWeek/ShotgunLancer),Arid Eviscerator (Desert/EvisceratorLancer),Arid Trooper (Desert/ShotgunLancer),Frontier Eviscerator (Forest/EvisceratorLancer),Frontier Trooper (Forest/ShotgunLancer),,,,,,,,,,,,,,,,,,,,,,,,,,,,,,,,,,,,,,,,,,,,,,,,,,,,,,,,,,,,,,,,,,,,,
Pistol Pestilence (/Lotus/Upgrades/Mods/Pistol/DualStat/PoisonEventPistolMod),Vor (Vip/VorTwo/VorTwoBoss),,,,,,,,,,,,,,,,,,,,,,,,,,,,,,,,,,,,,,,,,,,,,,,,,,,,,,,,,,,,,,,,,,,,,,,,,,,
Pistol Scavenger (/Lotus/Upgrades/Mods/Aura/PlayerPistolAmmoAuraMod),,,,,,,,,,,,,,,,,,,,,,,,,,,,,,,,,,,,,,,,,,,,,,,,,,,,,,,,,,,,,,,,,,,,,,,,,,,,
Point Blank (/Lotus/Upgrades/Mods/Shotgun/WeaponDamageAmountMod),Volatile Runner (AiWeek/Runners/SuicideRunner),,,,,,,,,,,,,,,,,,,,,,,,,,,,,,,,,,,,,,,,,,,,,,,,,,,,,,,,,,,,,,,,,,,,,,,,,,,
Point Strike (/Lotus/Upgrades/Mods/Rifle/WeaponCritChanceMod),Corpus Warden (Gamemodes/DeployableSpacemanWarden),Corpus Warden (Gamemodes/DeployableSpacemanWardenLeader),Corpus Tech (Spaceman/AIWeek/DeployableSpaceman),Drahk Master (AIWeek/BeastMaster),Butcher (AIWeek/BladeSawman),Guardsman (AIWeek/GrineerMeleeStaff),Napalm (AIWeek/IncendiaryBombard),,,,,,,,,,,,,,,,,,,,,,,,,,,,,,,,,,,,,,,,,,,,,,,,,,,,,,,,,,,,,,,,,,,,,
Pointed Wind (/Lotus/Weapons/Tenno/Melee/MeleeTrees/DaggerCmbTwoMeleeTree),Shockwave Moa (BipedRobot/AIWeek/ShockwaveBiped),,,,,,,,,,,,,,,,,,,,,,,,,,,,,,,,,,,,,,,,,,,,,,,,,,,,,,,,,,,,,,,,,,,,,,,,,,,
Poisonous Sting (/Lotus/Upgrades/Mods/Archwing/Melee/ArchwingWeaponToxinDamageMod),Ogma (SpaceBattles/Pods/CombatPod),,,,,,,,,,,,,,,,,,,,,,,,,,,,,,,,,,,,,,,,,,,,,,,,,,,,,,,,,,,,,,,,,,,,,,,,,,,
Polar Magazine (/Lotus/Upgrades/Mods/Archwing/Rifle/ArchwingWeaponFreezeDamageMod),Temporal Dreg (SpaceBattles/Drones/StasisDrone),,,,,,,,,,,,,,,,,,,,,,,,,,,,,,,,,,,,,,,,,,,,,,,,,,,,,,,,,,,,,,,,,,,,,,,,,,,
Pool Of Life (/Lotus/Powersuits/Trinity/WellOfLifeAugmentCard),,,,,,,,,,,,,,,,,,,,,,,,,,,,,,,,,,,,,,,,,,,,,,,,,,,,,,,,,,,,,,,,,,,,,,,,,,,,
Power Throw (/Lotus/Upgrades/Mods/Melee/WeaponGlaivePowerthrowMod),Corrupted Lancer (RifleLancer),,,,,,,,,,,,,,,,,,,,,,,,,,,,,,,,,,,,,,,,,,,,,,,,,,,,,,,,,,,,,,,,,,,,,,,,,,,
Pressure Point (/Lotus/Upgrades/Mods/Melee/WeaponMeleeDamageMod),Ambulas (BipedRobot/Vip/BossBiped),Mine Osprey (Drones/AIWeek/MineDrone),Drahk Master (AIWeek/BeastMaster),Butcher (AIWeek/BladeSawman),Guardsman (AIWeek/GrineerMeleeStaff),Hellion (AIWeek/JetpackMarine),Lancer (AIWeek/RifleLancer),Arid Hellion (Desert/JetpackMarine),Arid Lancer (Desert/RifleLancer),Frontier Hellion (Forest/JetpackMarine),Frontier Lancer (Forest/RifleLancer),Frontier Heavy Gunner (Forest/HeavyFemaleGrineerDesert),General Sargas Ruk (Vip/SargasRuk/SargasRukNew),Lobber Crawler (AiWeek/Crawlers/Grenade),Toxic Crawler (AiWeek/Crawlers/NoxiousCrawler),Mutalist-Osprey (AiWeek/InfestedDrones/PoisonDrone),,,,,,,,,,,,,,,,,,,,,,,,,,,,,,,,,,,,,,,,,,,,,,,,,,,,,,,,,,,,
Prolonged Paralysis (/Lotus/Powersuits/Berserker/ShieldBashAugmentCard),,,,,,,,,,,,,,,,,,,,,,,,,,,,,,,,,,,,,,,,,,,,,,,,,,,,,,,,,,,,,,,,,,,,,,,,,,,,
Protect (/Lotus/Types/Friendly/Pets/KubrowPetPrecepts/KubrowShieldPrecept),Drahk (AIWeek/CombatKubrow),Kubrow (/Lotus/Types/NeutralCreatures/Kubrow/Kubrow),,,,,,,,,,,,,,,,,,,,,,,,,,,,,,,,,,,,,,,,,,,,,,,,,,,,,,,,,,,,,,,,,,,,,,,,,,
Provoked (/Lotus/Upgrades/Mods/Warframe/AvatarGroundFireDmgMod),,,,,,,,,,,,,,,,,,,,,,,,,,,,,,,,,,,,,,,,,,,,,,,,,,,,,,,,,,,,,,,,,,,,,,,,,,,,
Quick Rest (/Lotus/Upgrades/Mods/Warframe/AvatarStaminaRechargeRateMod),Shield Lancer (AIWeek/ShieldLancer),,,,,,,,,,,,,,,,,,,,,,,,,,,,,,,,,,,,,,,,,,,,,,,,,,,,,,,,,,,,,,,,,,,,,,,,,,,
Quick Return (/Lotus/Upgrades/Mods/Melee/WeaponGlaiveReflectionDecreaseMod),Lephantis (Vip/GolemFull),Corrupted Crewman (RifleSpaceman),,,,,,,,,,,,,,,,,,,,,,,,,,,,,,,,,,,,,,,,,,,,,,,,,,,,,,,,,,,,,,,,,,,,,,,,,,
Quick Thinking (/Lotus/Upgrades/Mods/Warframe/AvatarPowerToHealthOnDeathMod),Corrupted Ancient (OrokinHealingAncient),,,,,,,,,,,,,,,,,,,,,,,,,,,,,,,,,,,,,,,,,,,,,,,,,,,,,,,,,,,,,,,,,,,,,,,,,,,
Quickdraw (/Lotus/Upgrades/Mods/Pistol/WeaponReloadSpeedMod),Alad V (Vip/AladV/AladBoss),Mutalist Alad V (Vip/InfestedAladV/InfestedAladBoss),Elite Lancer (AIWeek/EliteRifleLancer),Elite Arid Lancer (Desert/EliteRifleLancer),Elite Frontier Lancer (Forest/EliteRifleLancer),Captain Vor (Vip/CaptainVorBoss),Crawler (AiWeek/Crawlers/Crawler),Nauseous Crawler (AiWeek/Crawlers/GraspingCrawler),,,,,,,,,,,,,,,,,,,,,,,,,,,,,,,,,,,,,,,,,,,,,,,,,,,,,,,,,,,,,,,,,,,,
Quickening (/Lotus/Upgrades/Mods/Melee/Channel/ChannelFireRateMod),,,,,,,,,,,,,,,,,,,,,,,,,,,,,,,,,,,,,,,,,,,,,,,,,,,,,,,,,,,,,,,,,,,,,,,,,,,,
Rage (/Lotus/Upgrades/Mods/Warframe/AvatarDamageToEnergyMod),Napalm (AIWeek/IncendiaryBombard),,,,,,,,,,,,,,,,,,,,,,,,,,,,,,,,,,,,,,,,,,,,,,,,,,,,,,,,,,,,,,,,,,,,,,,,,,,
Rapid Resilience (/Lotus/Upgrades/Mods/Warframe/AvatarProcTimeMod),Prod Crewman (Spaceman/AIWeek/MeleeSpaceman),,,,,,,,,,,,,,,,,,,,,,,,,,,,,,,,,,,,,,,,,,,,,,,,,,,,,,,,,,,,,,,,,,,,,,,,,,,
Rare Fusion Core (/Lotus/Upgrades/Mods/Fusers/RareModFuser),Moa (BipedRobot/AIWeek/LaserCannonBiped),Shockwave Moa (BipedRobot/AIWeek/ShockwaveBiped),Fusion Moa (BipedRobot/AIWeek/SuperMoaBiped),Sapping Osprey (Drones/AIWeek/DiscDrone),Leech Osprey (Drones/AIWeek/LeechDrone),Mine Osprey (Drones/AIWeek/MineDrone),Shield Osprey (Drones/AIWeek/ShieldDrone),Oxium Osprey (Drones/AIWeek/SuicideDrone),Attack Drone (Drones/DroneDroneAttack),Lynx (QuadRobot/MiniBoss/QuadRobotMiniBoss),Lynx Osprey (QuadRobot/MiniBoss/ShieldDroneMiniBoss),Lynx Turret (QuadRobot/MiniBoss/TurretQuadMiniBoss),Corpus Power Carrier (Spaceman/AIWeek/CarrierSpaceman),Prod Crewman (Spaceman/AIWeek/MeleeSpaceman),Nullifier Crewman (Spaceman/AIWeek/NullifySpaceman),Crewman (Spaceman/AIWeek/RifleSpaceman),Sniper Crewman (Spaceman/AIWeek/SniperSpaceman),Elite Crewman (Spaceman/EliteSpaceman),Drahk Master (AIWeek/BeastMaster),Butcher (AIWeek/BladeSawman),Flameblade (AIWeek/BlowtorchSawman),Grineer Power Carrier (AIWeek/CarrierRifleLancer),Shock (AIWeek/DeltaProsecutorLeader),Eviscerator (AIWeek/EviseratorLancer),Ballista (AIWeek/FemaleGrineer),Guardsman (AIWeek/GrineerMeleeStaff),Shock (AIWeek/GrineerMeleeStaffLeader),Heavy Gunner (AIWeek/HeavyFemaleGrineer),Hellion (AIWeek/JetpackMarine),Hellion Power Carrier (AIWeek/JetpackMarineCarrier),Scorpion (AIWeek/MacheteWoman),Lancer (AIWeek/RifleLancer),Bombard (AIWeek/RocketBombard),Roller (AIWeek/RollingDrone),Shield Lancer (AIWeek/ShieldLancer),Trooper (AIWeek/ShotgunLancer),Vem Tabook (DeathSquad/DeathSquadA),Leekter (DeathSquad/DeathSquadB),Shik Tal (DeathSquad/DeathSquadC),Arid Eviscerator (Desert/EvisceratorLancer),Arid Seeker (Desert/GrineerMarinePistol),Arid Hellion (Desert/JetpackMarine),Arid Lancer (Desert/RifleLancer),Arid Trooper (Desert/ShotgunLancer),Arid Heavy Gunner (Desert/HeavyFemaleGrineerDesert),Frontier Eviscerator (Forest/EvisceratorLancer),Frontier Seeker (Forest/GrineerMarinePistol),Frontier Hellion (Forest/JetpackMarine),Frontier Lancer (Forest/RifleLancer),Frontier Trooper (Forest/ShotgunLancer),Frontier Heavy Gunner (Forest/HeavyFemaleGrineerDesert),Grineer Warden (Gamemodes/WardenGrineerHeavy),Grineer Warden (Gamemodes/WardenGrineerHeavyLeader),Seeker (GrineerMarinePistol),Frontier Regulator (SpecialEvents/ForestDrone),Regulator (SpecialEvents/SurveillanceDrone),Vay Hek Terra Frame (Vip/Hek/HekBiped),Councilor Vay Hek (Vip/Hek/HekDrone),Ancient Disruptor (AiWeek/Ancients/Ancient),Brood Mother (AiWeek/Ancients/DiseasedAncient),Ancient Healer (AiWeek/Ancients/HealingAncient),Crawler (AiWeek/Crawlers/Crawler),Nauseous Crawler (AiWeek/Crawlers/GraspingCrawler),Lobber Crawler (AiWeek/Crawlers/Grenade),Electric Crawler (AiWeek/Crawlers/Lightning),Toxic Crawler (AiWeek/Crawlers/NoxiousCrawler),Mutalist-Osprey (AiWeek/InfestedDrones/PoisonDrone),Swarm-Mutalist Moa (AiWeek/InfestedMoas/NaniteCloudBiped),Tar-Mutalist Moa (AiWeek/InfestedMoas/SlowBombBiped),Charger (AiWeek/Quadrupeds/Quadruped),Leaper (AiWeek/Runners/LeapingRunner),Volatile Runner (AiWeek/Runners/SuicideRunner),Corrupted Heavy Gunner (OrokinHeavyFemale),Orokin Drone (OrokinShieldDrone),Stalker (Stalker/Stalker),
Ravage (/Lotus/Upgrades/Mods/Shotgun/WeaponCritDamageMod),Nullifier Crewman (Spaceman/AIWeek/NullifySpaceman),Sniper Crewman (Spaceman/AIWeek/SniperSpaceman),,,,,,,,,,,,,,,,,,,,,,,,,,,,,,,,,,,,,,,,,,,,,,,,,,,,,,,,,,,,,,,,,,,,,,,,,,
Razor Shot (/Lotus/Upgrades/Mods/Pistol/WeaponSlashDamageMod),Elite Lancer (AIWeek/EliteRifleLancer),Elite Arid Lancer (Desert/EliteRifleLancer),Elite Frontier Lancer (Forest/EliteRifleLancer),,,,,,,,,,,,,,,,,,,,,,,,,,,,,,,,,,,,,,,,,,,,,,,,,,,,,,,,,,,,,,,,,,,,,,,,,
Reach (/Lotus/Upgrades/Mods/Melee/WeaponMeleeRangeIncMod),Raptor (Drones/Vip/DroneAttack),Corpus Power Carrier (Spaceman/AIWeek/CarrierSpaceman),Crewman (Spaceman/AIWeek/RifleSpaceman),Grineer Power Carrier (AIWeek/CarrierRifleLancer),Hellion Power Carrier (AIWeek/JetpackMarineCarrier),Volatile Runner (AiWeek/Runners/SuicideRunner),,,,,,,,,,,,,,,,,,,,,,,,,,,,,,,,,,,,,,,,,,,,,,,,,,,,,,,,,,,,,,,,,,,,,,
Reaping Spiral (/Lotus/Weapons/Tenno/Melee/MeleeTrees/ScytheCmbOneMeleeTree),Corpus Power Carrier (Spaceman/AIWeek/CarrierSpaceman),Crewman (Spaceman/AIWeek/RifleSpaceman),Grineer Power Carrier (AIWeek/CarrierRifleLancer),Hellion Power Carrier (AIWeek/JetpackMarineCarrier),,,,,,,,,,,,,,,,,,,,,,,,,,,,,,,,,,,,,,,,,,,,,,,,,,,,,,,,,,,,,,,,,,,,,,,,
Rebound (/Lotus/Upgrades/Mods/Melee/WeaponGlaiveReflectionIncreaseMod),Lephantis (Vip/GolemFull),,,,,,,,,,,,,,,,,,,,,,,,,,,,,,,,,,,,,,,,,,,,,,,,,,,,,,,,,,,,,,,,,,,,,,,,,,,
Redirection (/Lotus/Upgrades/Mods/Sentinel/SentinelShieldMaxMod),Powerfist (AIWeek/PistonSawman),Charger (AiWeek/Quadrupeds/Quadruped),,,,,,,,,,,,,,,,,,,,,,,,,,,,,,,,,,,,,,,,,,,,,,,,,,,,,,,,,,,,,,,,,,,,,,,,,,
Redirection (/Lotus/Upgrades/Mods/Warframe/AvatarShieldMaxMod),Scavenger Drone (Drones/AIWeek/VacDrone),Elite Lancer (AIWeek/EliteRifleLancer),Elite Arid Lancer (Desert/EliteRifleLancer),Elite Frontier Lancer (Forest/EliteRifleLancer),Ancient Disruptor (AiWeek/Ancients/Ancient),Brood Mother (AiWeek/Ancients/DiseasedAncient),Tar-Mutalist Moa (AiWeek/InfestedMoas/SlowBombBiped),,,,,,,,,,,,,,,,,,,,,,,,,,,,,,,,,,,,,,,,,,,,,,,,,,,,,,,,,,,,,,,,,,,,,
Reflection (/Lotus/Upgrades/Mods/Warframe/AvatarParryReflectMod),Corrupted Ancient (OrokinHealingAncient),,,,,,,,,,,,,,,,,,,,,,,,,,,,,,,,,,,,,,,,,,,,,,,,,,,,,,,,,,,,,,,,,,,,,,,,,,,
Reflex Coil (/Lotus/Upgrades/Mods/Melee/WeaponMeleeChargeRateMod),Raptor (Drones/Vip/DroneAttack),Sergeant Nef Anyo (Spaceman/Vip/SniperBoss),Drahk Master (AIWeek/BeastMaster),Butcher (AIWeek/BladeSawman),Guardsman (AIWeek/GrineerMeleeStaff),Arid Butcher (Desert/BladeSawman),Frontier Butcher (Forest/BladeSawman),,,,,,,,,,,,,,,,,,,,,,,,,,,,,,,,,,,,,,,,,,,,,,,,,,,,,,,,,,,,,,,,,,,,,
Reflex Guard (/Lotus/Upgrades/Mods/Warframe/AvatarAutoParryMod),Corrupted Moa (OrokinMoaBiped),,,,,,,,,,,,,,,,,,,,,,,,,,,,,,,,,,,,,,,,,,,,,,,,,,,,,,,,,,,,,,,,,,,,,,,,,,,
Regen (/Lotus/Types/Sentinels/SentinelPrecepts/Regen),Charger (AiWeek/Quadrupeds/Quadruped),,,,,,,,,,,,,,,,,,,,,,,,,,,,,,,,,,,,,,,,,,,,,,,,,,,,,,,,,,,,,,,,,,,,,,,,,,,
Regenerative Moult (/Lotus/Powersuits/Saryn/ShedAugmentCard),,,,,,,,,,,,,,,,,,,,,,,,,,,,,,,,,,,,,,,,,,,,,,,,,,,,,,,,,,,,,,,,,,,,,,,,,,,,
Rejuvenation (/Lotus/Upgrades/Mods/Aura/PlayerHealthRegenAuraMod),,,,,,,,,,,,,,,,,,,,,,,,,,,,,,,,,,,,,,,,,,,,,,,,,,,,,,,,,,,,,,,,,,,,,,,,,,,,
Rending Crane (/Lotus/Weapons/Tenno/Melee/MeleeTrees/AxeCmbOneMeleeTree),Napalm (AIWeek/IncendiaryBombard),,,,,,,,,,,,,,,,,,,,,,,,,,,,,,,,,,,,,,,,,,,,,,,,,,,,,,,,,,,,,,,,,,,,,,,,,,,
Rending Strike (/Lotus/Upgrades/Mods/Melee/DualStat/RendingStrikeMod),,,,,,,,,,,,,,,,,,,,,,,,,,,,,,,,,,,,,,,,,,,,,,,,,,,,,,,,,,,,,,,,,,,,,,,,,,,,
Repelling Bastille (/Lotus/Powersuits/Trapper/LevTrapAugmentCard),,,,,,,,,,,,,,,,,,,,,,,,,,,,,,,,,,,,,,,,,,,,,,,,,,,,,,,,,,,,,,,,,,,,,,,,,,,,
Resonance (/Lotus/Powersuits/Banshee/SonarAugmentCard),,,,,,,,,,,,,,,,,,,,,,,,,,,,,,,,,,,,,,,,,,,,,,,,,,,,,,,,,,,,,,,,,,,,,,,,,,,,
Retribution (/Lotus/Upgrades/Mods/Warframe/AvatarRevengeDamageMelee),Shield Lancer (AIWeek/ShieldLancer),,,,,,,,,,,,,,,,,,,,,,,,,,,,,,,,,,,,,,,,,,,,,,,,,,,,,,,,,,,,,,,,,,,,,,,,,,,
Revenge (/Lotus/Types/Sentinels/SentinelPrecepts/Revenge),Moa (BipedRobot/AIWeek/LaserCannonBiped),Elite Lancer (AIWeek/EliteRifleLancer),Elite Arid Lancer (Desert/EliteRifleLancer),Elite Frontier Lancer (Forest/EliteRifleLancer),,,,,,,,,,,,,,,,,,,,,,,,,,,,,,,,,,,,,,,,,,,,,,,,,,,,,,,,,,,,,,,,,,,,,,,,
Rifle Ammo Mutation (/Lotus/Upgrades/Mods/Rifle/WeaponRifleConvertAmmoMod),,,,,,,,,,,,,,,,,,,,,,,,,,,,,,,,,,,,,,,,,,,,,,,,,,,,,,,,,,,,,,,,,,,,,,,,,,,,
Rifle Amp (/Lotus/Upgrades/Mods/Aura/PlayerRifleDamageAuraMod),,,,,,,,,,,,,,,,,,,,,,,,,,,,,,,,,,,,,,,,,,,,,,,,,,,,,,,,,,,,,,,,,,,,,,,,,,,,
Rifle Aptitude (/Lotus/Upgrades/Mods/Rifle/WeaponStunChanceMod),Flameblade (AIWeek/BlowtorchSawman),Shock (AIWeek/DeltaProsecutorLeader),Shock (AIWeek/GrineerMeleeStaffLeader),Arid Butcher (Desert/BladeSawman),Frontier Butcher (Forest/BladeSawman),,,,,,,,,,,,,,,,,,,,,,,,,,,,,,,,,,,,,,,,,,,,,,,,,,,,,,,,,,,,,,,,,,,,,,,
Rifle Scavenger (/Lotus/Upgrades/Mods/Aura/PlayerRifleAmmoAuraMod),,,,,,,,,,,,,,,,,,,,,,,,,,,,,,,,,,,,,,,,,,,,,,,,,,,,,,,,,,,,,,,,,,,,,,,,,,,,
Rift Torrent (/Lotus/Powersuits/Magician/VolatileAugmentCard),,,,,,,,,,,,,,,,,,,,,,,,,,,,,,,,,,,,,,,,,,,,,,,,,,,,,,,,,,,,,,,,,,,,,,,,,,,,
Rubedo-Lined Barrel (/Lotus/Upgrades/Mods/Archwing/Rifle/ArchwingRifleDamageAmountMod),Locust Drone (SpaceBattles/Drones/SwarmDrone),Hellion Dargyn (SpaceBattles/Skiffs/MissileSkiff),,,,,,,,,,,,,,,,,,,,,,,,,,,,,,,,,,,,,,,,,,,,,,,,,,,,,,,,,,,,,,,,,,,,,,,,,,
Ruinous Extension (/Lotus/Upgrades/Mods/Pistol/WeaponBeamDistanceMod),Jackal (QuadRobot/QuadRobot),,,,,,,,,,,,,,,,,,,,,,,,,,,,,,,,,,,,,,,,,,,,,,,,,,,,,,,,,,,,,,,,,,,,,,,,,,,
Rupture (/Lotus/Upgrades/Mods/Rifle/WeaponImpactDamageMod),Electric Crawler (AiWeek/Crawlers/Lightning),Charger (AiWeek/Quadrupeds/Quadruped),,,,,,,,,,,,,,,,,,,,,,,,,,,,,,,,,,,,,,,,,,,,,,,,,,,,,,,,,,,,,,,,,,,,,,,,,,
Rush (/Lotus/Upgrades/Mods/Warframe/AvatarSprintSpeedMod),Fusion Moa (BipedRobot/AIWeek/SuperMoaBiped),,,,,,,,,,,,,,,,,,,,,,,,,,,,,,,,,,,,,,,,,,,,,,,,,,,,,,,,,,,,,,,,,,,,,,,,,,,
Safeguard Switch (/Lotus/Powersuits/Loki/SwitchAugmentCard),,,,,,,,,,,,,,,,,,,,,,,,,,,,,,,,,,,,,,,,,,,,,,,,,,,,,,,,,,,,,,,,,,,,,,,,,,,,
Sanctuary (/Lotus/Types/Sentinels/SentinelPrecepts/Sanctuary),Bombard (AIWeek/RocketBombard),,,,,,,,,,,,,,,,,,,,,,,,,,,,,,,,,,,,,,,,,,,,,,,,,,,,,,,,,,,,,,,,,,,,,,,,,,,
Savage Silence (/Lotus/Powersuits/Banshee/SilenceAugmentCard),,,,,,,,,,,,,,,,,,,,,,,,,,,,,,,,,,,,,,,,,,,,,,,,,,,,,,,,,,,,,,,,,,,,,,,,,,,,
Savagery (/Lotus/Upgrades/Mods/Sentinel/Kubrow/KubrowClonedFinisherMod),Drahk (AIWeek/CombatKubrow),Kubrow (/Lotus/Types/NeutralCreatures/Kubrow/Kubrow),,,,,,,,,,,,,,,,,,,,,,,,,,,,,,,,,,,,,,,,,,,,,,,,,,,,,,,,,,,,,,,,,,,,,,,,,,
Sawtooth Clip (/Lotus/Upgrades/Mods/Rifle/WeaponSlashDamageMod),Arid Seeker (Desert/GrineerMarinePistol),Frontier Seeker (Forest/GrineerMarinePistol),Seeker (GrineerMarinePistol),,,,,,,,,,,,,,,,,,,,,,,,,,,,,,,,,,,,,,,,,,,,,,,,,,,,,,,,,,,,,,,,,,,,,,,,,
Scattered Justice (/Lotus/Upgrades/Mods/Syndicate/HekMod),,,,,,,,,,,,,,,,,,,,,,,,,,,,,,,,,,,,,,,,,,,,,,,,,,,,,,,,,,,,,,,,,,,,,,,,,,,,
Scavenge (/Lotus/Types/Friendly/Pets/KubrowPetPrecepts/KubrowThiefPrecept),Drahk (AIWeek/CombatKubrow),Kubrow (/Lotus/Types/NeutralCreatures/Kubrow/Kubrow),,,,,,,,,,,,,,,,,,,,,,,,,,,,,,,,,,,,,,,,,,,,,,,,,,,,,,,,,,,,,,,,,,,,,,,,,,
Second Wind (/Lotus/Upgrades/Mods/Melee/WeaponStaminaBonusMod),Corrupted Moa (OrokinMoaBiped),,,,,,,,,,,,,,,,,,,,,,,,,,,,,,,,,,,,,,,,,,,,,,,,,,,,,,,,,,,,,,,,,,,,,,,,,,,
Seeker (/Lotus/Upgrades/Mods/Pistol/WeaponPunctureDepthMod),Ancient Healer (AiWeek/Ancients/HealingAncient),Swarm-Mutalist Moa (AiWeek/InfestedMoas/NaniteCloudBiped),,,,,,,,,,,,,,,,,,,,,,,,,,,,,,,,,,,,,,,,,,,,,,,,,,,,,,,,,,,,,,,,,,,,,,,,,,
Seeking Force (/Lotus/Upgrades/Mods/Shotgun/WeaponPunctureDepthMod),Powerfist (AIWeek/PistonSawman),,,,,,,,,,,,,,,,,,,,,,,,,,,,,,,,,,,,,,,,,,,,,,,,,,,,,,,,,,,,,,,,,,,,,,,,,,,
Seeking Shuriken (/Lotus/Powersuits/Ninja/GlaiveAugmentCard),,,,,,,,,,,,,,,,,,,,,,,,,,,,,,,,,,,,,,,,,,,,,,,,,,,,,,,,,,,,,,,,,,,,,,,,,,,,
Seismic Palm (/Lotus/Weapons/Tenno/Melee/MeleeTrees/FistCmbTwoMeleeTree),Leaper (AiWeek/Runners/LeapingRunner),,,,,,,,,,,,,,,,,,,,,,,,,,,,,,,,,,,,,,,,,,,,,,,,,,,,,,,,,,,,,,,,,,,,,,,,,,,
Self Destruct (/Lotus/Upgrades/Mods/Sentinel/SentinelExplosionMod),Fusion Moa (BipedRobot/AIWeek/SuperMoaBiped),,,,,,,,,,,,,,,,,,,,,,,,,,,,,,,,,,,,,,,,,,,,,,,,,,,,,,,,,,,,,,,,,,,,,,,,,,,
Sequence Burn (/Lotus/Upgrades/Mods/Syndicate/SpectraMod),,,,,,,,,,,,,,,,,,,,,,,,,,,,,,,,,,,,,,,,,,,,,,,,,,,,,,,,,,,,,,,,,,,,,,,,,,,,
Serration (/Lotus/Upgrades/Mods/Rifle/WeaponDamageAmountMod),Scorpion (AIWeek/MacheteWoman),Nauseous Crawler (AiWeek/Crawlers/GraspingCrawler),Electric Crawler (AiWeek/Crawlers/Lightning),,,,,,,,,,,,,,,,,,,,,,,,,,,,,,,,,,,,,,,,,,,,,,,,,,,,,,,,,,,,,,,,,,,,,,,,,
Shattering Justice (/Lotus/Upgrades/Mods/Syndicate/SobekMod),,,,,,,,,,,,,,,,,,,,,,,,,,,,,,,,,,,,,,,,,,,,,,,,,,,,,,,,,,,,,,,,,,,,,,,,,,,,
Shattering Storm (/Lotus/Weapons/Tenno/Melee/MeleeTrees/HammerCmbOneMeleeTree),General Sargas Ruk (Vip/SargasRuk/SargasRukNew),,,,,,,,,,,,,,,,,,,,,,,,,,,,,,,,,,,,,,,,,,,,,,,,,,,,,,,,,,,,,,,,,,,,,,,,,,,
Shell Compression (/Lotus/Upgrades/Mods/Shotgun/WeaponAmmoMaxMod),Jackal (QuadRobot/QuadRobot),Heavy Gunner (AIWeek/HeavyFemaleGrineer),Arid Heavy Gunner (Desert/HeavyFemaleGrineerDesert),Grineer Warden (Gamemodes/WardenGrineerHeavy),Grineer Warden (Gamemodes/WardenGrineerHeavyLeader),Commander (GrineerMarineLeader),,,,,,,,,,,,,,,,,,,,,,,,,,,,,,,,,,,,,,,,,,,,,,,,,,,,,,,,,,,,,,,,,,,,,,
Shield Disruption (/Lotus/Upgrades/Mods/Aura/EnemyShieldDroneAuraMod),,,,,,,,,,,,,,,,,,,,,,,,,,,,,,,,,,,,,,,,,,,,,,,,,,,,,,,,,,,,,,,,,,,,,,,,,,,,
Shield Disruption (/Lotus/Upgrades/Mods/Aura/EnemyShieldReductionAuraMod),,,,,,,,,,,,,,,,,,,,,,,,,,,,,,,,,,,,,,,,,,,,,,,,,,,,,,,,,,,,,,,,,,,,,,,,,,,,
Shield Flux (/Lotus/Upgrades/Mods/Warframe/AvatarShieldToStaminaMod),,,,,,,,,,,,,,,,,,,,,,,,,,,,,,,,,,,,,,,,,,,,,,,,,,,,,,,,,,,,,,,,,,,,,,,,,,,,
Shield Transference (/Lotus/Powersuits/Mag/ShieldRegenAugmentCard),,,,,,,,,,,,,,,,,,,,,,,,,,,,,,,,,,,,,,,,,,,,,,,,,,,,,,,,,,,,,,,,,,,,,,,,,,,,
Shimmering Blight (/Lotus/Weapons/Tenno/Melee/MeleeTrees/PolearmCmbOneMeleeTree),Arid Seeker (Desert/GrineerMarinePistol),Frontier Seeker (Forest/GrineerMarinePistol),Seeker (GrineerMarinePistol),,,,,,,,,,,,,,,,,,,,,,,,,,,,,,,,,,,,,,,,,,,,,,,,,,,,,,,,,,,,,,,,,,,,,,,,,
Shock Absorbers (/Lotus/Upgrades/Mods/Warframe/AvatarDamageResistanceKnockdown),Jackal (QuadRobot/QuadRobot),,,,,,,,,,,,,,,,,,,,,,,,,,,,,,,,,,,,,,,,,,,,,,,,,,,,,,,,,,,,,,,,,,,,,,,,,,,
Shock Trooper (/Lotus/Powersuits/Volt/ShockAugmentCard),,,,,,,,,,,,,,,,,,,,,,,,,,,,,,,,,,,,,,,,,,,,,,,,,,,,,,,,,,,,,,,,,,,,,,,,,,,,
Shocking Speed (/Lotus/Powersuits/Volt/SpeedAugmentCard),,,,,,,,,,,,,,,,,,,,,,,,,,,,,,,,,,,,,,,,,,,,,,,,,,,,,,,,,,,,,,,,,,,,,,,,,,,,
Shocking Touch (/Lotus/Upgrades/Mods/Melee/WeaponElectricityDamageMod),Sergeant Nef Anyo (Spaceman/Vip/SniperBoss),Eviscerator (AIWeek/EviseratorLancer),Trooper (AIWeek/ShotgunLancer),Arid Eviscerator (Desert/EvisceratorLancer),Arid Trooper (Desert/ShotgunLancer),Frontier Eviscerator (Forest/EvisceratorLancer),Frontier Trooper (Forest/ShotgunLancer),Tyl Regor (Vip/NinjaLeader),,,,,,,,,,,,,,,,,,,,,,,,,,,,,,,,,,,,,,,,,,,,,,,,,,,,,,,,,,,,,,,,,,,,
Shotgun Ammo Mutation (/Lotus/Upgrades/Mods/Shotgun/WeaponShotgunConvertAmmoMod),,,,,,,,,,,,,,,,,,,,,,,,,,,,,,,,,,,,,,,,,,,,,,,,,,,,,,,,,,,,,,,,,,,,,,,,,,,,
Shotgun Savvy (/Lotus/Upgrades/Mods/Shotgun/WeaponStunChanceMod),Anti Moa (BipedRobot/AIWeek/LaserDiscBiped),Prod Crewman (Spaceman/AIWeek/MeleeSpaceman),General Sargas Ruk (Vip/SargasRuk/SargasRukNew),,,,,,,,,,,,,,,,,,,,,,,,,,,,,,,,,,,,,,,,,,,,,,,,,,,,,,,,,,,,,,,,,,,,,,,,,
Shotgun Scavenger (/Lotus/Upgrades/Mods/Aura/PlayerShellAmmoAuraMod),,,,,,,,,,,,,,,,,,,,,,,,,,,,,,,,,,,,,,,,,,,,,,,,,,,,,,,,,,,,,,,,,,,,,,,,,,,,
Shotgun Spazz (/Lotus/Upgrades/Mods/Shotgun/WeaponFireRateMod),,,,,,,,,,,,,,,,,,,,,,,,,,,,,,,,,,,,,,,,,,,,,,,,,,,,,,,,,,,,,,,,,,,,,,,,,,,,
Shred (/Lotus/Upgrades/Mods/Rifle/DualStat/ShredMod),,,,,,,,,,,,,,,,,,,,,,,,,,,,,,,,,,,,,,,,,,,,,,,,,,,,,,,,,,,,,,,,,,,,,,,,,,,,
Shredder (/Lotus/Upgrades/Mods/Shotgun/WeaponSlashDamageMod),Crewman (Spaceman/AIWeek/ShotgunSpaceman),Boiler (AiWeek/Ancients/SpawningAncient),Toxic Ancient (AiWeek/Ancients/ToxicAncient),,,,,,,,,,,,,,,,,,,,,,,,,,,,,,,,,,,,,,,,,,,,,,,,,,,,,,,,,,,,,,,,,,,,,,,,,
Sinister Reach (/Lotus/Upgrades/Mods/Rifle/WeaponBeamDistanceMod),Mine Osprey (Drones/AIWeek/MineDrone),Mutalist-Osprey (AiWeek/InfestedDrones/PoisonDrone),,,,,,,,,,,,,,,,,,,,,,,,,,,,,,,,,,,,,,,,,,,,,,,,,,,,,,,,,,,,,,,,,,,,,,,,,,
Sinking Talon (/Lotus/Weapons/Tenno/Melee/MeleeTrees/DualDaggerCmbOneMeleeTree),Crewman (Spaceman/AIWeek/ShotgunSpaceman),,,,,,,,,,,,,,,,,,,,,,,,,,,,,,,,,,,,,,,,,,,,,,,,,,,,,,,,,,,,,,,,,,,,,,,,,,,
Slip Magazine (/Lotus/Upgrades/Mods/Pistol/WeaponClipMaxMod),Alad V (Vip/AladV/AladBoss),Mutalist Alad V (Vip/InfestedAladV/InfestedAladBoss),Heavy Gunner (AIWeek/HeavyFemaleGrineer),Arid Heavy Gunner (Desert/HeavyFemaleGrineerDesert),Grineer Warden (Gamemodes/WardenGrineerHeavy),Grineer Warden (Gamemodes/WardenGrineerHeavyLeader),Commander (GrineerMarineLeader),Captain Vor (Vip/CaptainVorBoss),Boiler (AiWeek/Ancients/SpawningAncient),Toxic Ancient (AiWeek/Ancients/ToxicAncient),,,,,,,,,,,,,,,,,,,,,,,,,,,,,,,,,,,,,,,,,,,,,,,,,,,,,,,,,,,,,,,,,,
Smite Corpus (/Lotus/Upgrades/Mods/Melee/WeaponMeleeFactionDamageCorpus),Fusion Moa (BipedRobot/AIWeek/SuperMoaBiped),,,,,,,,,,,,,,,,,,,,,,,,,,,,,,,,,,,,,,,,,,,,,,,,,,,,,,,,,,,,,,,,,,,,,,,,,,,
Smite Grineer (/Lotus/Upgrades/Mods/Melee/WeaponMeleeFactionDamageGrineer),Moa (BipedRobot/AIWeek/LaserCannonBiped),Drahk Master (AIWeek/BeastMaster),Butcher (AIWeek/BladeSawman),Guardsman (AIWeek/GrineerMeleeStaff),,,,,,,,,,,,,,,,,,,,,,,,,,,,,,,,,,,,,,,,,,,,,,,,,,,,,,,,,,,,,,,,,,,,,,,,
Smite Infested (/Lotus/Upgrades/Mods/Melee/WeaponMeleeFactionDamageInfested),Shield Lancer (AIWeek/ShieldLancer),,,,,,,,,,,,,,,,,,,,,,,,,,,,,,,,,,,,,,,,,,,,,,,,,,,,,,,,,,,,,,,,,,,,,,,,,,,
Smite Infusion (/Lotus/Powersuits/Paladin/SmiteAugmentCard),,,,,,,,,,,,,,,,,,,,,,,,,,,,,,,,,,,,,,,,,,,,,,,,,,,,,,,,,,,,,,,,,,,,,,,,,,,,
Smoke Shadow (/Lotus/Powersuits/Ninja/SmokeScreenAugmentCard),,,,,,,,,,,,,,,,,,,,,,,,,,,,,,,,,,,,,,,,,,,,,,,,,,,,,,,,,,,,,,,,,,,,,,,,,,,,
Sniper Ammo Mutation (/Lotus/Upgrades/Mods/Rifle/WeaponSnipersConvertAmmoMod),,,,,,,,,,,,,,,,,,,,,,,,,,,,,,,,,,,,,,,,,,,,,,,,,,,,,,,,,,,,,,,,,,,,,,,,,,,,
Sniper Scavenger (/Lotus/Upgrades/Mods/Aura/PlayerSniperAmmoAuraMod),,,,,,,,,,,,,,,,,,,,,,,,,,,,,,,,,,,,,,,,,,,,,,,,,,,,,,,,,,,,,,,,,,,,,,,,,,,,
Soul Survivor (/Lotus/Powersuits/Necro/SoulPunchAugmentCard),,,,,,,,,,,,,,,,,,,,,,,,,,,,,,,,,,,,,,,,,,,,,,,,,,,,,,,,,,,,,,,,,,,,,,,,,,,,
Spare Parts (/Lotus/Upgrades/Mods/Sentinel/SentinelDropChanceMod),Lephantis (Vip/GolemFull),Corrupted Heavy Gunner (OrokinHeavyFemale),,,,,,,,,,,,,,,,,,,,,,,,,,,,,,,,,,,,,,,,,,,,,,,,,,,,,,,,,,,,,,,,,,,,,,,,,,
Speed Holster (/Lotus/Upgrades/Mods/Aura/PlayerHolsterSpeedAuraMod),,,,,,,,,,,,,,,,,,,,,,,,,,,,,,,,,,,,,,,,,,,,,,,,,,,,,,,,,,,,,,,,,,,,,,,,,,,,
Speed Trigger (/Lotus/Upgrades/Mods/Rifle/WeaponFireRateMod),Charger (AiWeek/Quadrupeds/Quadruped),,,,,,,,,,,,,,,,,,,,,,,,,,,,,,,,,,,,,,,,,,,,,,,,,,,,,,,,,,,,,,,,,,,,,,,,,,,
Split Chamber (/Lotus/Upgrades/Mods/Rifle/WeaponFireIterationsMod),Sapping Osprey (Drones/AIWeek/DiscDrone),Leech Osprey (Drones/AIWeek/LeechDrone),Raptor (Drones/Vip/DroneAttack),Vem Tabook (DeathSquad/DeathSquadA),Leekter (DeathSquad/DeathSquadB),Shik Tal (DeathSquad/DeathSquadC),General Sargas Ruk (Vip/SargasRuk/SargasRukNew),,,,,,,,,,,,,,,,,,,,,,,,,,,,,,,,,,,,,,,,,,,,,,,,,,,,,,,,,,,,,,,,,,,,,
Spoiled Strike (/Lotus/Upgrades/Mods/Melee/DualStat/CorruptedDamageSpeedMod),,,,,,,,,,,,,,,,,,,,,,,,,,,,,,,,,,,,,,,,,,,,,,,,,,,,,,,,,,,,,,,,,,,,,,,,,,,,
Sprint Boost (/Lotus/Upgrades/Mods/Aura/PlayerSprintAuraMod),,,,,,,,,,,,,,,,,,,,,,,,,,,,,,,,,,,,,,,,,,,,,,,,,,,,,,,,,,,,,,,,,,,,,,,,,,,,
Stabilizer (/Lotus/Upgrades/Mods/Rifle/WeaponRecoilReductionMod),Lephantis (Vip/GolemFull),,,,,,,,,,,,,,,,,,,,,,,,,,,,,,,,,,,,,,,,,,,,,,,,,,,,,,,,,,,,,,,,,,,,,,,,,,,
Stalk (/Lotus/Types/Friendly/Pets/KubrowPetPrecepts/KubrowCloakPrecept),Drahk (AIWeek/CombatKubrow),Kubrow (/Lotus/Types/NeutralCreatures/Kubrow/Kubrow),,,,,,,,,,,,,,,,,,,,,,,,,,,,,,,,,,,,,,,,,,,,,,,,,,,,,,,,,,,,,,,,,,,,,,,,,,
Stalking Fan (/Lotus/Weapons/Tenno/Melee/MeleeTrees/ScytheCmbTwoMeleeTree),Nullifier Crewman (Spaceman/AIWeek/NullifySpaceman),Sniper Crewman (Spaceman/AIWeek/SniperSpaceman),,,,,,,,,,,,,,,,,,,,,,,,,,,,,,,,,,,,,,,,,,,,,,,,,,,,,,,,,,,,,,,,,,,,,,,,,,
Steady Hands (/Lotus/Upgrades/Mods/Pistol/WeaponRecoilReductionMod),Corrupted Crewman (RifleSpaceman),,,,,,,,,,,,,,,,,,,,,,,,,,,,,,,,,,,,,,,,,,,,,,,,,,,,,,,,,,,,,,,,,,,,,,,,,,,
Steel Charge (/Lotus/Upgrades/Mods/Aura/PlayerMeleeAuraMod),,,,,,,,,,,,,,,,,,,,,,,,,,,,,,,,,,,,,,,,,,,,,,,,,,,,,,,,,,,,,,,,,,,,,,,,,,,,
Steel Fiber (/Lotus/Upgrades/Mods/Sentinel/SentinelArmourMod),Prod Crewman (Spaceman/AIWeek/MeleeSpaceman),,,,,,,,,,,,,,,,,,,,,,,,,,,,,,,,,,,,,,,,,,,,,,,,,,,,,,,,,,,,,,,,,,,,,,,,,,,
Steel Fiber (/Lotus/Upgrades/Mods/Warframe/AvatarArmourMod),Tyl Regor (Vip/NinjaLeader),Crawler (AiWeek/Crawlers/Crawler),,,,,,,,,,,,,,,,,,,,,,,,,,,,,,,,,,,,,,,,,,,,,,,,,,,,,,,,,,,,,,,,,,,,,,,,,,
Stinging Truth (/Lotus/Upgrades/Mods/Syndicate/ViperMod),,,,,,,,,,,,,,,,,,,,,,,,,,,,,,,,,,,,,,,,,,,,,,,,,,,,,,,,,,,,,,,,,,,,,,,,,,,,
Stormbringer (/Lotus/Upgrades/Mods/Rifle/WeaponElectricityDamageMod),Lynx (QuadRobot/MiniBoss/QuadRobotMiniBoss),Ballista (AIWeek/FemaleGrineer),,,,,,,,,,,,,,,,,,,,,,,,,,,,,,,,,,,,,,,,,,,,,,,,,,,,,,,,,,,,,,,,,,,,,,,,,,
Streamline (/Lotus/Upgrades/Mods/Warframe/AvatarAbilityEfficiencyMod),Hellion (AIWeek/JetpackMarine),Lancer (AIWeek/RifleLancer),Arid Hellion (Desert/JetpackMarine),Arid Lancer (Desert/RifleLancer),Frontier Hellion (Forest/JetpackMarine),Frontier Lancer (Forest/RifleLancer),Frontier Heavy Gunner (Forest/HeavyFemaleGrineerDesert),,,,,,,,,,,,,,,,,,,,,,,,,,,,,,,,,,,,,,,,,,,,,,,,,,,,,,,,,,,,,,,,,,,,,
Stretch (/Lotus/Upgrades/Mods/Warframe/AvatarAbilityRangeMod),Shockwave Moa (BipedRobot/AIWeek/ShockwaveBiped),Sapping Osprey (Drones/AIWeek/DiscDrone),Leech Osprey (Drones/AIWeek/LeechDrone),Raptor (Drones/Vip/DroneAttack),Lt Lech Kril (Vip/BossLechKril),Kela De Thaym (Vip/HeavyRocketFemale),Vay Hek Terra Frame (Vip/Hek/HekBiped),Councilor Vay Hek (Vip/Hek/HekDrone),Phorid (Vip/QuadrupedVIP),,,,,,,,,,,,,,,,,,,,,,,,,,,,,,,,,,,,,,,,,,,,,,,,,,,,,,,,,,,,,,,,,,,
Striker (/Lotus/Types/Sentinels/SentinelPrecepts/BoomStick),Corrupted Moa (OrokinMoaBiped),,,,,,,,,,,,,,,,,,,,,,,,,,,,,,,,,,,,,,,,,,,,,,,,,,,,,,,,,,,,,,,,,,,,,,,,,,,
Stunning Speed (/Lotus/Upgrades/Mods/Pistol/DualStat/StunningSpeedMod),,,,,,,,,,,,,,,,,,,,,,,,,,,,,,,,,,,,,,,,,,,,,,,,,,,,,,,,,,,,,,,,,,,,,,,,,,,,
Sudden Impact (/Lotus/Upgrades/Mods/Archwing/Melee/ArchwingMeleeStatusChanceMod),Locust Drone (SpaceBattles/Drones/SwarmDrone),Hellion Dargyn (SpaceBattles/Skiffs/MissileSkiff),,,,,,,,,,,,,,,,,,,,,,,,,,,,,,,,,,,,,,,,,,,,,,,,,,,,,,,,,,,,,,,,,,,,,,,,,,
Sundering Strike (/Lotus/Upgrades/Mods/Melee/WeaponArmorPiercingDamageMod),Volatile Runner (AiWeek/Runners/SuicideRunner),,,,,,,,,,,,,,,,,,,,,,,,,,,,,,,,,,,,,,,,,,,,,,,,,,,,,,,,,,,,,,,,,,,,,,,,,,,
Sundering Weave (/Lotus/Weapons/Tenno/Melee/MeleeTrees/MacheteCmbOneMeleeTree),Eviscerator (AIWeek/EviseratorLancer),Trooper (AIWeek/ShotgunLancer),Arid Eviscerator (Desert/EvisceratorLancer),Arid Trooper (Desert/ShotgunLancer),Frontier Eviscerator (Forest/EvisceratorLancer),Frontier Trooper (Forest/ShotgunLancer),,,,,,,,,,,,,,,,,,,,,,,,,,,,,,,,,,,,,,,,,,,,,,,,,,,,,,,,,,,,,,,,,,,,,,
Superior Defenses (/Lotus/Upgrades/Mods/Archwing/Suit/ArchwingSuitShieldRechargeRateMod),Gox (SpaceBattles/Ships/CrpPod),Corvette (SpaceBattles/Ships/FlakShip),,,,,,,,,,,,,,,,,,,,,,,,,,,,,,,,,,,,,,,,,,,,,,,,,,,,,,,,,,,,,,,,,,,,,,,,,,
Suppress (/Lotus/Upgrades/Mods/Pistol/WeaponNoiseReductionMod),Corrupted Crewman (RifleSpaceman),,,,,,,,,,,,,,,,,,,,,,,,,,,,,,,,,,,,,,,,,,,,,,,,,,,,,,,,,,,,,,,,,,,,,,,,,,,
Sure Footed (/Lotus/Upgrades/Mods/Warframe/AvatarKnockdownResistanceMod),Bombard (AIWeek/RocketBombard),,,,,,,,,,,,,,,,,,,,,,,,,,,,,,,,,,,,,,,,,,,,,,,,,,,,,,,,,,,,,,,,,,,,,,,,,,,
Sure Shot (/Lotus/Upgrades/Mods/Pistol/WeaponStunChanceMod),Scorch (AIWeek/FlameLancer),Electric Crawler (AiWeek/Crawlers/Lightning),,,,,,,,,,,,,,,,,,,,,,,,,,,,,,,,,,,,,,,,,,,,,,,,,,,,,,,,,,,,,,,,,,,,,,,,,,
Surging Dash (/Lotus/Powersuits/Excalibur/SlashDashAugmentCard),,,,,,,,,,,,,,,,,,,,,,,,,,,,,,,,,,,,,,,,,,,,,,,,,,,,,,,,,,,,,,,,,,,,,,,,,,,,
Swift Deth (/Lotus/Types/Sentinels/SentinelPrecepts/SwiftDeth),Scorch (AIWeek/FlameLancer),Leaper (AiWeek/Runners/LeapingRunner),,,,,,,,,,,,,,,,,,,,,,,,,,,,,,,,,,,,,,,,,,,,,,,,,,,,,,,,,,,,,,,,,,,,,,,,,,
Swing Line (/Lotus/Powersuits/Berserker/GrappleAugmentCard),,,,,,,,,,,,,,,,,,,,,,,,,,,,,,,,,,,,,,,,,,,,,,,,,,,,,,,,,,,,,,,,,,,,,,,,,,,,
Swirling Tiger (/Lotus/Weapons/Tenno/Melee/MeleeTrees/DualSwordCmbOneMeleeTree),Anti Moa (BipedRobot/AIWeek/LaserDiscBiped),Corpus Warden (Gamemodes/DeployableSpacemanWarden),Corpus Warden (Gamemodes/DeployableSpacemanWardenLeader),Corpus Tech (Spaceman/AIWeek/DeployableSpaceman),Scorch (AIWeek/FlameLancer),,,,,,,,,,,,,,,,,,,,,,,,,,,,,,,,,,,,,,,,,,,,,,,,,,,,,,,,,,,,,,,,,,,,,,,
System Reroute (/Lotus/Upgrades/Mods/Archwing/Suit/ArchwingSuitAbilityEfficiencyMod),Ogma (SpaceBattles/Pods/CombatPod),Hellion Dargyn (SpaceBattles/Skiffs/MissileSkiff),,,,,,,,,,,,,,,,,,,,,,,,,,,,,,,,,,,,,,,,,,,,,,,,,,,,,,,,,,,,,,,,,,,,,,,,,,
Tactical Pump (/Lotus/Upgrades/Mods/Shotgun/WeaponReloadSpeedMod),Jackal (QuadRobot/QuadRobot),Bombard (AIWeek/RocketBombard),,,,,,,,,,,,,,,,,,,,,,,,,,,,,,,,,,,,,,,,,,,,,,,,,,,,,,,,,,,,,,,,,,,,,,,,,,
Tainted Clip (/Lotus/Upgrades/Mods/Pistol/DualStat/CorruptedMaxClipReloadSpeedPistol),,,,,,,,,,,,,,,,,,,,,,,,,,,,,,,,,,,,,,,,,,,,,,,,,,,,,,,,,,,,,,,,,,,,,,,,,,,,
Tainted Mag (/Lotus/Upgrades/Mods/Rifle/DualStat/CorruptedMaxClipReloadSpeedRifle),,,,,,,,,,,,,,,,,,,,,,,,,,,,,,,,,,,,,,,,,,,,,,,,,,,,,,,,,,,,,,,,,,,,,,,,,,,,
Tainted Shell (/Lotus/Upgrades/Mods/Shotgun/DualStat/CorruptedAccuracyFireRateShotgun),,,,,,,,,,,,,,,,,,,,,,,,,,,,,,,,,,,,,,,,,,,,,,,,,,,,,,,,,,,,,,,,,,,,,,,,,,,,
Target Cracker (/Lotus/Upgrades/Mods/Pistol/WeaponCritDamageMod),Powerfist (AIWeek/PistonSawman),,,,,,,,,,,,,,,,,,,,,,,,,,,,,,,,,,,,,,,,,,,,,,,,,,,,,,,,,,,,,,,,,,,,,,,,,,,
Tempered Blade (/Lotus/Upgrades/Mods/Archwing/Melee/ArchwingMeleeCritChanceMod),Ranger (SpaceBattles/CrewMan/JetpackMarine),Quanta Ranger (SpaceBattles/CrewMan/JetpackMarineThree),Penta Ranger (SpaceBattles/CrewMan/JetpackMarineTwo),Frigate (SpaceBattles/Ships/LaserShip),,,,,,,,,,,,,,,,,,,,,,,,,,,,,,,,,,,,,,,,,,,,,,,,,,,,,,,,,,,,,,,,,,,,,,,,
Terminal Velocity (/Lotus/Upgrades/Mods/Rifle/WeaponProjectileSpeedMod),,,,,,,,,,,,,,,,,,,,,,,,,,,,,,,,,,,,,,,,,,,,,,,,,,,,,,,,,,,,,,,,,,,,,,,,,,,,
Tesla Link (/Lotus/Powersuits/Trapper/ZapTrapAugmentCard),,,,,,,,,,,,,,,,,,,,,,,,,,,,,,,,,,,,,,,,,,,,,,,,,,,,,,,,,,,,,,,,,,,,,,,,,,,,
Thief's Wit (/Lotus/Upgrades/Mods/Warframe/AvatarLootRadarMod),Anti Moa (BipedRobot/AIWeek/LaserDiscBiped),Fusion Moa (BipedRobot/AIWeek/SuperMoaBiped),Sergeant Nef Anyo (Spaceman/Vip/SniperBoss),Shield Lancer (AIWeek/ShieldLancer),,,,,,,,,,,,,,,,,,,,,,,,,,,,,,,,,,,,,,,,,,,,,,,,,,,,,,,,,,,,,,,,,,,,,,,,
Thumper (/Lotus/Types/Sentinels/SentinelPrecepts/Thumper),Corrupted Lancer (RifleLancer),,,,,,,,,,,,,,,,,,,,,,,,,,,,,,,,,,,,,,,,,,,,,,,,,,,,,,,,,,,,,,,,,,,,,,,,,,,
Thunderbolt (/Lotus/Upgrades/Mods/Rifle/BowExplosionChanceMod),Elite Lancer (AIWeek/EliteRifleLancer),Elite Arid Lancer (Desert/EliteRifleLancer),Elite Frontier Lancer (Forest/EliteRifleLancer),,,,,,,,,,,,,,,,,,,,,,,,,,,,,,,,,,,,,,,,,,,,,,,,,,,,,,,,,,,,,,,,,,,,,,,,,
Tidal Impunity (/Lotus/Powersuits/Pirate/TidalWaveAugmentCard),,,,,,,,,,,,,,,,,,,,,,,,,,,,,,,,,,,,,,,,,,,,,,,,,,,,,,,,,,,,,,,,,,,,,,,,,,,,
Total Eclipse (/Lotus/Powersuits/Harlequin/LightAugmentCard),,,,,,,,,,,,,,,,,,,,,,,,,,,,,,,,,,,,,,,,,,,,,,,,,,,,,,,,,,,,,,,,,,,,,,,,,,,,
Toxic Barrage (/Lotus/Upgrades/Mods/Shotgun/DualStat/PoisonEventShotgunMod),Vor (Vip/VorTwo/VorTwoBoss),,,,,,,,,,,,,,,,,,,,,,,,,,,,,,,,,,,,,,,,,,,,,,,,,,,,,,,,,,,,,,,,,,,,,,,,,,,
Toxic Blight (/Lotus/Upgrades/Mods/Syndicate/MireMod),,,,,,,,,,,,,,,,,,,,,,,,,,,,,,,,,,,,,,,,,,,,,,,,,,,,,,,,,,,,,,,,,,,,,,,,,,,,
Toxic Sequence (/Lotus/Upgrades/Mods/Syndicate/AcridMod),,,,,,,,,,,,,,,,,,,,,,,,,,,,,,,,,,,,,,,,,,,,,,,,,,,,,,,,,,,,,,,,,,,,,,,,,,,,
Tranquil Cleave (/Lotus/Weapons/Tenno/Melee/MeleeTrees/KatanaCmbOneMeleeTree),Arid Butcher (Desert/BladeSawman),Frontier Butcher (Forest/BladeSawman),,,,,,,,,,,,,,,,,,,,,,,,,,,,,,,,,,,,,,,,,,,,,,,,,,,,,,,,,,,,,,,,,,,,,,,,,,
Transient Fortitude (/Lotus/Upgrades/Mods/Warframe/DualStat/CorruptedPowerStrengthPowerDurationWarframe),,,,,,,,,,,,,,,,,,,,,,,,,,,,,,,,,,,,,,,,,,,,,,,,,,,,,,,,,,,,,,,,,,,,,,,,,,,,
Trick Mag (/Lotus/Upgrades/Mods/Pistol/WeaponAmmoMaxMod),Railgun Moa (BipedRobot/AIWeek/RailgunBiped),Shockwave Moa (BipedRobot/AIWeek/ShockwaveBiped),Shield Osprey (Drones/AIWeek/ShieldDrone),Lynx Osprey (QuadRobot/MiniBoss/ShieldDroneMiniBoss),Lynx Turret (QuadRobot/MiniBoss/TurretQuadMiniBoss),Hyena Th (Vip/Hyena/HyenaElec),Hyena Ng (Vip/Hyena/HyenaFire),Hyena Pb (Vip/Hyena/HyenaGun),Hyena Ln2 (Vip/Hyena/HyenaIce),Flameblade (AIWeek/BlowtorchSawman),Shock (AIWeek/DeltaProsecutorLeader),Shock (AIWeek/GrineerMeleeStaffLeader),Roller (AIWeek/RollingDrone),Lobber Crawler (AiWeek/Crawlers/Grenade),Toxic Crawler (AiWeek/Crawlers/NoxiousCrawler),,,,,,,,,,,,,,,,,,,,,,,,,,,,,,,,,,,,,,,,,,,,,,,,,,,,,,,,,,,,,
True Punishment (/Lotus/Upgrades/Mods/Melee/Channel/ChannelCritsMod),,,,,,,,,,,,,,,,,,,,,,,,,,,,,,,,,,,,,,,,,,,,,,,,,,,,,,,,,,,,,,,,,,,,,,,,,,,,
True Steel (/Lotus/Upgrades/Mods/Melee/WeaponCritChanceMod),Shield Osprey (Drones/AIWeek/ShieldDrone),Scavenger Drone (Drones/AIWeek/VacDrone),Lynx Osprey (QuadRobot/MiniBoss/ShieldDroneMiniBoss),Lynx Turret (QuadRobot/MiniBoss/TurretQuadMiniBoss),Hyena Th (Vip/Hyena/HyenaElec),Hyena Ng (Vip/Hyena/HyenaFire),Hyena Pb (Vip/Hyena/HyenaGun),Hyena Ln2 (Vip/Hyena/HyenaIce),Bombard (AIWeek/RocketBombard),Roller (AIWeek/RollingDrone),Tyl Regor (Vip/NinjaLeader),,,,,,,,,,,,,,,,,,,,,,,,,,,,,,,,,,,,,,,,,,,,,,,,,,,,,,,,,,,,,,,,,
Uncommon Fusion Core (/Lotus/Upgrades/Mods/Fusers/UncommonModFuser),Railgun Moa (BipedRobot/AIWeek/RailgunBiped),Fusion Moa (BipedRobot/AIWeek/SuperMoaBiped),Mine Osprey (Drones/AIWeek/MineDrone),Shield Osprey (Drones/AIWeek/ShieldDrone),Oxium Osprey (Drones/AIWeek/SuicideDrone),Attack Drone (Drones/DroneDroneAttack),Corpus Warden (Gamemodes/DeployableSpacemanWarden),Corpus Warden (Gamemodes/DeployableSpacemanWardenLeader),Lynx Osprey (QuadRobot/MiniBoss/ShieldDroneMiniBoss),Lynx Turret (QuadRobot/MiniBoss/TurretQuadMiniBoss),Corpus Tech (Spaceman/AIWeek/DeployableSpaceman),Nullifier Crewman (Spaceman/AIWeek/NullifySpaceman),Crewman (Spaceman/AIWeek/ShotgunSpaceman),Sniper Crewman (Spaceman/AIWeek/SniperSpaceman),Elite Crewman (Spaceman/EliteSpaceman),Drahk Master (AIWeek/BeastMaster),Butcher (AIWeek/BladeSawman),Flameblade (AIWeek/BlowtorchSawman),Shock (AIWeek/DeltaProsecutorLeader),Elite Lancer (AIWeek/EliteRifleLancer),Ballista (AIWeek/FemaleGrineer),Scorch (AIWeek/FlameLancer),Guardsman (AIWeek/GrineerMeleeStaff),Shock (AIWeek/GrineerMeleeStaffLeader),Heavy Gunner (AIWeek/HeavyFemaleGrineer),Napalm (AIWeek/IncendiaryBombard),Scorpion (AIWeek/MacheteWoman),Powerfist (AIWeek/PistonSawman),Roller (AIWeek/RollingDrone),Shield Lancer (AIWeek/ShieldLancer),Arid Butcher (Desert/BladeSawman),Elite Arid Lancer (Desert/EliteRifleLancer),Arid Heavy Gunner (Desert/HeavyFemaleGrineerDesert),Frontier Butcher (Forest/BladeSawman),Elite Frontier Lancer (Forest/EliteRifleLancer),Grineer Warden (Gamemodes/WardenGrineerHeavy),Grineer Warden (Gamemodes/WardenGrineerHeavyLeader),Frontier Regulator (SpecialEvents/ForestDrone),Regulator (SpecialEvents/SurveillanceDrone),Vay Hek Terra Frame (Vip/Hek/HekBiped),Councilor Vay Hek (Vip/Hek/HekDrone),Ancient Healer (AiWeek/Ancients/HealingAncient),Boiler (AiWeek/Ancients/SpawningAncient),Toxic Ancient (AiWeek/Ancients/ToxicAncient),Crawler (AiWeek/Crawlers/Crawler),Lobber Crawler (AiWeek/Crawlers/Grenade),Electric Crawler (AiWeek/Crawlers/Lightning),Toxic Crawler (AiWeek/Crawlers/NoxiousCrawler),Mutalist-Osprey (AiWeek/InfestedDrones/PoisonDrone),Swarm-Mutalist Moa (AiWeek/InfestedMoas/NaniteCloudBiped),Corrupted Ancient (OrokinHealingAncient),Corrupted Heavy Gunner (OrokinHeavyFemale),Orokin Drone (OrokinShieldDrone),Corrupted Lancer (RifleLancer),Ranger (SpaceBattles/CrewMan/JetpackMarine),Quanta Ranger (SpaceBattles/CrewMan/JetpackMarineThree),Penta Ranger (SpaceBattles/CrewMan/JetpackMarineTwo),Locust Drone (SpaceBattles/Drones/SwarmDrone),Gox (SpaceBattles/Ships/CrpPod),Corvette (SpaceBattles/Ships/FlakShip),Frigate (SpaceBattles/Ships/LaserShip),Carrier (SpaceBattles/Ships/SwarmShip),Attack Drone (SpaceBattles/CrpSpaceDroneAttack),Dreg (SpaceBattles/Drones/GrineerSpaceDrone),Lancer Dreg (SpaceBattles/Drones/LaserDrone),Temporal Dreg (SpaceBattles/Drones/StasisDrone),Ogma (SpaceBattles/Pods/CombatPod),Dargyn (SpaceBattles/Skiffs/GrineerSpaceMarine),Shield-Hellion Dargyn (SpaceBattles/Skiffs/MissileShieldSkiff),Hellion Dargyn (SpaceBattles/Skiffs/MissileSkiff),Shield Dargyn (SpaceBattles/Skiffs/ShieldSkiff),,,,,
Undying Will (/Lotus/Upgrades/Mods/Warframe/AvatarBleedoutDelayMod),Elite Lancer (AIWeek/EliteRifleLancer),Elite Arid Lancer (Desert/EliteRifleLancer),Elite Frontier Lancer (Forest/EliteRifleLancer),,,,,,,,,,,,,,,,,,,,,,,,,,,,,,,,,,,,,,,,,,,,,,,,,,,,,,,,,,,,,,,,,,,,,,,,,
Unleashed (/Lotus/Types/Friendly/Pets/KubrowPetPrecepts/KubrowVipChasePrecept),Drahk (AIWeek/CombatKubrow),Kubrow (/Lotus/Types/NeutralCreatures/Kubrow/Kubrow),,,,,,,,,,,,,,,,,,,,,,,,,,,,,,,,,,,,,,,,,,,,,,,,,,,,,,,,,,,,,,,,,,,,,,,,,,
Vacuum (/Lotus/Types/Sentinels/SentinelPrecepts/ItemVacum),Corrupted Lancer (RifleLancer),,,,,,,,,,,,,,,,,,,,,,,,,,,,,,,,,,,,,,,,,,,,,,,,,,,,,,,,,,,,,,,,,,,,,,,,,,,
Vaporize (/Lotus/Types/Sentinels/SentinelPrecepts/Vaporize),Fusion Moa (BipedRobot/AIWeek/SuperMoaBiped),Powerfist (AIWeek/PistonSawman),,,,,,,,,,,,,,,,,,,,,,,,,,,,,,,,,,,,,,,,,,,,,,,,,,,,,,,,,,,,,,,,,,,,,,,,,,
Venom Dose (/Lotus/Powersuits/Saryn/PoisonAugmentCard),,,,,,,,,,,,,,,,,,,,,,,,,,,,,,,,,,,,,,,,,,,,,,,,,,,,,,,,,,,,,,,,,,,,,,,,,,,,
Venomous Clip (/Lotus/Upgrades/Mods/Archwing/Rifle/ArchwingWeaponToxinDamageMod),Carrier (SpaceBattles/Ships/SwarmShip),Lancer Dreg (SpaceBattles/Drones/LaserDrone),,,,,,,,,,,,,,,,,,,,,,,,,,,,,,,,,,,,,,,,,,,,,,,,,,,,,,,,,,,,,,,,,,,,,,,,,,
Vicious Spread (/Lotus/Upgrades/Mods/Shotgun/DualStat/CorruptedDamageAccuracyShotgun),,,,,,,,,,,,,,,,,,,,,,,,,,,,,,,,,,,,,,,,,,,,,,,,,,,,,,,,,,,,,,,,,,,,,,,,,,,,
Vigor (/Lotus/Upgrades/Mods/Warframe/DualStat/VigorMod),,,,,,,,,,,,,,,,,,,,,,,,,,,,,,,,,,,,,,,,,,,,,,,,,,,,,,,,,,,,,,,,,,,,,,,,,,,,
Vile Acceleration (/Lotus/Upgrades/Mods/Rifle/DualStat/CorruptedFireRateDamageRifle),,,,,,,,,,,,,,,,,,,,,,,,,,,,,,,,,,,,,,,,,,,,,,,,,,,,,,,,,,,,,,,,,,,,,,,,,,,,
Vile Precision (/Lotus/Upgrades/Mods/Rifle/DualStat/CorruptedRecoilFireRateRifle),,,,,,,,,,,,,,,,,,,,,,,,,,,,,,,,,,,,,,,,,,,,,,,,,,,,,,,,,,,,,,,,,,,,,,,,,,,,
Virulent Scourge (/Lotus/Upgrades/Mods/Melee/DualStat/PoisonEventMeleeMod),Vor (Vip/VorTwo/VorTwoBoss),,,,,,,,,,,,,,,,,,,,,,,,,,,,,,,,,,,,,,,,,,,,,,,,,,,,,,,,,,,,,,,,,,,,,,,,,,,
Vital Sense (/Lotus/Upgrades/Mods/Rifle/WeaponCritDamageMod),Prod Crewman (Spaceman/AIWeek/MeleeSpaceman),,,,,,,,,,,,,,,,,,,,,,,,,,,,,,,,,,,,,,,,,,,,,,,,,,,,,,,,,,,,,,,,,,,,,,,,,,,
Vitality (/Lotus/Upgrades/Mods/Sentinel/SentinelHealthMaxMod),Anti Moa (BipedRobot/AIWeek/LaserDiscBiped),Fusion Moa (BipedRobot/AIWeek/SuperMoaBiped),Shield Osprey (Drones/AIWeek/ShieldDrone),Lynx Osprey (QuadRobot/MiniBoss/ShieldDroneMiniBoss),Lynx Turret (QuadRobot/MiniBoss/TurretQuadMiniBoss),Napalm (AIWeek/IncendiaryBombard),Roller (AIWeek/RollingDrone),,,,,,,,,,,,,,,,,,,,,,,,,,,,,,,,,,,,,,,,,,,,,,,,,,,,,,,,,,,,,,,,,,,,,
Vitality (/Lotus/Upgrades/Mods/Warframe/AvatarHealthMaxMod),Oxium Osprey (Drones/AIWeek/SuicideDrone),Attack Drone (Drones/DroneDroneAttack),Alad V (Vip/AladV/AladBoss),Mutalist Alad V (Vip/InfestedAladV/InfestedAladBoss),Hellion (AIWeek/JetpackMarine),Lancer (AIWeek/RifleLancer),Arid Hellion (Desert/JetpackMarine),Arid Lancer (Desert/RifleLancer),Frontier Hellion (Forest/JetpackMarine),Frontier Lancer (Forest/RifleLancer),Frontier Heavy Gunner (Forest/HeavyFemaleGrineerDesert),Frontier Regulator (SpecialEvents/ForestDrone),Regulator (SpecialEvents/SurveillanceDrone),Captain Vor (Vip/CaptainVorBoss),Tyl Regor (Vip/NinjaLeader),,,,,,,,,,,,,,,,,,,,,,,,,,,,,,,,,,,,,,,,,,,,,,,,,,,,,,,,,,,,,
Warm Coat (/Lotus/Upgrades/Mods/Warframe/AvatarMissionSpecificResistanceIce),Bombard (AIWeek/RocketBombard),Boiler (AiWeek/Ancients/SpawningAncient),Toxic Ancient (AiWeek/Ancients/ToxicAncient),,,,,,,,,,,,,,,,,,,,,,,,,,,,,,,,,,,,,,,,,,,,,,,,,,,,,,,,,,,,,,,,,,,,,,,,,
Warrior (/Lotus/Types/Sentinels/SentinelPrecepts/Warrior),Nullifier Crewman (Spaceman/AIWeek/NullifySpaceman),Sniper Crewman (Spaceman/AIWeek/SniperSpaceman),,,,,,,,,,,,,,,,,,,,,,,,,,,,,,,,,,,,,,,,,,,,,,,,,,,,,,,,,,,,,,,,,,,,,,,,,,
Warrior's Grip (/Lotus/Upgrades/Mods/Melee/Channel/ChannelParryStaminaRedMod),,,,,,,,,,,,,,,,,,,,,,,,,,,,,,,,,,,,,,,,,,,,,,,,,,,,,,,,,,,,,,,,,,,,,,,,,,,,
Whirlwind (/Lotus/Upgrades/Mods/Melee/WeaponGlaiveSpeedMod),Corrupted Heavy Gunner (OrokinHeavyFemale),,,,,,,,,,,,,,,,,,,,,,,,,,,,,,,,,,,,,,,,,,,,,,,,,,,,,,,,,,,,,,,,,,,,,,,,,,,
Wildfire (/Lotus/Upgrades/Mods/Rifle/DualStat/WildfireMod),,,,,,,,,,,,,,,,,,,,,,,,,,,,,,,,,,,,,,,,,,,,,,,,,,,,,,,,,,,,,,,,,,,,,,,,,,,,
Winds Of Purity (/Lotus/Upgrades/Mods/Syndicate/FurisMod),,,,,,,,,,,,,,,,,,,,,,,,,,,,,,,,,,,,,,,,,,,,,,,,,,,,,,,,,,,,,,,,,,,,,,,,,,,,
