ArchwingCacheCoordsReward - Tier 0,,,
Item Name,Item Count,Rarity,Probability
Orokin Archive,1,COMMON,1
,,,
ArchwingCacheCoordsReward - Tier 1,,,
Item Name,Item Count,Rarity,Probability
3000 Credits Cache,1,COMMON,0.252931323283082
4000 Credits Cache,1,COMMON,0.252931323283082
5000 Credits Cache,1,COMMON,0.252931323283082
Fusion Core,1,RARE,0.0201005025125628
Fusion Core,1,UNCOMMON,0.110552763819095
Control Module,1,UNCOMMON,0.110552763819095
,,,
ArchwingCacheCoordsReward - Tier 2,,,
Item Name,Item Count,Rarity,Probability
Neurodes,1,UNCOMMON,0.0737018425460636
Morphics,1,UNCOMMON,0.0737018425460636
Argon Crystal,1,RARE,0.0100502512562814
Orokin Cell,1,RARE,0.0100502512562814
Cryotic,25,COMMON,0.252931323283082
Oxium,25,COMMON,0.252931323283082
Neural Sensors,1,UNCOMMON,0.0737018425460636
Fusion Core,1,COMMON,0.252931323283082
,,,
,,,
ArchwingExterminateRewards - Tier 0,,,
Item Name,Item Count,Rarity,Probability
Velocitus Barrel,1,COMMON,0.193589743589744
Velocitus Receiver,1,UNCOMMON,0.0752136752136752
Velocitus Stock,1,UNCOMMON,0.0752136752136752
Decurion Receiver,1,UNCOMMON,0.0752136752136752
Morphic Transformer,1,COMMON,0.193589743589744
Polar Magazine,1,COMMON,0.193589743589744
Automatic Trigger,1,COMMON,0.193589743589744
,,,
,,,
ArchwingOrokinSabotageRewards - Tier 0,,,
Item Name,Item Count,Rarity,Probability
Neurodes,1,UNCOMMON,0.0737018425460636
Morphics,1,UNCOMMON,0.0737018425460636
Argon Crystal,1,RARE,0.0100502512562814
Orokin Cell,1,RARE,0.0100502512562814
Cryotic,25,COMMON,0.252931323283082
Oxium,25,COMMON,0.252931323283082
Neural Sensors,1,UNCOMMON,0.0737018425460636
Fusion Core,1,COMMON,0.252931323283082
,,,
ArchwingOrokinSabotageRewards - Tier 1,,,
Item Name,Item Count,Rarity,Probability
3000 Credits Cache,1,COMMON,0.252931323283082
4000 Credits Cache,1,COMMON,0.252931323283082
5000 Credits Cache,1,COMMON,0.252931323283082
Fusion Core,1,RARE,0.0201005025125628
Fusion Core,1,UNCOMMON,0.110552763819095
Control Module,1,UNCOMMON,0.110552763819095
,,,
ArchwingOrokinSabotageRewards - Tier 2,,,
Item Name,Item Count,Rarity,Probability
Fusion Core,1,COMMON,0.25
Fusion Core,1,COMMON,0.25
3000 Credits Cache,1,COMMON,0.25
2500 Credits Cache,1,COMMON,0.25
,,,
,,,
ArchwingSabotageRewards - Tier 0,,,
Item Name,Item Count,Rarity,Probability
Rathbone Handle,1,COMMON,0.154871794871795
Rathbone Head,1,UNCOMMON,0.0752136752136752
Decurion Barrel,1,UNCOMMON,0.0752136752136752
Glacial Edge,1,COMMON,0.154871794871795
Galvanized Blade,1,COMMON,0.154871794871795
Tempered Blade,1,COMMON,0.154871794871795
Fluctus Barrel,1,UNCOMMON,0.0752136752136752
Centaur Aegis,1,COMMON,0.154871794871795
,,,
,,,
BossMissionRewards/AshRewards - Tier 0,,,
Item Name,Item Count,Rarity,Probability
Ash Helmet Blueprint,1,COMMON,0.387179487179487
Ash Chassis Blueprint,1,COMMON,0.387179487179487
Ash Systems Blueprint,1,UNCOMMON,0.225641025641026
,,,
,,,
BossMissionRewards/BerserkerRewards - Tier 0,,,
Item Name,Item Count,Rarity,Probability
Valkyr Helmet Blueprint,1,COMMON,0.387179487179487
Valkyr Chassis Blueprint,1,COMMON,0.387179487179487
Valkyr Systems Blueprint,1,UNCOMMON,0.225641025641026
,,,
,,,
BossMissionRewards/CowgirlRewards - Tier 0,,,
Item Name,Item Count,Rarity,Probability
Mesa Helmet Blueprint,1,COMMON,0.387179487179487
Mesa Chassis Blueprint,1,COMMON,0.387179487179487
Mesa Systems Blueprint,1,UNCOMMON,0.225641025641026
,,,
,,,
BossMissionRewards/EmberRewards - Tier 0,,,
Item Name,Item Count,Rarity,Probability
Ember Helmet Blueprint,1,COMMON,0.387179487179487
Ember Chassis Blueprint,1,COMMON,0.387179487179487
Ember Systems Blueprint,1,UNCOMMON,0.225641025641026
,,,
,,,
BossMissionRewards/ExcaliburRewards - Tier 0,,,
Item Name,Item Count,Rarity,Probability
Excalibur Helmet Blueprint,1,COMMON,0.387179487179487
Excalibur Chassis Blueprint,1,COMMON,0.387179487179487
Excalibur Systems Blueprint,1,UNCOMMON,0.225641025641026
,,,
,,,
BossMissionRewards/FrostRewards - Tier 0,,,
Item Name,Item Count,Rarity,Probability
Frost Helmet Blueprint,1,COMMON,0.387179487179487
Frost Chassis Blueprint,1,COMMON,0.387179487179487
Frost Systems Blueprint,1,UNCOMMON,0.225641025641026
,,,
,,,
BossMissionRewards/HydroidRewards - Tier 0,,,
Item Name,Item Count,Rarity,Probability
Hydroid Helmet Blueprint,1,COMMON,0.387179487179487
Hydroid Chassis Blueprint,1,COMMON,0.387179487179487
Hydroid Systems Blueprint,1,UNCOMMON,0.225641025641026
,,,
,,,
BossMissionRewards/LokiRewards - Tier 0,,,
Item Name,Item Count,Rarity,Probability
Loki Helmet Blueprint,1,COMMON,0.387179487179487
Loki Chassis Blueprint,1,COMMON,0.387179487179487
Loki Systems Blueprint,1,UNCOMMON,0.225641025641026
,,,
,,,
BossMissionRewards/MagRewards - Tier 0,,,
Item Name,Item Count,Rarity,Probability
Mag Helmet Blueprint,1,COMMON,0.387179487179487
Mag Chassis Blueprint,1,COMMON,0.387179487179487
Mag Systems Blueprint,1,UNCOMMON,0.225641025641026
,,,
,,,
BossMissionRewards/MiterGremlinsRewards - Tier 0,,,
Item Name,Item Count,Rarity,Probability
Miter Barrel,1,COMMON,0.166666666666667
Miter Blade,1,COMMON,0.166666666666667
Miter Handle,1,COMMON,0.166666666666667
Miter Chassis,1,COMMON,0.166666666666667
Miter Blueprint,1,COMMON,0.166666666666667
Twin Gremlins Blueprint,1,COMMON,0.166666666666667
,,,
,,,
BossMissionRewards/NovaRewards - Tier 0,,,
Item Name,Item Count,Rarity,Probability
Nova Helmet Blueprint,1,COMMON,0.387179487179487
Nova Chassis Blueprint,1,COMMON,0.387179487179487
Nova Systems Blueprint,1,UNCOMMON,0.225641025641026
,,,
,,,
BossMissionRewards/NyxRewards - Tier 0,,,
Item Name,Item Count,Rarity,Probability
Nyx Helmet Blueprint,1,COMMON,0.387179487179487
Nyx Chassis Blueprint,1,COMMON,0.387179487179487
Nyx Systems Blueprint,1,UNCOMMON,0.225641025641026
,,,
,,,
BossMissionRewards/RhinoRewards - Tier 0,,,
Item Name,Item Count,Rarity,Probability
Rhino Helmet Blueprint,1,COMMON,0.387179487179487
Rhino Chassis Blueprint,1,COMMON,0.387179487179487
Rhino Systems Blueprint,1,UNCOMMON,0.225641025641026
,,,
,,,
BossMissionRewards/SarynRewards - Tier 0,,,
Item Name,Item Count,Rarity,Probability
Saryn Helmet Blueprint,1,COMMON,0.387179487179487
Saryn Chassis Blueprint,1,COMMON,0.387179487179487
Saryn Systems Blueprint,1,UNCOMMON,0.225641025641026
,,,
,,,
BossMissionRewards/SeerPistolRewards - Tier 0,,,
Item Name,Item Count,Rarity,Probability
Seer Blueprint,1,COMMON,0.387179487179487
Seer Pistol Barrel,1,COMMON,0.387179487179487
Seer Pistol Receiver,1,UNCOMMON,0.225641025641026
,,,
,,,
BossMissionRewards/TrinityRewards - Tier 0,,,
Item Name,Item Count,Rarity,Probability
Trinity Helmet Blueprint,1,COMMON,0.387179487179487
Trinity Chassis Blueprint,1,COMMON,0.387179487179487
Trinity Systems Blueprint,1,UNCOMMON,0.225641025641026
,,,
,,,
CaptureMissionRewardsA - Tier 0,,,
Item Name,Item Count,Rarity,Probability
Vitality,1,COMMON,0.0843104410943607
Fast Deflection,1,COMMON,0.0843104410943607
Quick Rest,1,COMMON,0.0843104410943607
Fast Deflection,1,COMMON,0.0843104410943607
Rush,1,UNCOMMON,0.110552763819095
Magazine Warp,1,COMMON,0.0843104410943607
Trick Mag,1,COMMON,0.0843104410943607
Pressure Point,1,RARE,0.0016750418760469
Ammo Drum,1,UNCOMMON,0.110552763819095
Fast Hands,1,COMMON,0.0843104410943607
Quickdraw,1,COMMON,0.0843104410943607
Health Restore,1,COMMON,0.0843104410943607
Omni Ammo Box,1,RARE,0.0016750418760469
North Wind,1,RARE,0.0016750418760469
Shocking Touch,1,RARE,0.0016750418760469
Molten Impact,1,RARE,0.0016750418760469
Vitality,1,RARE,0.0016750418760469
Stretch,1,RARE,0.0016750418760469
Tower I Exterminate,1,RARE,0.0016750418760469
Tower I Survival,1,RARE,0.0016750418760469
Tower Ii Exterminate,1,RARE,0.0016750418760469
Tower Ii Survival,1,RARE,0.0016750418760469
Tower Iii Exterminate,1,RARE,0.0016750418760469
,,,
,,,
DefenseMissionRewards/BadlandsDefenseMissionRewards - Tier 0,,,
Item Name,Item Count,Rarity,Probability
Vitality,1,COMMON,0.126465661641541
Fast Deflection,1,COMMON,0.126465661641541
Quick Rest,1,COMMON,0.126465661641541
Fast Deflection,1,COMMON,0.126465661641541
Rush,1,UNCOMMON,0.0276381909547739
Magazine Warp,1,COMMON,0.126465661641541
Trick Mag,1,COMMON,0.126465661641541
Pressure Point,1,RARE,0.0067001675041876
Ammo Drum,1,UNCOMMON,0.0276381909547739
Fast Hands,1,UNCOMMON,0.0276381909547739
Tower I Exterminate,1,UNCOMMON,0.0276381909547739
Tower I Survival,1,UNCOMMON,0.0276381909547739
Tower I Capture,1,UNCOMMON,0.0276381909547739
Tower I Defense,1,UNCOMMON,0.0276381909547739
Tower I Mobile Defense,1,UNCOMMON,0.0276381909547739
Warrior's Grip,1,RARE,0.0067001675041876
True Punishment,1,RARE,0.0067001675041876
,,,
DefenseMissionRewards/BadlandsDefenseMissionRewards - Tier 1,,,
Item Name,Item Count,Rarity,Probability
Speed Trigger,1,COMMON,0.0843104410943607
Fast Hands,1,UNCOMMON,0.0184254606365159
Point Strike,1,COMMON,0.0843104410943607
Vital Sense,1,COMMON,0.0843104410943607
Piercing Hit,1,UNCOMMON,0.0184254606365159
Metal Auger,1,UNCOMMON,0.0184254606365159
Pistol Gambit,1,COMMON,0.0843104410943607
Target Cracker,1,COMMON,0.0843104410943607
No Return,1,COMMON,0.0843104410943607
Ravage,1,COMMON,0.0843104410943607
Blunderbuss,1,COMMON,0.0843104410943607
Point Blank,1,UNCOMMON,0.0184254606365159
Serration,1,UNCOMMON,0.0184254606365159
Hornet Strike,1,UNCOMMON,0.0184254606365159
Fury,1,RARE,0.0050251256281407
Reflex Coil,1,UNCOMMON,0.0184254606365159
Pressure Point,1,COMMON,0.0843104410943607
Tower Ii Exterminate,1,UNCOMMON,0.0184254606365159
Tower Ii Survival,1,UNCOMMON,0.0184254606365159
Tower Ii Capture,1,UNCOMMON,0.0184254606365159
Tower Ii Defense,1,UNCOMMON,0.0184254606365159
Tower Ii Mobile Defense,1,UNCOMMON,0.0184254606365159
True Punishment,1,RARE,0.0050251256281407
Quickening,1,RARE,0.0050251256281407
Warrior's Grip,1,RARE,0.0050251256281407
,,,
DefenseMissionRewards/BadlandsDefenseMissionRewards - Tier 2,,,
Item Name,Item Count,Rarity,Probability
Hellfire,1,COMMON,0.151758793969849
Heated Charge,1,COMMON,0.151758793969849
Molten Impact,1,UNCOMMON,0.0221105527638191
Barrel Diffusion,1,UNCOMMON,0.0221105527638191
Streamline,1,UNCOMMON,0.0221105527638191
Intensify,1,UNCOMMON,0.0221105527638191
Tower Iii Exterminate,1,UNCOMMON,0.0221105527638191
Thunderbolt,1,RARE,0.0033500837520938
Fusion Core,1,COMMON,0.151758793969849
Fusion Core,1,UNCOMMON,0.0221105527638191
Tower Ii Exterminate,1,COMMON,0.151758793969849
Tower Ii Survival,1,COMMON,0.151758793969849
Tower Iii Capture,1,UNCOMMON,0.0221105527638191
Tower Iii Defense,1,UNCOMMON,0.0221105527638191
Tower Iii Mobile Defense,1,UNCOMMON,0.0221105527638191
Tower Iii Survival,1,UNCOMMON,0.0221105527638191
True Punishment,1,RARE,0.0033500837520938
Quickening,1,RARE,0.0033500837520938
Warrior's Grip,1,RARE,0.0033500837520938
Enduring Strike,1,RARE,0.0033500837520938
Life Strike,1,RARE,0.0033500837520938
,,,
,,,
DefenseMissionRewards/DefenseMissionRewardsEasy - Tier 0,,,
Item Name,Item Count,Rarity,Probability
Vitality,1,COMMON,0.0833333333333333
Quick Rest,1,COMMON,0.0833333333333333
Magazine Warp,1,COMMON,0.0833333333333333
Trick Mag,1,COMMON,0.0833333333333333
Pressure Point,1,COMMON,0.0833333333333333
Ammo Drum,1,COMMON,0.0833333333333333
Fast Hands,1,COMMON,0.0833333333333333
Point Strike,1,COMMON,0.0833333333333333
Piercing Hit,1,COMMON,0.0833333333333333
Pistol Gambit,1,COMMON,0.0833333333333333
Blunderbuss,1,COMMON,0.0833333333333333
Fusion Core,1,COMMON,0.0833333333333333
,,,
DefenseMissionRewards/DefenseMissionRewardsEasy - Tier 1,,,
Item Name,Item Count,Rarity,Probability
Speed Trigger,1,COMMON,0.0555555555555556
Fast Deflection,1,COMMON,0.0555555555555556
Rush,1,COMMON,0.0555555555555556
Target Cracker,1,COMMON,0.0555555555555556
No Return,1,COMMON,0.0555555555555556
Serration,1,COMMON,0.0555555555555556
Hornet Strike,1,COMMON,0.0555555555555556
Reflex Coil,1,COMMON,0.0555555555555556
Deep Freeze,1,COMMON,0.0555555555555556
North Wind,1,COMMON,0.0555555555555556
Cryo Rounds,1,COMMON,0.0555555555555556
Hell's Chamber,1,COMMON,0.0555555555555556
Streamline,1,COMMON,0.0555555555555556
Shocking Touch,1,COMMON,0.0555555555555556
Stormbringer,1,COMMON,0.0555555555555556
Point Blank,1,COMMON,0.0555555555555556
Fury,1,COMMON,0.0555555555555556
Fusion Core,1,COMMON,0.0555555555555556
,,,
DefenseMissionRewards/DefenseMissionRewardsEasy - Tier 2,,,
Item Name,Item Count,Rarity,Probability
Vital Sense,1,UNCOMMON,0.0225641025641026
Metal Auger,1,UNCOMMON,0.0225641025641026
Ravage,1,UNCOMMON,0.0225641025641026
Stretch,1,UNCOMMON,0.0225641025641026
Handspring,1,UNCOMMON,0.0225641025641026
Convulsion,1,UNCOMMON,0.0225641025641026
Split Chamber,1,UNCOMMON,0.0225641025641026
Continuity,1,UNCOMMON,0.0225641025641026
Master Thief,1,UNCOMMON,0.0225641025641026
Fusion Core,1,UNCOMMON,0.0225641025641026
Tower I Capture,1,COMMON,0.154871794871795
Tower I Defense,1,COMMON,0.154871794871795
Tower I Mobile Defense,1,COMMON,0.154871794871795
Tower I Exterminate,1,COMMON,0.154871794871795
Tower I Survival,1,COMMON,0.154871794871795
,,,
,,,
DefenseMissionRewards/DefenseMissionRewardsHard - Tier 0,,,
Item Name,Item Count,Rarity,Probability
Vitality,1,COMMON,0.0833333333333333
Quick Rest,1,COMMON,0.0833333333333333
Magazine Warp,1,COMMON,0.0833333333333333
Trick Mag,1,COMMON,0.0833333333333333
Pressure Point,1,COMMON,0.0833333333333333
Ammo Drum,1,COMMON,0.0833333333333333
Fast Hands,1,COMMON,0.0833333333333333
Point Strike,1,COMMON,0.0833333333333333
Piercing Hit,1,COMMON,0.0833333333333333
Pistol Gambit,1,COMMON,0.0833333333333333
Blunderbuss,1,COMMON,0.0833333333333333
Fusion Core,1,COMMON,0.0833333333333333
,,,
DefenseMissionRewards/DefenseMissionRewardsHard - Tier 1,,,
Item Name,Item Count,Rarity,Probability
Speed Trigger,1,COMMON,0.0555555555555556
Fast Deflection,1,COMMON,0.0555555555555556
Rush,1,COMMON,0.0555555555555556
Target Cracker,1,COMMON,0.0555555555555556
No Return,1,COMMON,0.0555555555555556
Serration,1,COMMON,0.0555555555555556
Hornet Strike,1,COMMON,0.0555555555555556
Reflex Coil,1,COMMON,0.0555555555555556
Deep Freeze,1,COMMON,0.0555555555555556
North Wind,1,COMMON,0.0555555555555556
Cryo Rounds,1,COMMON,0.0555555555555556
Hell's Chamber,1,COMMON,0.0555555555555556
Streamline,1,COMMON,0.0555555555555556
Shocking Touch,1,COMMON,0.0555555555555556
Stormbringer,1,COMMON,0.0555555555555556
Point Blank,1,COMMON,0.0555555555555556
Fury,1,COMMON,0.0555555555555556
Fusion Core,1,COMMON,0.0555555555555556
,,,
DefenseMissionRewards/DefenseMissionRewardsHard - Tier 2,,,
Item Name,Item Count,Rarity,Probability
Vital Sense,1,UNCOMMON,0.0225641025641026
Metal Auger,1,UNCOMMON,0.0225641025641026
Ravage,1,UNCOMMON,0.0225641025641026
Stretch,1,UNCOMMON,0.0225641025641026
Handspring,1,UNCOMMON,0.0225641025641026
Convulsion,1,UNCOMMON,0.0225641025641026
Split Chamber,1,UNCOMMON,0.0225641025641026
Continuity,1,UNCOMMON,0.0225641025641026
Master Thief,1,UNCOMMON,0.0225641025641026
Fusion Core,1,UNCOMMON,0.0225641025641026
Tower Iii Capture,1,COMMON,0.154871794871795
Tower Iii Defense,1,COMMON,0.154871794871795
Tower Iii Mobile Defense,1,COMMON,0.154871794871795
Tower Iii Exterminate,1,COMMON,0.154871794871795
Tower Iii Survival,1,COMMON,0.154871794871795
,,,
,,,
DefenseMissionRewards/DefenseMissionRewardsMedium - Tier 0,,,
Item Name,Item Count,Rarity,Probability
Vitality,1,COMMON,0.0833333333333333
Quick Rest,1,COMMON,0.0833333333333333
Magazine Warp,1,COMMON,0.0833333333333333
Trick Mag,1,COMMON,0.0833333333333333
Pressure Point,1,COMMON,0.0833333333333333
Ammo Drum,1,COMMON,0.0833333333333333
Fast Hands,1,COMMON,0.0833333333333333
Point Strike,1,COMMON,0.0833333333333333
Piercing Hit,1,COMMON,0.0833333333333333
Pistol Gambit,1,COMMON,0.0833333333333333
Blunderbuss,1,COMMON,0.0833333333333333
Fusion Core,1,COMMON,0.0833333333333333
,,,
DefenseMissionRewards/DefenseMissionRewardsMedium - Tier 1,,,
Item Name,Item Count,Rarity,Probability
Speed Trigger,1,COMMON,0.0555555555555556
Fast Deflection,1,COMMON,0.0555555555555556
Rush,1,COMMON,0.0555555555555556
Target Cracker,1,COMMON,0.0555555555555556
No Return,1,COMMON,0.0555555555555556
Serration,1,COMMON,0.0555555555555556
Hornet Strike,1,COMMON,0.0555555555555556
Reflex Coil,1,COMMON,0.0555555555555556
Deep Freeze,1,COMMON,0.0555555555555556
North Wind,1,COMMON,0.0555555555555556
Cryo Rounds,1,COMMON,0.0555555555555556
Hell's Chamber,1,COMMON,0.0555555555555556
Streamline,1,COMMON,0.0555555555555556
Shocking Touch,1,COMMON,0.0555555555555556
Stormbringer,1,COMMON,0.0555555555555556
Point Blank,1,COMMON,0.0555555555555556
Fury,1,COMMON,0.0555555555555556
Fusion Core,1,COMMON,0.0555555555555556
,,,
DefenseMissionRewards/DefenseMissionRewardsMedium - Tier 2,,,
Item Name,Item Count,Rarity,Probability
Vital Sense,1,UNCOMMON,0.0225641025641026
Metal Auger,1,UNCOMMON,0.0225641025641026
Ravage,1,UNCOMMON,0.0225641025641026
Stretch,1,UNCOMMON,0.0225641025641026
Handspring,1,UNCOMMON,0.0225641025641026
Convulsion,1,UNCOMMON,0.0225641025641026
Split Chamber,1,UNCOMMON,0.0225641025641026
Continuity,1,UNCOMMON,0.0225641025641026
Master Thief,1,UNCOMMON,0.0225641025641026
Fusion Core,1,UNCOMMON,0.0225641025641026
Tower Ii Capture,1,COMMON,0.154871794871795
Tower Ii Defense,1,COMMON,0.154871794871795
Tower Ii Mobile Defense,1,COMMON,0.154871794871795
Tower Ii Exterminate,1,COMMON,0.154871794871795
Tower Ii Survival,1,COMMON,0.154871794871795
,,,
,,,
DerelictDefenseRewards - Tier 0,,,
Item Name,Item Count,Rarity,Probability
Fusion Core,1,COMMON,0.142857142857143
Fusion Core,1,COMMON,0.142857142857143
Tower I Capture,1,COMMON,0.142857142857143
Tower I Defense,1,COMMON,0.142857142857143
Tower I Survival,1,COMMON,0.142857142857143
Tower I Mobile Defense,1,COMMON,0.142857142857143
Tower I Exterminate,1,COMMON,0.142857142857143
,,,
DerelictDefenseRewards - Tier 1,,,
Item Name,Item Count,Rarity,Probability
Fusion Core,1,COMMON,0.387179487179487
Fusion Core,1,COMMON,0.387179487179487
Mutagen Mass,1,UNCOMMON,0.225641025641026
,,,
DerelictDefenseRewards - Tier 2,,,
Item Name,Item Count,Rarity,Probability
Ember Prime Blueprint,1,UNCOMMON,0.0564102564102564
Sicarus Prime Blueprint,1,UNCOMMON,0.0564102564102564
Boltor Prime Receiver,1,UNCOMMON,0.0564102564102564
Tower Ii Mobile Defense,1,COMMON,0.154871794871795
Tower Ii Capture,1,COMMON,0.154871794871795
Tower Ii Exterminate,1,COMMON,0.154871794871795
Forma Blueprint,1,UNCOMMON,0.0564102564102564
Tower Ii Defense,1,COMMON,0.154871794871795
Tower Ii Survival,1,COMMON,0.154871794871795
,,,
,,,
DerelictSurvivalRewards - Tier 0,,,
Item Name,Item Count,Rarity,Probability
Fusion Core,1,COMMON,0.25
Fusion Core,1,COMMON,0.25
Tower I Exterminate,1,COMMON,0.25
Tower I Mobile Defense,1,COMMON,0.25
,,,
DerelictSurvivalRewards - Tier 1,,,
Item Name,Item Count,Rarity,Probability
Tower I Capture,1,COMMON,0.258119658119658
Tower I Defense,1,COMMON,0.258119658119658
Tower I Exterminate,1,UNCOMMON,0.225641025641026
Tower I Mobile Defense,1,COMMON,0.258119658119658
,,,
DerelictSurvivalRewards - Tier 2,,,
Item Name,Item Count,Rarity,Probability
Burston Prime Barrel,1,COMMON,0.193589743589744
Tower Ii Capture,1,COMMON,0.193589743589744
Tower Ii Mobile Defense,1,COMMON,0.193589743589744
Tower Ii Exterminate,1,COMMON,0.193589743589744
Nova Prime Systems Blueprint,1,UNCOMMON,0.112820512820513
Forma Blueprint,1,UNCOMMON,0.112820512820513
,,,
,,,
ExtractionMissionRewards/ExcavationArchwingQuestRewards - Tier 0,,,
Item Name,Item Count,Rarity,Probability
Odonata Wings Blueprint,1,COMMON,0.774358974358974
Odonata Systems Blueprint,1,UNCOMMON,0.112820512820513
Odonata Harness Blueprint,1,UNCOMMON,0.112820512820513
,,,
ExtractionMissionRewards/ExcavationArchwingQuestRewards - Tier 1,,,
Item Name,Item Count,Rarity,Probability
Odonata Wings Blueprint,1,UNCOMMON,0.112820512820513
Odonata Systems Blueprint,1,COMMON,0.774358974358974
Odonata Harness Blueprint,1,UNCOMMON,0.112820512820513
,,,
ExtractionMissionRewards/ExcavationArchwingQuestRewards - Tier 2,,,
Item Name,Item Count,Rarity,Probability
Odonata Wings Blueprint,1,UNCOMMON,0.112820512820513
Odonata Systems Blueprint,1,UNCOMMON,0.112820512820513
Odonata Harness Blueprint,1,COMMON,0.774358974358974
,,,
,,,
ExtractionMissionRewards/ExtractionLowLevelRewards - Tier 0,,,
Item Name,Item Count,Rarity,Probability
1000 Credits Cache,1,COMMON,0.142857142857143
1500 Credits Cache,1,COMMON,0.142857142857143
Fusion Core,1,COMMON,0.142857142857143
Fusion Core,1,COMMON,0.142857142857143
Reflection,1,COMMON,0.142857142857143
Reflex Guard,1,COMMON,0.142857142857143
Parry,1,COMMON,0.142857142857143
,,,
ExtractionMissionRewards/ExtractionLowLevelRewards - Tier 1,,,
Item Name,Item Count,Rarity,Probability
Tower I Capture,1,COMMON,0.2
Tower I Mobile Defense,1,COMMON,0.2
Tower I Exterminate,1,COMMON,0.2
Tower I Survival,1,COMMON,0.2
Tower I Defense,1,COMMON,0.2
,,,
ExtractionMissionRewards/ExtractionLowLevelRewards - Tier 2,,,
Item Name,Item Count,Rarity,Probability
2000 Credits Cache,1,COMMON,0.0769230769230769
3000 Credits Cache,1,COMMON,0.0769230769230769
Reflection,1,COMMON,0.0769230769230769
Reflex Guard,1,COMMON,0.0769230769230769
Parry,1,COMMON,0.0769230769230769
Steel Fiber,1,COMMON,0.0769230769230769
Heavy Impact,1,COMMON,0.0769230769230769
Incendiary Coat,1,COMMON,0.0769230769230769
Cleanse Grineer,1,COMMON,0.0769230769230769
Hornet Strike,1,COMMON,0.0769230769230769
Intensify,1,COMMON,0.0769230769230769
Reflex Coil,1,COMMON,0.0769230769230769
Gemini Cross,1,COMMON,0.0769230769230769
,,,
,,,
ExtractionMissionRewards/LimboChassisQuestExcavationRewards - Tier 0,,,
Item Name,Item Count,Rarity,Probability
1000 Credits Cache,1,COMMON,0.487096774193548
1500 Credits Cache,1,COMMON,0.487096774193548
Limbo Chassis Blueprint,1,RARE,0.0258064516129032
,,,
ExtractionMissionRewards/LimboChassisQuestExcavationRewards - Tier 1,,,
Item Name,Item Count,Rarity,Probability
1500 Credits Cache,1,COMMON,0.387179487179487
2000 Credits Cache,1,COMMON,0.387179487179487
Limbo Chassis Blueprint,1,UNCOMMON,0.225641025641026
,,,
ExtractionMissionRewards/LimboChassisQuestExcavationRewards - Tier 2,,,
Item Name,Item Count,Rarity,Probability
2000 Credits Cache,1,COMMON,0.333333333333333
3000 Credits Cache,1,COMMON,0.333333333333333
Limbo Chassis Blueprint,1,COMMON,0.333333333333333
,,,
,,,
ExtractionMissionRewards/LimboHelmetQuestExcavationRewards - Tier 0,,,
Item Name,Item Count,Rarity,Probability
1000 Credits Cache,1,COMMON,0.487096774193548
1500 Credits Cache,1,COMMON,0.487096774193548
Limbo Helmet Blueprint,1,RARE,0.0258064516129032
,,,
ExtractionMissionRewards/LimboHelmetQuestExcavationRewards - Tier 1,,,
Item Name,Item Count,Rarity,Probability
1500 Credits Cache,1,COMMON,0.387179487179487
2000 Credits Cache,1,COMMON,0.387179487179487
Limbo Helmet Blueprint,1,UNCOMMON,0.225641025641026
,,,
ExtractionMissionRewards/LimboHelmetQuestExcavationRewards - Tier 2,,,
Item Name,Item Count,Rarity,Probability
2000 Credits Cache,1,COMMON,0.333333333333333
3000 Credits Cache,1,COMMON,0.333333333333333
Limbo Helmet Blueprint,1,COMMON,0.333333333333333
,,,
,,,
ExtractionMissionRewards/LimboSystemsQuestExcavationRewards - Tier 0,,,
Item Name,Item Count,Rarity,Probability
1000 Credits Cache,1,COMMON,0.487096774193548
1500 Credits Cache,1,COMMON,0.487096774193548
Limbo Systems Blueprint,1,RARE,0.0258064516129032
,,,
ExtractionMissionRewards/LimboSystemsQuestExcavationRewards - Tier 1,,,
Item Name,Item Count,Rarity,Probability
1500 Credits Cache,1,COMMON,0.387179487179487
2000 Credits Cache,1,COMMON,0.387179487179487
Limbo Systems Blueprint,1,UNCOMMON,0.225641025641026
,,,
ExtractionMissionRewards/LimboSystemsQuestExcavationRewards - Tier 2,,,
Item Name,Item Count,Rarity,Probability
2000 Credits Cache,1,COMMON,0.333333333333333
3000 Credits Cache,1,COMMON,0.333333333333333
Limbo Systems Blueprint,1,COMMON,0.333333333333333
,,,
,,,
ForestSabotageRewards - Tier 0,,,
Item Name,Item Count,Rarity,Probability
Fusion Core,1,UNCOMMON,0.112820512820513
1000 Credits Cache,1,COMMON,0.258119658119658
Detonite Ampule,1,COMMON,0.258119658119658
Fusion Core,1,COMMON,0.258119658119658
Neurodes,1,UNCOMMON,0.112820512820513
,,,
ForestSabotageRewards - Tier 1,,,
Item Name,Item Count,Rarity,Probability
Neurodes,1,UNCOMMON,0.0552763819095477
2500 Credits Cache,1,UNCOMMON,0.0552763819095477
Detonite Injector,1,UNCOMMON,0.0552763819095477
2000 Credits Cache,1,COMMON,0.252931323283082
Fusion Core,1,COMMON,0.252931323283082
Forma Blueprint,1,RARE,0.0201005025125628
Fusion Core,1,COMMON,0.252931323283082
3000 Credits Cache,1,UNCOMMON,0.0552763819095477
,,,
ForestSabotageRewards - Tier 2,,,
Item Name,Item Count,Rarity,Probability
Forma,1,COMMON,0.333333333333333
Forma Blueprint,1,COMMON,0.333333333333333
Health Restore,1,COMMON,0.333333333333333
,,,
,,,
GolemMissionRewards - Tier 0,,,
Item Name,Item Count,Rarity,Probability
Nekros Chassis Blueprint,1,UNCOMMON,0.333333333333333
Nekros Helmet Blueprint,1,UNCOMMON,0.333333333333333
Nekros Systems Blueprint,1,UNCOMMON,0.333333333333333
,,,
,,,
HalloweenExtermEventRewards - Tier 0,,,
Item Name,Item Count,Rarity,Probability
Fusion Core,1,COMMON,0.189698492462312
Fusion Core,1,UNCOMMON,0.110552763819095
4000 Credits Cache,1,COMMON,0.189698492462312
5000 Credits Cache,1,COMMON,0.189698492462312
Fusion Core,1,UNCOMMON,0.110552763819095
3000 Credits Cache,1,COMMON,0.189698492462312
Constitution,1,RARE,0.0067001675041876
Fortitude,1,RARE,0.0067001675041876
Ice Storm,1,RARE,0.0067001675041876
,,,
HalloweenExtermEventRewards - Tier 1,,,
Item Name,Item Count,Rarity,Probability
Fusion Core,1,COMMON,0.189698492462312
Fusion Core,1,UNCOMMON,0.110552763819095
4000 Credits Cache,1,COMMON,0.189698492462312
5000 Credits Cache,1,COMMON,0.189698492462312
Fusion Core,1,UNCOMMON,0.110552763819095
3000 Credits Cache,1,COMMON,0.189698492462312
Stunning Speed,1,RARE,0.0067001675041876
Hammer Shot,1,RARE,0.0067001675041876
Wildfire,1,RARE,0.0067001675041876
,,,
HalloweenExtermEventRewards - Tier 2,,,
Item Name,Item Count,Rarity,Probability
3000 Credits Cache,1,COMMON,0.189698492462312
Fusion Core,1,UNCOMMON,0.110552763819095
5000 Credits Cache,1,COMMON,0.189698492462312
4000 Credits Cache,1,COMMON,0.189698492462312
Fusion Core,1,UNCOMMON,0.110552763819095
Fusion Core,1,COMMON,0.189698492462312
Accelerated Blast,1,RARE,0.0050251256281407
Blaze,1,RARE,0.0050251256281407
Focus Energy,1,RARE,0.0050251256281407
Rending Strike,1,RARE,0.0050251256281407
,,,
,,,
InfestedIncursionsSurvivalRewards - Tier 0,,,
Item Name,Item Count,Rarity,Probability
Fusion Core,1,COMMON,0.25
Fusion Core,1,COMMON,0.25
Tower I Exterminate,1,COMMON,0.25
Tower I Mobile Defense,1,COMMON,0.25
,,,
InfestedIncursionsSurvivalRewards - Tier 1,,,
Item Name,Item Count,Rarity,Probability
Tower I Capture,1,COMMON,0.258119658119658
Tower I Defense,1,COMMON,0.258119658119658
Tower I Exterminate,1,UNCOMMON,0.225641025641026
Tower I Mobile Defense,1,COMMON,0.258119658119658
,,,
InfestedIncursionsSurvivalRewards - Tier 2,,,
Item Name,Item Count,Rarity,Probability
Jolt,1,UNCOMMON,0.0564102564102564
Tower Ii Capture,1,COMMON,0.387179487179487
Tower Ii Mobile Defense,1,COMMON,0.387179487179487
Voltaic Strike,1,UNCOMMON,0.0564102564102564
Shell Shock,1,UNCOMMON,0.0564102564102564
High Voltage,1,UNCOMMON,0.0564102564102564
,,,
,,,
IntelMissionRewardsA - Tier 0,,,
Item Name,Item Count,Rarity,Probability
Vitality,1,COMMON,0.0948492462311558
Fast Deflection,1,COMMON,0.0948492462311558
Quick Rest,1,COMMON,0.0948492462311558
Fast Deflection,1,COMMON,0.0948492462311558
Rush,1,UNCOMMON,0.110552763819095
Magazine Warp,1,COMMON,0.0948492462311558
Trick Mag,1,COMMON,0.0948492462311558
Pressure Point,1,RARE,0.00182731841023298
Ammo Drum,1,UNCOMMON,0.110552763819095
Fast Hands,1,COMMON,0.0948492462311558
Quickdraw,1,COMMON,0.0948492462311558
North Wind,1,RARE,0.00182731841023298
Shocking Touch,1,RARE,0.00182731841023298
Molten Impact,1,RARE,0.00182731841023298
Vitality,1,RARE,0.00182731841023298
Stretch,1,RARE,0.00182731841023298
Tower I Exterminate,1,RARE,0.00182731841023298
Tower I Survival,1,RARE,0.00182731841023298
Tower Ii Exterminate,1,RARE,0.00182731841023298
Tower Ii Survival,1,RARE,0.00182731841023298
Tower Iii Exterminate,1,RARE,0.00182731841023298
,,,
,,,
InterceptRewardsGrineer - Tier 0,,,
Item Name,Item Count,Rarity,Probability
Vitality,1,COMMON,0.126465661641541
Fast Deflection,1,COMMON,0.126465661641541
Quick Rest,1,COMMON,0.126465661641541
Fast Deflection,1,COMMON,0.126465661641541
Rush,1,UNCOMMON,0.0276381909547739
Magazine Warp,1,COMMON,0.126465661641541
Trick Mag,1,COMMON,0.126465661641541
Pressure Point,1,RARE,0.0201005025125628
Ammo Drum,1,UNCOMMON,0.0276381909547739
Fast Hands,1,UNCOMMON,0.0276381909547739
Tower I Exterminate,1,UNCOMMON,0.0276381909547739
Tower I Survival,1,UNCOMMON,0.0276381909547739
Tower I Capture,1,UNCOMMON,0.0276381909547739
Tower I Defense,1,UNCOMMON,0.0276381909547739
Tower I Mobile Defense,1,UNCOMMON,0.0276381909547739
,,,
InterceptRewardsGrineer - Tier 1,,,
Item Name,Item Count,Rarity,Probability
Speed Trigger,1,COMMON,0.0843104410943607
Fast Hands,1,UNCOMMON,0.0184254606365159
Point Strike,1,COMMON,0.0843104410943607
Vital Sense,1,COMMON,0.0843104410943607
Piercing Hit,1,UNCOMMON,0.0184254606365159
Metal Auger,1,UNCOMMON,0.0184254606365159
Pistol Gambit,1,COMMON,0.0843104410943607
Target Cracker,1,COMMON,0.0843104410943607
No Return,1,COMMON,0.0843104410943607
Ravage,1,COMMON,0.0843104410943607
Blunderbuss,1,COMMON,0.0843104410943607
Point Blank,1,UNCOMMON,0.0184254606365159
Serration,1,UNCOMMON,0.0184254606365159
Hornet Strike,1,UNCOMMON,0.0184254606365159
Fury,1,RARE,0.0201005025125628
Reflex Coil,1,UNCOMMON,0.0184254606365159
Pressure Point,1,COMMON,0.0843104410943607
Tower Ii Exterminate,1,UNCOMMON,0.0184254606365159
Tower Ii Survival,1,UNCOMMON,0.0184254606365159
Tower Ii Capture,1,UNCOMMON,0.0184254606365159
Tower Ii Defense,1,UNCOMMON,0.0184254606365159
Tower Ii Mobile Defense,1,UNCOMMON,0.0184254606365159
,,,
InterceptRewardsGrineer - Tier 2,,,
Item Name,Item Count,Rarity,Probability
Natural Talent,1,RARE,0.0100502512562814
North Wind,1,COMMON,0.189698492462312
Cryo Rounds,1,UNCOMMON,0.0221105527638191
Hell's Chamber,1,UNCOMMON,0.0221105527638191
Stretch,1,UNCOMMON,0.0221105527638191
Streamline,1,UNCOMMON,0.0221105527638191
Tower Iii Exterminate,1,UNCOMMON,0.0221105527638191
Handspring,1,RARE,0.0100502512562814
Tower Ii Exterminate,1,COMMON,0.189698492462312
Tower Ii Survival,1,COMMON,0.189698492462312
Fusion Core,1,COMMON,0.189698492462312
Fusion Core,1,UNCOMMON,0.0221105527638191
Tower Iii Capture,1,UNCOMMON,0.0221105527638191
Tower Iii Defense,1,UNCOMMON,0.0221105527638191
Tower Iii Mobile Defense,1,UNCOMMON,0.0221105527638191
Tower Iii Survival,1,UNCOMMON,0.0221105527638191
,,,
,,,
InterceptionMissionRewards/ArchwingInterceptionMissionRewardsEasy - Tier 0,,,
Item Name,Item Count,Rarity,Probability
Argon Plating,1,COMMON,0.0811827956989247
Tempered Blade,1,COMMON,0.0811827956989247
Auxiliary Power,1,COMMON,0.0811827956989247
Sudden Impact,1,COMMON,0.0811827956989247
Efficient Transferral,1,COMMON,0.0811827956989247
Poisonous Sting,1,COMMON,0.0811827956989247
Energy Amplifier,1,COMMON,0.0811827956989247
Glacial Edge,1,COMMON,0.0811827956989247
Energy Inversion,1,COMMON,0.0811827956989247
Galvanized Blade,1,COMMON,0.0811827956989247
Fusion Core,1,COMMON,0.0811827956989247
Enhanced Durability,1,RARE,0.0258064516129032
Furor,1,COMMON,0.0811827956989247
,,,
InterceptionMissionRewards/ArchwingInterceptionMissionRewardsEasy - Tier 1,,,
Item Name,Item Count,Rarity,Probability
Hyperion Thrusters,1,COMMON,0.0833333333333333
Extend,1,COMMON,0.0833333333333333
Morphic Transformer,1,COMMON,0.0833333333333333
Superior Defenses,1,COMMON,0.0833333333333333
Morphic Transformer,1,COMMON,0.0833333333333333
Cutting Edge,1,COMMON,0.0833333333333333
Extend,1,COMMON,0.0833333333333333
System Reroute,1,COMMON,0.0833333333333333
Bleeding Edge,1,COMMON,0.0833333333333333
Efficient Transferral,1,COMMON,0.0833333333333333
Electrified Barrel,1,COMMON,0.0833333333333333
Blazing Steel,1,COMMON,0.0833333333333333
,,,
InterceptionMissionRewards/ArchwingInterceptionMissionRewardsEasy - Tier 2,,,
Item Name,Item Count,Rarity,Probability
Onorix Blade,1,UNCOMMON,0.0752136752136752
Onorix Handle,1,COMMON,0.258119658119658
Corvas Barrel,1,COMMON,0.258119658119658
Corvas Receiver,1,UNCOMMON,0.0752136752136752
Corvas Stock,1,COMMON,0.258119658119658
Fluctus Limbs,1,UNCOMMON,0.0752136752136752
,,,
,,,
InterceptionMissionRewards/ArchwingInterceptionMissionRewardsHard - Tier 0,,,
Item Name,Item Count,Rarity,Probability
Automatic Trigger,1,COMMON,0.0833333333333333
Combustion Rounds,1,COMMON,0.0833333333333333
Dual Rounds,1,COMMON,0.0833333333333333
Electrified Barrel,1,COMMON,0.0833333333333333
Hollowed Bullets,1,COMMON,0.0833333333333333
Magazine Extension,1,COMMON,0.0833333333333333
Modified Munitions,1,COMMON,0.0833333333333333
Parallax Scope,1,COMMON,0.0833333333333333
Polar Magazine,1,COMMON,0.0833333333333333
Rubedo-Lined Barrel,1,COMMON,0.0833333333333333
Venomous Clip,1,COMMON,0.0833333333333333
Fusion Core,1,COMMON,0.0833333333333333
,,,
InterceptionMissionRewards/ArchwingInterceptionMissionRewardsHard - Tier 1,,,
Item Name,Item Count,Rarity,Probability
Dual Rounds,1,COMMON,0.0833333333333333
Superior Defenses,1,COMMON,0.0833333333333333
Bleeding Edge,1,COMMON,0.0833333333333333
Superior Defenses,1,COMMON,0.0833333333333333
Poisonous Sting,1,COMMON,0.0833333333333333
Argon Plating,1,COMMON,0.0833333333333333
Furor,1,COMMON,0.0833333333333333
Fusion Core,1,COMMON,0.0833333333333333
Glacial Edge,1,COMMON,0.0833333333333333
Electrified Barrel,1,COMMON,0.0833333333333333
Glacial Edge,1,COMMON,0.0833333333333333
Energy Inversion,1,COMMON,0.0833333333333333
,,,
InterceptionMissionRewards/ArchwingInterceptionMissionRewardsHard - Tier 2,,,
Item Name,Item Count,Rarity,Probability
Tower Iv Survival,1,COMMON,0.142857142857143
Tower Iv Defense,1,COMMON,0.142857142857143
Fluctus Stock,1,COMMON,0.142857142857143
Elytron Harness Blueprint,1,COMMON,0.142857142857143
Elytron Systems Blueprint,1,COMMON,0.142857142857143
Elytron Wings Blueprint,1,COMMON,0.142857142857143
Centaur Blade,1,COMMON,0.142857142857143
,,,
,,,
InterceptionMissionRewards/InterceptionMissionRewardsEasy - Tier 0,,,
Item Name,Item Count,Rarity,Probability
Vitality,1,COMMON,0.0811827956989247
Quick Rest,1,COMMON,0.0811827956989247
Magazine Warp,1,COMMON,0.0811827956989247
Trick Mag,1,COMMON,0.0811827956989247
Pressure Point,1,COMMON,0.0811827956989247
Ammo Drum,1,COMMON,0.0811827956989247
Fast Hands,1,COMMON,0.0811827956989247
Point Strike,1,COMMON,0.0811827956989247
Piercing Hit,1,COMMON,0.0811827956989247
Pistol Gambit,1,COMMON,0.0811827956989247
Blunderbuss,1,COMMON,0.0811827956989247
Fusion Core,1,COMMON,0.0811827956989247
Natural Talent,1,RARE,0.0258064516129032
,,,
InterceptionMissionRewards/InterceptionMissionRewardsEasy - Tier 1,,,
Item Name,Item Count,Rarity,Probability
Speed Trigger,1,COMMON,0.0541218637992832
Fast Deflection,1,COMMON,0.0541218637992832
Rush,1,COMMON,0.0541218637992832
Target Cracker,1,COMMON,0.0541218637992832
No Return,1,COMMON,0.0541218637992832
Serration,1,COMMON,0.0541218637992832
Hornet Strike,1,COMMON,0.0541218637992832
Reflex Coil,1,COMMON,0.0541218637992832
Deep Freeze,1,COMMON,0.0541218637992832
North Wind,1,COMMON,0.0541218637992832
Cryo Rounds,1,COMMON,0.0541218637992832
Hell's Chamber,1,COMMON,0.0541218637992832
Streamline,1,COMMON,0.0541218637992832
Shocking Touch,1,COMMON,0.0541218637992832
Stormbringer,1,COMMON,0.0541218637992832
Point Blank,1,COMMON,0.0541218637992832
Fury,1,COMMON,0.0541218637992832
Fusion Core,1,COMMON,0.0541218637992832
Natural Talent,1,RARE,0.0258064516129032
,,,
InterceptionMissionRewards/InterceptionMissionRewardsEasy - Tier 2,,,
Item Name,Item Count,Rarity,Probability
Tower I Capture,1,COMMON,0.142857142857143
Tower I Defense,1,COMMON,0.142857142857143
Natural Talent,1,COMMON,0.142857142857143
Tower I Mobile Defense,1,COMMON,0.142857142857143
Tower I Survival,1,COMMON,0.142857142857143
Tower I Exterminate,1,COMMON,0.142857142857143
Tower I Sabotage,1,COMMON,0.142857142857143
,,,
,,,
InterceptionMissionRewards/InterceptionMissionRewardsHard - Tier 0,,,
Item Name,Item Count,Rarity,Probability
Vitality,1,COMMON,0.0769230769230769
Quick Rest,1,COMMON,0.0769230769230769
Magazine Warp,1,COMMON,0.0769230769230769
Trick Mag,1,COMMON,0.0769230769230769
Pressure Point,1,COMMON,0.0769230769230769
Ammo Drum,1,COMMON,0.0769230769230769
Fast Hands,1,COMMON,0.0769230769230769
Point Strike,1,COMMON,0.0769230769230769
Piercing Hit,1,COMMON,0.0769230769230769
Pistol Gambit,1,COMMON,0.0769230769230769
Blunderbuss,1,COMMON,0.0769230769230769
Fusion Core,1,COMMON,0.0769230769230769
Natural Talent,1,COMMON,0.0769230769230769
,,,
InterceptionMissionRewards/InterceptionMissionRewardsHard - Tier 1,,,
Item Name,Item Count,Rarity,Probability
Speed Trigger,1,COMMON,0.0526315789473684
Fast Deflection,1,COMMON,0.0526315789473684
Rush,1,COMMON,0.0526315789473684
Target Cracker,1,COMMON,0.0526315789473684
No Return,1,COMMON,0.0526315789473684
Serration,1,COMMON,0.0526315789473684
Hornet Strike,1,COMMON,0.0526315789473684
Reflex Coil,1,COMMON,0.0526315789473684
Deep Freeze,1,COMMON,0.0526315789473684
North Wind,1,COMMON,0.0526315789473684
Cryo Rounds,1,COMMON,0.0526315789473684
Hell's Chamber,1,COMMON,0.0526315789473684
Streamline,1,COMMON,0.0526315789473684
Shocking Touch,1,COMMON,0.0526315789473684
Stormbringer,1,COMMON,0.0526315789473684
Point Blank,1,COMMON,0.0526315789473684
Fury,1,COMMON,0.0526315789473684
Fusion Core,1,COMMON,0.0526315789473684
Natural Talent,1,COMMON,0.0526315789473684
,,,
InterceptionMissionRewards/InterceptionMissionRewardsHard - Tier 2,,,
Item Name,Item Count,Rarity,Probability
Natural Talent,1,COMMON,0.25
Tower Iv Survival,1,COMMON,0.25
Tower Iv Defense,1,COMMON,0.25
Tower Iv Interception,1,COMMON,0.25
,,,
,,,
InterceptionMissionRewards/InterceptionMissionRewardsMedium - Tier 0,,,
Item Name,Item Count,Rarity,Probability
Vitality,1,COMMON,0.0645299145299145
Quick Rest,1,COMMON,0.0645299145299145
Magazine Warp,1,COMMON,0.0645299145299145
Trick Mag,1,COMMON,0.0645299145299145
Pressure Point,1,COMMON,0.0645299145299145
Ammo Drum,1,COMMON,0.0645299145299145
Fast Hands,1,COMMON,0.0645299145299145
Point Strike,1,COMMON,0.0645299145299145
Piercing Hit,1,COMMON,0.0645299145299145
Pistol Gambit,1,COMMON,0.0645299145299145
Blunderbuss,1,COMMON,0.0645299145299145
Fusion Core,1,COMMON,0.0645299145299145
Natural Talent,1,UNCOMMON,0.225641025641026
,,,
InterceptionMissionRewards/InterceptionMissionRewardsMedium - Tier 1,,,
Item Name,Item Count,Rarity,Probability
Speed Trigger,1,COMMON,0.043019943019943
Fast Deflection,1,COMMON,0.043019943019943
Rush,1,COMMON,0.043019943019943
Target Cracker,1,COMMON,0.043019943019943
No Return,1,COMMON,0.043019943019943
Serration,1,COMMON,0.043019943019943
Hornet Strike,1,COMMON,0.043019943019943
Reflex Coil,1,COMMON,0.043019943019943
Deep Freeze,1,COMMON,0.043019943019943
North Wind,1,COMMON,0.043019943019943
Cryo Rounds,1,COMMON,0.043019943019943
Hell's Chamber,1,COMMON,0.043019943019943
Streamline,1,COMMON,0.043019943019943
Shocking Touch,1,COMMON,0.043019943019943
Stormbringer,1,COMMON,0.043019943019943
Point Blank,1,COMMON,0.043019943019943
Fury,1,COMMON,0.043019943019943
Fusion Core,1,COMMON,0.043019943019943
Natural Talent,1,UNCOMMON,0.225641025641026
,,,
InterceptionMissionRewards/InterceptionMissionRewardsMedium - Tier 2,,,
Item Name,Item Count,Rarity,Probability
Tower Iv Sabotage,1,COMMON,0.193589743589744
Natural Talent,1,UNCOMMON,0.225641025641026
Tower Iv Mobile Defense,1,COMMON,0.193589743589744
Tower Iv Exterminate,1,COMMON,0.193589743589744
Tower Iv Capture,1,COMMON,0.193589743589744
,,,
,,,
MirageRewards - Tier 0,,,
Item Name,Item Count,Rarity,Probability
Orokin Cipher,1,COMMON,1
,,,
,,,
MissionRewardsCorpus - Tier 0,,,
Item Name,Item Count,Rarity,Probability
Vitality,1,COMMON,0.0948492462311558
Fast Deflection,1,COMMON,0.0948492462311558
Quick Rest,1,COMMON,0.0948492462311558
Fast Deflection,1,COMMON,0.0948492462311558
Rush,1,UNCOMMON,0.0368509212730318
Magazine Warp,1,COMMON,0.0948492462311558
Trick Mag,1,COMMON,0.0948492462311558
Pressure Point,1,RARE,0.0201005025125628
Ammo Drum,1,UNCOMMON,0.0368509212730318
Fast Hands,1,UNCOMMON,0.0368509212730318
Tower I Exterminate,1,COMMON,0.0948492462311558
Tower I Survival,1,COMMON,0.0948492462311558
Tower I Capture,1,UNCOMMON,0.0368509212730318
Tower I Defense,1,UNCOMMON,0.0368509212730318
Tower I Mobile Defense,1,UNCOMMON,0.0368509212730318
,,,
MissionRewardsCorpus - Tier 1,,,
Item Name,Item Count,Rarity,Probability
Speed Trigger,1,COMMON,0.0843104410943607
Fast Hands,1,UNCOMMON,0.0184254606365159
Point Strike,1,COMMON,0.0843104410943607
Vital Sense,1,COMMON,0.0843104410943607
Piercing Hit,1,UNCOMMON,0.0184254606365159
Metal Auger,1,UNCOMMON,0.0184254606365159
Pistol Gambit,1,COMMON,0.0843104410943607
Target Cracker,1,COMMON,0.0843104410943607
No Return,1,COMMON,0.0843104410943607
Ravage,1,COMMON,0.0843104410943607
Blunderbuss,1,COMMON,0.0843104410943607
Point Blank,1,UNCOMMON,0.0184254606365159
Serration,1,UNCOMMON,0.0184254606365159
Hornet Strike,1,UNCOMMON,0.0184254606365159
Fury,1,RARE,0.0201005025125628
Reflex Coil,1,UNCOMMON,0.0184254606365159
Pressure Point,1,COMMON,0.0843104410943607
Tower Ii Exterminate,1,UNCOMMON,0.0184254606365159
Tower Ii Survival,1,UNCOMMON,0.0184254606365159
Tower Ii Capture,1,UNCOMMON,0.0184254606365159
Tower Ii Defense,1,UNCOMMON,0.0184254606365159
Tower Ii Mobile Defense,1,UNCOMMON,0.0184254606365159
,,,
MissionRewardsCorpus - Tier 2,,,
Item Name,Item Count,Rarity,Probability
Convulsion,1,COMMON,0.151758793969849
Shocking Touch,1,COMMON,0.151758793969849
Stormbringer,1,UNCOMMON,0.0221105527638191
Split Chamber,1,UNCOMMON,0.0221105527638191
Stretch,1,UNCOMMON,0.0221105527638191
Continuity,1,UNCOMMON,0.0221105527638191
Tower Iii Exterminate,1,UNCOMMON,0.0221105527638191
Master Thief,1,RARE,0.0201005025125628
Tower Ii Exterminate,1,COMMON,0.151758793969849
Tower Ii Survival,1,COMMON,0.151758793969849
Fusion Core,1,COMMON,0.151758793969849
Fusion Core,1,UNCOMMON,0.0221105527638191
Tower Iii Capture,1,UNCOMMON,0.0221105527638191
Tower Iii Defense,1,UNCOMMON,0.0221105527638191
Tower Iii Mobile Defense,1,UNCOMMON,0.0221105527638191
Tower Iii Survival,1,UNCOMMON,0.0221105527638191
,,,
,,,
MissionRewardsGrineer - Tier 0,,,
Item Name,Item Count,Rarity,Probability
Vitality,1,COMMON,0.126465661641541
Fast Deflection,1,COMMON,0.126465661641541
Quick Rest,1,COMMON,0.126465661641541
Fast Deflection,1,COMMON,0.126465661641541
Rush,1,UNCOMMON,0.0276381909547739
Magazine Warp,1,COMMON,0.126465661641541
Trick Mag,1,COMMON,0.126465661641541
Pressure Point,1,RARE,0.0201005025125628
Ammo Drum,1,UNCOMMON,0.0276381909547739
Fast Hands,1,UNCOMMON,0.0276381909547739
Tower I Exterminate,1,UNCOMMON,0.0276381909547739
Tower I Survival,1,UNCOMMON,0.0276381909547739
Tower I Capture,1,UNCOMMON,0.0276381909547739
Tower I Defense,1,UNCOMMON,0.0276381909547739
Tower I Mobile Defense,1,UNCOMMON,0.0276381909547739
,,,
MissionRewardsGrineer - Tier 1,,,
Item Name,Item Count,Rarity,Probability
Speed Trigger,1,COMMON,0.0843104410943607
Fast Hands,1,UNCOMMON,0.0184254606365159
Point Strike,1,COMMON,0.0843104410943607
Vital Sense,1,COMMON,0.0843104410943607
Piercing Hit,1,UNCOMMON,0.0184254606365159
Metal Auger,1,UNCOMMON,0.0184254606365159
Pistol Gambit,1,COMMON,0.0843104410943607
Target Cracker,1,COMMON,0.0843104410943607
No Return,1,COMMON,0.0843104410943607
Ravage,1,COMMON,0.0843104410943607
Blunderbuss,1,COMMON,0.0843104410943607
Point Blank,1,UNCOMMON,0.0184254606365159
Serration,1,UNCOMMON,0.0184254606365159
Hornet Strike,1,UNCOMMON,0.0184254606365159
Fury,1,RARE,0.0201005025125628
Reflex Coil,1,UNCOMMON,0.0184254606365159
Pressure Point,1,COMMON,0.0843104410943607
Tower Ii Exterminate,1,UNCOMMON,0.0184254606365159
Tower Ii Survival,1,UNCOMMON,0.0184254606365159
Tower Ii Capture,1,UNCOMMON,0.0184254606365159
Tower Ii Defense,1,UNCOMMON,0.0184254606365159
Tower Ii Mobile Defense,1,UNCOMMON,0.0184254606365159
,,,
MissionRewardsGrineer - Tier 2,,,
Item Name,Item Count,Rarity,Probability
Deep Freeze,1,COMMON,0.151758793969849
North Wind,1,COMMON,0.151758793969849
Cryo Rounds,1,UNCOMMON,0.0221105527638191
Hell's Chamber,1,UNCOMMON,0.0221105527638191
Stretch,1,UNCOMMON,0.0221105527638191
Streamline,1,UNCOMMON,0.0221105527638191
Tower Iii Exterminate,1,UNCOMMON,0.0221105527638191
Handspring,1,RARE,0.0201005025125628
Tower Ii Exterminate,1,COMMON,0.151758793969849
Tower Ii Survival,1,COMMON,0.151758793969849
Fusion Core,1,COMMON,0.151758793969849
Fusion Core,1,UNCOMMON,0.0221105527638191
Tower Iii Capture,1,UNCOMMON,0.0221105527638191
Tower Iii Defense,1,UNCOMMON,0.0221105527638191
Tower Iii Mobile Defense,1,UNCOMMON,0.0221105527638191
Tower Iii Survival,1,UNCOMMON,0.0221105527638191
,,,
,,,
MissionRewardsInfested - Tier 0,,,
Item Name,Item Count,Rarity,Probability
Vitality,1,COMMON,0.126465661641541
Fast Deflection,1,COMMON,0.126465661641541
Quick Rest,1,COMMON,0.126465661641541
Fast Deflection,1,COMMON,0.126465661641541
Rush,1,UNCOMMON,0.0276381909547739
Magazine Warp,1,COMMON,0.126465661641541
Trick Mag,1,COMMON,0.126465661641541
Pressure Point,1,RARE,0.0201005025125628
Ammo Drum,1,UNCOMMON,0.0276381909547739
Fast Hands,1,UNCOMMON,0.0276381909547739
Tower I Exterminate,1,UNCOMMON,0.0276381909547739
Tower I Survival,1,UNCOMMON,0.0276381909547739
Tower I Capture,1,UNCOMMON,0.0276381909547739
Tower I Defense,1,UNCOMMON,0.0276381909547739
Tower I Mobile Defense,1,UNCOMMON,0.0276381909547739
,,,
MissionRewardsInfested - Tier 1,,,
Item Name,Item Count,Rarity,Probability
Speed Trigger,1,COMMON,0.0843104410943607
Fast Hands,1,UNCOMMON,0.0184254606365159
Point Strike,1,COMMON,0.0843104410943607
Vital Sense,1,COMMON,0.0843104410943607
Piercing Hit,1,UNCOMMON,0.0184254606365159
Metal Auger,1,UNCOMMON,0.0184254606365159
Pistol Gambit,1,COMMON,0.0843104410943607
Target Cracker,1,COMMON,0.0843104410943607
No Return,1,COMMON,0.0843104410943607
Ravage,1,COMMON,0.0843104410943607
Blunderbuss,1,COMMON,0.0843104410943607
Point Blank,1,UNCOMMON,0.0184254606365159
Serration,1,UNCOMMON,0.0184254606365159
Hornet Strike,1,UNCOMMON,0.0184254606365159
Fury,1,RARE,0.0201005025125628
Reflex Coil,1,UNCOMMON,0.0184254606365159
Pressure Point,1,COMMON,0.0843104410943607
Tower Ii Exterminate,1,UNCOMMON,0.0184254606365159
Tower Ii Survival,1,UNCOMMON,0.0184254606365159
Tower Ii Capture,1,UNCOMMON,0.0184254606365159
Tower Ii Defense,1,UNCOMMON,0.0184254606365159
Tower Ii Mobile Defense,1,UNCOMMON,0.0184254606365159
,,,
MissionRewardsInfested - Tier 2,,,
Item Name,Item Count,Rarity,Probability
Hellfire,1,COMMON,0.151758793969849
Heated Charge,1,COMMON,0.151758793969849
Molten Impact,1,UNCOMMON,0.0221105527638191
Barrel Diffusion,1,UNCOMMON,0.0221105527638191
Streamline,1,UNCOMMON,0.0221105527638191
Intensify,1,UNCOMMON,0.0221105527638191
Tower Iii Exterminate,1,UNCOMMON,0.0221105527638191
Thunderbolt,1,RARE,0.0201005025125628
Fusion Core,1,COMMON,0.151758793969849
Fusion Core,1,UNCOMMON,0.0221105527638191
Tower Ii Exterminate,1,COMMON,0.151758793969849
Tower Ii Survival,1,COMMON,0.151758793969849
Tower Iii Capture,1,UNCOMMON,0.0221105527638191
Tower Iii Defense,1,UNCOMMON,0.0221105527638191
Tower Iii Mobile Defense,1,UNCOMMON,0.0221105527638191
Tower Iii Survival,1,UNCOMMON,0.0221105527638191
,,,
,,,
NightmareModeRewards - Tier 0,,,
Item Name,Item Count,Rarity,Probability
Ice Storm,1,COMMON,0.0948492462311558
Stunning Speed,1,COMMON,0.0948492462311558
Hammer Shot,1,RARE,0.0100502512562814
Wildfire,1,COMMON,0.0948492462311558
Accelerated Blast,1,COMMON,0.0948492462311558
Blaze,1,RARE,0.0100502512562814
Constitution,1,UNCOMMON,0.0737018425460636
Fortitude,1,UNCOMMON,0.0737018425460636
Focus Energy,1,COMMON,0.0948492462311558
Rending Strike,1,UNCOMMON,0.0737018425460636
Lethal Torrent,1,COMMON,0.0948492462311558
Shred,1,COMMON,0.0948492462311558
Vigor,1,COMMON,0.0948492462311558
,,,
,,,
OrokinSabotageEventRewards - Tier 0,,,
Item Name,Item Count,Rarity,Probability
Fusion Core,1,COMMON,0.142857142857143
Fusion Core,1,COMMON,0.142857142857143
4000 Credits Cache,1,COMMON,0.142857142857143
5000 Credits Cache,1,COMMON,0.142857142857143
Fusion Core,1,COMMON,0.142857142857143
3000 Credits Cache,1,COMMON,0.142857142857143
2500 Credits Cache,1,COMMON,0.142857142857143
,,,
OrokinSabotageEventRewards - Tier 1,,,
Item Name,Item Count,Rarity,Probability
Tower I Capture,1,COMMON,0.0476190476190476
Tower I Defense,1,COMMON,0.0476190476190476
Tower I Exterminate,1,COMMON,0.0476190476190476
Tower I Mobile Defense,1,COMMON,0.0476190476190476
Tower I Survival,1,COMMON,0.0476190476190476
Tower Iv Survival,1,COMMON,0.0476190476190476
Tower Iv Mobile Defense,1,COMMON,0.0476190476190476
Tower Iv Interception,1,COMMON,0.0476190476190476
Tower Iv Exterminate,1,COMMON,0.0476190476190476
Tower Iv Defense,1,COMMON,0.0476190476190476
Tower Iii Survival,1,COMMON,0.0476190476190476
Tower Ii Exterminate,1,COMMON,0.0476190476190476
Tower Ii Survival,1,COMMON,0.0476190476190476
Tower Iii Exterminate,1,COMMON,0.0476190476190476
Tower Ii Capture,1,COMMON,0.0476190476190476
Tower Iii Capture,1,COMMON,0.0476190476190476
Tower Ii Defense,1,COMMON,0.0476190476190476
Tower Iii Defense,1,COMMON,0.0476190476190476
Tower Ii Mobile Defense,1,COMMON,0.0476190476190476
Tower Iii Mobile Defense,1,COMMON,0.0476190476190476
Tower Iv Capture,1,COMMON,0.0476190476190476
,,,
OrokinSabotageEventRewards - Tier 2,,,
Item Name,Item Count,Rarity,Probability
Neurodes,1,UNCOMMON,0.0376068376068376
Morphics,1,UNCOMMON,0.0376068376068376
Argon Crystal,1,UNCOMMON,0.0376068376068376
Orokin Cell,1,UNCOMMON,0.0376068376068376
Forma Blueprint,1,UNCOMMON,0.0376068376068376
Cryotic,50,COMMON,0.258119658119658
Oxium,50,COMMON,0.258119658119658
Neural Sensors,1,UNCOMMON,0.0376068376068376
Fusion Core,1,COMMON,0.258119658119658
,,,
,,,
RescueMissionRewards/RescueMissionRewardsEasy - Tier 1,,,
Item Name,Item Count,Rarity,Probability
Vapor Specter x10 Blueprint,1,COMMON,1
,,,
RescueMissionRewards/RescueMissionRewardsEasy - Tier 2,,,
Item Name,Item Count,Rarity,Probability
Phase Specter x5 Blueprint,1,COMMON,1
,,,
,,,
RescueMissionRewards/RescueMissionRewardsHard - Tier 0,,,
Item Name,Item Count,Rarity,Probability
Phase Specter x5 Blueprint,1,COMMON,1
,,,
RescueMissionRewards/RescueMissionRewardsHard - Tier 1,,,
Item Name,Item Count,Rarity,Probability
Force Specter x3 Blueprint,1,COMMON,1
,,,
RescueMissionRewards/RescueMissionRewardsHard - Tier 2,,,
Item Name,Item Count,Rarity,Probability
Cosmic Specter Blueprint,1,COMMON,1
,,,
,,,
RescueMissionRewards/RescueMissionRewardsMedium - Tier 0,,,
Item Name,Item Count,Rarity,Probability
Vapor Specter x10 Blueprint,1,COMMON,1
,,,
RescueMissionRewards/RescueMissionRewardsMedium - Tier 1,,,
Item Name,Item Count,Rarity,Probability
Phase Specter x5 Blueprint,1,COMMON,1
,,,
RescueMissionRewards/RescueMissionRewardsMedium - Tier 2,,,
Item Name,Item Count,Rarity,Probability
Force Specter x3 Blueprint,1,COMMON,1
,,,
,,,
RescueMissionRewards/RescueMissionRewardsNightmare - Tier 0,,,
Item Name,Item Count,Rarity,Probability
Force Specter x3 Blueprint,1,COMMON,1
,,,
RescueMissionRewards/RescueMissionRewardsNightmare - Tier 1,,,
Item Name,Item Count,Rarity,Probability
Cosmic Specter Blueprint,1,COMMON,1
,,,
RescueMissionRewards/RescueMissionRewardsNightmare - Tier 2,,,
Item Name,Item Count,Rarity,Probability
Cosmic Specter Blueprint,1,COMMON,1
,,,
,,,
SurvivalMissionRewards/SurvivalBadlandsHighLevelRewards - Tier 0,,,
Item Name,Item Count,Rarity,Probability
2000 Credits Cache,1,COMMON,0.0833333333333333
2500 Credits Cache,1,COMMON,0.0833333333333333
Fusion Core,1,COMMON,0.0833333333333333
Fusion Core,1,COMMON,0.0833333333333333
Steady Hands,1,COMMON,0.0833333333333333
Stabilizer,1,COMMON,0.0833333333333333
Power Throw,1,COMMON,0.0833333333333333
True Punishment,1,COMMON,0.0833333333333333
Quickening,1,COMMON,0.0833333333333333
Warrior's Grip,1,COMMON,0.0833333333333333
Enduring Strike,1,COMMON,0.0833333333333333
Life Strike,1,COMMON,0.0833333333333333
,,,
SurvivalMissionRewards/SurvivalBadlandsHighLevelRewards - Tier 1,,,
Item Name,Item Count,Rarity,Probability
Tower Ii Capture,1,COMMON,0.154871794871795
Tower Ii Mobile Defense,1,COMMON,0.154871794871795
Tower Ii Exterminate,1,COMMON,0.154871794871795
Tower Ii Survival,1,COMMON,0.154871794871795
Tower Ii Defense,1,COMMON,0.154871794871795
Tower Iii Capture,1,UNCOMMON,0.0451282051282051
Tower Iii Mobile Defense,1,UNCOMMON,0.0451282051282051
Tower Iii Exterminate,1,UNCOMMON,0.0451282051282051
Tower Iii Survival,1,UNCOMMON,0.0451282051282051
Tower Iii Defense,1,UNCOMMON,0.0451282051282051
,,,
SurvivalMissionRewards/SurvivalBadlandsHighLevelRewards - Tier 2,,,
Item Name,Item Count,Rarity,Probability
4000 Credits Cache,1,COMMON,0.0416666666666667
5000 Credits Cache,1,COMMON,0.0416666666666667
Steady Hands,1,COMMON,0.0416666666666667
Stabilizer,1,COMMON,0.0416666666666667
Power Throw,1,COMMON,0.0416666666666667
Steel Fiber,1,COMMON,0.0416666666666667
Stretch,1,COMMON,0.0416666666666667
Serration,1,COMMON,0.0416666666666667
Hell's Chamber,1,COMMON,0.0416666666666667
Cleanse Infested,1,COMMON,0.0416666666666667
Sundering Strike,1,COMMON,0.0416666666666667
Hornet Strike,1,COMMON,0.0416666666666667
Flow,1,COMMON,0.0416666666666667
Split Chamber,1,COMMON,0.0416666666666667
Pistol Ammo Mutation,1,COMMON,0.0416666666666667
Arrow Mutation,1,COMMON,0.0416666666666667
Rifle Ammo Mutation,1,COMMON,0.0416666666666667
Sniper Ammo Mutation,1,COMMON,0.0416666666666667
Shotgun Ammo Mutation,1,COMMON,0.0416666666666667
True Punishment,1,COMMON,0.0416666666666667
Quickening,1,COMMON,0.0416666666666667
Warrior's Grip,1,COMMON,0.0416666666666667
Enduring Strike,1,COMMON,0.0416666666666667
Life Strike,1,COMMON,0.0416666666666667
,,,
,,,
SurvivalMissionRewards/SurvivalBadlandsLowLevelRewards - Tier 0,,,
Item Name,Item Count,Rarity,Probability
1000 Credits Cache,1,COMMON,0.110622710622711
1500 Credits Cache,1,COMMON,0.110622710622711
Fusion Core,1,COMMON,0.110622710622711
Fusion Core,1,COMMON,0.110622710622711
Reflection,1,COMMON,0.110622710622711
Reflex Guard,1,COMMON,0.110622710622711
Parry,1,COMMON,0.110622710622711
True Punishment,1,UNCOMMON,0.112820512820513
Warrior's Grip,1,UNCOMMON,0.112820512820513
,,,
SurvivalMissionRewards/SurvivalBadlandsLowLevelRewards - Tier 1,,,
Item Name,Item Count,Rarity,Probability
Tower I Capture,1,COMMON,0.2
Tower I Mobile Defense,1,COMMON,0.2
Tower I Exterminate,1,COMMON,0.2
Tower I Survival,1,COMMON,0.2
Tower I Defense,1,COMMON,0.2
,,,
SurvivalMissionRewards/SurvivalBadlandsLowLevelRewards - Tier 2,,,
Item Name,Item Count,Rarity,Probability
2000 Credits Cache,1,COMMON,0.0476190476190476
3000 Credits Cache,1,COMMON,0.0476190476190476
Reflection,1,COMMON,0.0476190476190476
Reflex Guard,1,COMMON,0.0476190476190476
Parry,1,COMMON,0.0476190476190476
Steel Fiber,1,COMMON,0.0476190476190476
Heavy Impact,1,COMMON,0.0476190476190476
Serration,1,COMMON,0.0476190476190476
Incendiary Coat,1,COMMON,0.0476190476190476
Cleanse Grineer,1,COMMON,0.0476190476190476
Hornet Strike,1,COMMON,0.0476190476190476
Intensify,1,COMMON,0.0476190476190476
Metal Auger,1,COMMON,0.0476190476190476
Reflex Coil,1,COMMON,0.0476190476190476
Arrow Mutation,1,COMMON,0.0476190476190476
Rifle Ammo Mutation,1,COMMON,0.0476190476190476
Sniper Ammo Mutation,1,COMMON,0.0476190476190476
Shotgun Ammo Mutation,1,COMMON,0.0476190476190476
Pistol Ammo Mutation,1,COMMON,0.0476190476190476
True Punishment,1,COMMON,0.0476190476190476
Warrior's Grip,1,COMMON,0.0476190476190476
,,,
,,,
SurvivalMissionRewards/SurvivalBadlandsMidLevelRewards - Tier 0,,,
Item Name,Item Count,Rarity,Probability
1500 Credits Cache,1,COMMON,0.110622710622711
2000 Credits Cache,1,COMMON,0.110622710622711
Fusion Core,1,COMMON,0.110622710622711
Fusion Core,1,COMMON,0.110622710622711
Provoked,1,COMMON,0.110622710622711
Finishing Touch,1,COMMON,0.110622710622711
Spare Parts,1,COMMON,0.110622710622711
True Punishment,1,UNCOMMON,0.0564102564102564
Quickening,1,UNCOMMON,0.0564102564102564
Warrior's Grip,1,UNCOMMON,0.0564102564102564
Enduring Strike,1,UNCOMMON,0.0564102564102564
,,,
SurvivalMissionRewards/SurvivalBadlandsMidLevelRewards - Tier 1,,,
Item Name,Item Count,Rarity,Probability
Tower Ii Capture,1,COMMON,0.154871794871795
Tower Ii Mobile Defense,1,COMMON,0.154871794871795
Tower Ii Exterminate,1,COMMON,0.154871794871795
Tower Ii Survival,1,COMMON,0.154871794871795
Tower Ii Defense,1,COMMON,0.154871794871795
Tower Iii Capture,1,UNCOMMON,0.0451282051282051
Tower Iii Mobile Defense,1,UNCOMMON,0.0451282051282051
Tower Iii Exterminate,1,UNCOMMON,0.0451282051282051
Tower Iii Survival,1,UNCOMMON,0.0451282051282051
Tower Iii Defense,1,UNCOMMON,0.0451282051282051
,,,
SurvivalMissionRewards/SurvivalBadlandsMidLevelRewards - Tier 2,,,
Item Name,Item Count,Rarity,Probability
3000 Credits Cache,1,COMMON,0.0434782608695652
4000 Credits Cache,1,COMMON,0.0434782608695652
Provoked,1,COMMON,0.0434782608695652
Finishing Touch,1,COMMON,0.0434782608695652
Spare Parts,1,COMMON,0.0434782608695652
Steel Fiber,1,COMMON,0.0434782608695652
Serration,1,COMMON,0.0434782608695652
Hornet Strike,1,COMMON,0.0434782608695652
Fast Deflection,1,COMMON,0.0434782608695652
Charged Shell,1,COMMON,0.0434782608695652
Cleanse Corpus,1,COMMON,0.0434782608695652
Killing Blow,1,COMMON,0.0434782608695652
Antitoxin,1,COMMON,0.0434782608695652
Vital Sense,1,COMMON,0.0434782608695652
Pistol Ammo Mutation,1,COMMON,0.0434782608695652
Arrow Mutation,1,COMMON,0.0434782608695652
Rifle Ammo Mutation,1,COMMON,0.0434782608695652
Sniper Ammo Mutation,1,COMMON,0.0434782608695652
Shotgun Ammo Mutation,1,COMMON,0.0434782608695652
True Punishment,1,COMMON,0.0434782608695652
Quickening,1,COMMON,0.0434782608695652
Warrior's Grip,1,COMMON,0.0434782608695652
Enduring Strike,1,COMMON,0.0434782608695652
,,,
,,,
SurvivalMissionRewards/SurvivalGeneticFoundryRewards - Tier 0,,,
Item Name,Item Count,Rarity,Probability
Incubator Segment,1,COMMON,1
,,,
SurvivalMissionRewards/SurvivalGeneticFoundryRewards - Tier 1,,,
Item Name,Item Count,Rarity,Probability
2000 Credits Cache,1,COMMON,0.333333333333333
5000 Credits Cache,1,COMMON,0.333333333333333
Fusion Core,1,COMMON,0.333333333333333
,,,
SurvivalMissionRewards/SurvivalGeneticFoundryRewards - Tier 2,,,
Item Name,Item Count,Rarity,Probability
2000 Credits Cache,1,COMMON,0.333333333333333
5000 Credits Cache,1,COMMON,0.333333333333333
Fusion Core,1,COMMON,0.333333333333333
,,,
,,,
SurvivalMissionRewards/SurvivalHighLevelRewards - Tier 0,,,
Item Name,Item Count,Rarity,Probability
2000 Credits Cache,1,COMMON,0.142857142857143
2500 Credits Cache,1,COMMON,0.142857142857143
Fusion Core,1,COMMON,0.142857142857143
Fusion Core,1,COMMON,0.142857142857143
Steady Hands,1,COMMON,0.142857142857143
Stabilizer,1,COMMON,0.142857142857143
Power Throw,1,COMMON,0.142857142857143
,,,
SurvivalMissionRewards/SurvivalHighLevelRewards - Tier 1,,,
Item Name,Item Count,Rarity,Probability
Tower Ii Capture,1,COMMON,0.110622710622711
Tower Ii Mobile Defense,1,COMMON,0.110622710622711
Tower Ii Exterminate,1,COMMON,0.110622710622711
Tower Ii Survival,1,COMMON,0.110622710622711
Tower Ii Defense,1,COMMON,0.110622710622711
Tower Iii Capture,1,UNCOMMON,0.0451282051282051
Tower Iii Mobile Defense,1,UNCOMMON,0.0451282051282051
Tower Iii Exterminate,1,UNCOMMON,0.0451282051282051
Tower Iii Survival,1,UNCOMMON,0.0451282051282051
Tower Iii Defense,1,UNCOMMON,0.0451282051282051
Tower Ii Sabotage,1,COMMON,0.110622710622711
Tower Iii Sabotage,1,COMMON,0.110622710622711
,,,
SurvivalMissionRewards/SurvivalHighLevelRewards - Tier 2,,,
Item Name,Item Count,Rarity,Probability
4000 Credits Cache,1,COMMON,0.0526315789473684
5000 Credits Cache,1,COMMON,0.0526315789473684
Steady Hands,1,COMMON,0.0526315789473684
Stabilizer,1,COMMON,0.0526315789473684
Power Throw,1,COMMON,0.0526315789473684
Steel Fiber,1,COMMON,0.0526315789473684
Stretch,1,COMMON,0.0526315789473684
Serration,1,COMMON,0.0526315789473684
Hell's Chamber,1,COMMON,0.0526315789473684
Cleanse Infested,1,COMMON,0.0526315789473684
Sundering Strike,1,COMMON,0.0526315789473684
Hornet Strike,1,COMMON,0.0526315789473684
Flow,1,COMMON,0.0526315789473684
Split Chamber,1,COMMON,0.0526315789473684
Pistol Ammo Mutation,1,COMMON,0.0526315789473684
Arrow Mutation,1,COMMON,0.0526315789473684
Rifle Ammo Mutation,1,COMMON,0.0526315789473684
Sniper Ammo Mutation,1,COMMON,0.0526315789473684
Shotgun Ammo Mutation,1,COMMON,0.0526315789473684
,,,
,,,
SurvivalMissionRewards/SurvivalLowLevelRewards - Tier 0,,,
Item Name,Item Count,Rarity,Probability
1000 Credits Cache,1,COMMON,0.142857142857143
1500 Credits Cache,1,COMMON,0.142857142857143
Fusion Core,1,COMMON,0.142857142857143
Fusion Core,1,COMMON,0.142857142857143
Reflection,1,COMMON,0.142857142857143
Reflex Guard,1,COMMON,0.142857142857143
Parry,1,COMMON,0.142857142857143
,,,
SurvivalMissionRewards/SurvivalLowLevelRewards - Tier 1,,,
Item Name,Item Count,Rarity,Probability
Tower I Capture,1,COMMON,0.166666666666667
Tower I Mobile Defense,1,COMMON,0.166666666666667
Tower I Exterminate,1,COMMON,0.166666666666667
Tower I Survival,1,COMMON,0.166666666666667
Tower I Defense,1,COMMON,0.166666666666667
Tower I Sabotage,1,COMMON,0.166666666666667
,,,
SurvivalMissionRewards/SurvivalLowLevelRewards - Tier 2,,,
Item Name,Item Count,Rarity,Probability
2000 Credits Cache,1,COMMON,0.0526315789473684
3000 Credits Cache,1,COMMON,0.0526315789473684
Reflection,1,COMMON,0.0526315789473684
Reflex Guard,1,COMMON,0.0526315789473684
Parry,1,COMMON,0.0526315789473684
Steel Fiber,1,COMMON,0.0526315789473684
Heavy Impact,1,COMMON,0.0526315789473684
Serration,1,COMMON,0.0526315789473684
Incendiary Coat,1,COMMON,0.0526315789473684
Cleanse Grineer,1,COMMON,0.0526315789473684
Hornet Strike,1,COMMON,0.0526315789473684
Intensify,1,COMMON,0.0526315789473684
Metal Auger,1,COMMON,0.0526315789473684
Reflex Coil,1,COMMON,0.0526315789473684
Arrow Mutation,1,COMMON,0.0526315789473684
Rifle Ammo Mutation,1,COMMON,0.0526315789473684
Sniper Ammo Mutation,1,COMMON,0.0526315789473684
Shotgun Ammo Mutation,1,COMMON,0.0526315789473684
Pistol Ammo Mutation,1,COMMON,0.0526315789473684
,,,
,,,
SurvivalMissionRewards/SurvivalMidLevelRewards - Tier 0,,,
Item Name,Item Count,Rarity,Probability
1500 Credits Cache,1,COMMON,0.142857142857143
2000 Credits Cache,1,COMMON,0.142857142857143
Fusion Core,1,COMMON,0.142857142857143
Fusion Core,1,COMMON,0.142857142857143
Provoked,1,COMMON,0.142857142857143
Finishing Touch,1,COMMON,0.142857142857143
Spare Parts,1,COMMON,0.142857142857143
,,,
SurvivalMissionRewards/SurvivalMidLevelRewards - Tier 1,,,
Item Name,Item Count,Rarity,Probability
Tower Ii Capture,1,COMMON,0.110622710622711
Tower Ii Mobile Defense,1,COMMON,0.110622710622711
Tower Ii Exterminate,1,COMMON,0.110622710622711
Tower Ii Survival,1,COMMON,0.110622710622711
Tower Ii Defense,1,COMMON,0.110622710622711
Tower Iii Capture,1,UNCOMMON,0.0451282051282051
Tower Iii Mobile Defense,1,UNCOMMON,0.0451282051282051
Tower Iii Exterminate,1,UNCOMMON,0.0451282051282051
Tower Iii Survival,1,UNCOMMON,0.0451282051282051
Tower Iii Defense,1,UNCOMMON,0.0451282051282051
Tower Ii Sabotage,1,COMMON,0.110622710622711
Tower Iii Sabotage,1,COMMON,0.110622710622711
,,,
SurvivalMissionRewards/SurvivalMidLevelRewards - Tier 2,,,
Item Name,Item Count,Rarity,Probability
3000 Credits Cache,1,COMMON,0.0526315789473684
4000 Credits Cache,1,COMMON,0.0526315789473684
Provoked,1,COMMON,0.0526315789473684
Finishing Touch,1,COMMON,0.0526315789473684
Spare Parts,1,COMMON,0.0526315789473684
Steel Fiber,1,COMMON,0.0526315789473684
Serration,1,COMMON,0.0526315789473684
Hornet Strike,1,COMMON,0.0526315789473684
Fast Deflection,1,COMMON,0.0526315789473684
Charged Shell,1,COMMON,0.0526315789473684
Cleanse Corpus,1,COMMON,0.0526315789473684
Killing Blow,1,COMMON,0.0526315789473684
Antitoxin,1,COMMON,0.0526315789473684
Vital Sense,1,COMMON,0.0526315789473684
Pistol Ammo Mutation,1,COMMON,0.0526315789473684
Arrow Mutation,1,COMMON,0.0526315789473684
Rifle Ammo Mutation,1,COMMON,0.0526315789473684
Sniper Ammo Mutation,1,COMMON,0.0526315789473684
Shotgun Ammo Mutation,1,COMMON,0.0526315789473684
,,,
,,,
VaultRewards - Tier 0,,,
Item Name,Item Count,Rarity,Probability
Spoiled Strike,1,UNCOMMON,0.0132730015082956
Corrupt Charge,1,UNCOMMON,0.0132730015082956
Hollow Point,1,UNCOMMON,0.0132730015082956
Spoiled Strike,1,UNCOMMON,0.0132730015082956
Magnum Force,1,UNCOMMON,0.0132730015082956
Tainted Clip,1,UNCOMMON,0.0132730015082956
Critical Delay,1,UNCOMMON,0.0132730015082956
Heavy Caliber,1,UNCOMMON,0.0132730015082956
Tainted Mag,1,UNCOMMON,0.0132730015082956
Vile Precision,1,UNCOMMON,0.0132730015082956
Narrow Minded,1,UNCOMMON,0.0132730015082956
Fleeting Expertise,1,UNCOMMON,0.0132730015082956
Blind Rage,1,UNCOMMON,0.0132730015082956
Overextended,1,UNCOMMON,0.0132730015082956
Tainted Shell,1,UNCOMMON,0.0132730015082956
Vicious Spread,1,UNCOMMON,0.0132730015082956
Burdened Magazine,1,UNCOMMON,0.0132730015082956
Anemic Agility,1,COMMON,0.129059829059829
Vile Acceleration,1,COMMON,0.129059829059829
Frail Momentum,1,COMMON,0.129059829059829
Critical Deceleration,1,COMMON,0.129059829059829
Creeping Bullseye,1,COMMON,0.129059829059829
Transient Fortitude,1,COMMON,0.129059829059829
,,,
,,,
VoidKeyMissionRewards/OrokinCaptureRewardsA - Tier 0,,,
Item Name,Item Count,Rarity,Probability
Hikou Prime Pouch,1,UNCOMMON,0.0564102564102564
Paris Prime Grip,1,UNCOMMON,0.0564102564102564
Forma Blueprint,1,UNCOMMON,0.0564102564102564
Tower I Defense,1,COMMON,0.258119658119658
Boar Prime Receiver,1,COMMON,0.258119658119658
Lex Prime Receiver,1,UNCOMMON,0.0564102564102564
Tower Ii Capture,1,COMMON,0.258119658119658
,,,
,,,
VoidKeyMissionRewards/OrokinCaptureRewardsB - Tier 0,,,
Item Name,Item Count,Rarity,Probability
Orthos Prime Handle,1,UNCOMMON,0.142857142857143
Paris Prime String,1,UNCOMMON,0.142857142857143
Forma Blueprint,1,UNCOMMON,0.142857142857143
Orthos Prime Blade,1,UNCOMMON,0.142857142857143
Ember Prime Chassis Blueprint,1,UNCOMMON,0.142857142857143
Latron Prime Stock,1,UNCOMMON,0.142857142857143
Loki Prime Blueprint,1,UNCOMMON,0.142857142857143
,,,
,,,
VoidKeyMissionRewards/OrokinCaptureRewardsC - Tier 0,,,
Item Name,Item Count,Rarity,Probability
Bronco Prime Barrel,1,UNCOMMON,0.0564102564102564
Forma Blueprint,1,COMMON,0.258119658119658
Bronco Prime Receiver,1,UNCOMMON,0.0564102564102564
Frost Prime Blueprint,1,UNCOMMON,0.0564102564102564
Akbronco Prime Link,1,UNCOMMON,0.0564102564102564
Burston Prime Barrel,1,COMMON,0.258119658119658
Lex Prime Barrel,1,COMMON,0.258119658119658
,,,
,,,
VoidKeyMissionRewards/OrokinCaptureRewardsD - Tier 0,,,
Item Name,Item Count,Rarity,Probability
Nyx Prime Systems Blueprint,1,COMMON,0.193589743589744
Forma Blueprint,1,COMMON,0.193589743589744
Bronco Prime Receiver,1,COMMON,0.193589743589744
Frost Prime Blueprint,1,UNCOMMON,0.112820512820513
Akbronco Prime Link,1,COMMON,0.193589743589744
Fusion Core,5,UNCOMMON,0.112820512820513
,,,
,,,
VoidKeyMissionRewards/OrokinDefenseRewardsA - Tier 0,,,
Item Name,Item Count,Rarity,Probability
Fusion Core,1,COMMON,0.387179487179487
Tower I Capture,1,COMMON,0.387179487179487
Tower Iii Capture,1,UNCOMMON,0.112820512820513
Forma Blueprint,1,UNCOMMON,0.112820512820513
,,,
VoidKeyMissionRewards/OrokinDefenseRewardsA - Tier 1,,,
Item Name,Item Count,Rarity,Probability
Fusion Core,1,COMMON,0.154871794871795
Tower I Mobile Defense,1,COMMON,0.154871794871795
Tower Ii Defense,1,COMMON,0.154871794871795
Orokin Cell,1,UNCOMMON,0.225641025641026
Tower Ii Mobile Defense,1,COMMON,0.154871794871795
Tower Ii Capture,1,COMMON,0.154871794871795
,,,
VoidKeyMissionRewards/OrokinDefenseRewardsA - Tier 2,,,
Item Name,Item Count,Rarity,Probability
Vasto Prime Receiver,1,UNCOMMON,0.112820512820513
Ankyros Prime Blueprint,1,COMMON,0.258119658119658
Forma Blueprint,1,UNCOMMON,0.112820512820513
Hikou Prime Stars,1,COMMON,0.258119658119658
Rhino Prime Systems Blueprint,1,COMMON,0.258119658119658
,,,
,,,
VoidKeyMissionRewards/OrokinDefenseRewardsB - Tier 0,,,
Item Name,Item Count,Rarity,Probability
Fusion Core,1,UNCOMMON,0.2
Fusion Core,1,UNCOMMON,0.2
Soma Prime Blueprint,1,UNCOMMON,0.2
Orokin Cell,1,UNCOMMON,0.2
Orthos Prime Blade,1,UNCOMMON,0.2
,,,
VoidKeyMissionRewards/OrokinDefenseRewardsB - Tier 1,,,
Item Name,Item Count,Rarity,Probability
Fusion Core,1,UNCOMMON,0.25
Fusion Core,1,UNCOMMON,0.25
Burston Prime Stock,1,UNCOMMON,0.25
Paris Prime Blueprint,1,UNCOMMON,0.25
,,,
VoidKeyMissionRewards/OrokinDefenseRewardsB - Tier 2,,,
Item Name,Item Count,Rarity,Probability
Fang Prime Handle,1,UNCOMMON,0.2
Braton Prime Stock,1,UNCOMMON,0.2
Glaive Prime Disc,1,UNCOMMON,0.2
Paris Prime Upper Limb,1,UNCOMMON,0.2
Fang Prime Blueprint,1,UNCOMMON,0.2
,,,
,,,
VoidKeyMissionRewards/OrokinDefenseRewardsC - Tier 0,,,
Item Name,Item Count,Rarity,Probability
Fusion Core,1,COMMON,0.25
Ankyros Prime Blueprint,1,COMMON,0.25
Orokin Cell,1,COMMON,0.25
Fusion Core,1,COMMON,0.25
,,,
VoidKeyMissionRewards/OrokinDefenseRewardsC - Tier 1,,,
Item Name,Item Count,Rarity,Probability
Fusion Core,5,UNCOMMON,0.2
Forma Blueprint,1,UNCOMMON,0.2
Lex Prime Blueprint,1,UNCOMMON,0.2
Paris Prime String,1,UNCOMMON,0.2
Burston Prime Blueprint,1,UNCOMMON,0.2
,,,
VoidKeyMissionRewards/OrokinDefenseRewardsC - Tier 2,,,
Item Name,Item Count,Rarity,Probability
Braton Prime Barrel,1,UNCOMMON,0.0752136752136752
Braton Prime Receiver,1,UNCOMMON,0.0752136752136752
Forma Blueprint,1,COMMON,0.258119658119658
Mag Prime Blueprint,1,COMMON,0.258119658119658
Ankyros Prime Blade,1,UNCOMMON,0.0752136752136752
Braton Prime Stock,1,COMMON,0.258119658119658
,,,
,,,
VoidKeyMissionRewards/OrokinDefenseRewardsD - Tier 0,,,
Item Name,Item Count,Rarity,Probability
Fusion Core,5,UNCOMMON,0.2
Forma Blueprint,1,UNCOMMON,0.2
Lex Prime Blueprint,1,UNCOMMON,0.2
Orthos Prime Handle,1,UNCOMMON,0.2
Dakra Prime Blueprint,1,UNCOMMON,0.2
,,,
VoidKeyMissionRewards/OrokinDefenseRewardsD - Tier 1,,,
Item Name,Item Count,Rarity,Probability
Braton Prime Barrel,1,COMMON,0.25
Braton Prime Receiver,1,COMMON,0.25
Forma Blueprint,1,COMMON,0.25
Fusion Core,5,COMMON,0.25
,,,
VoidKeyMissionRewards/OrokinDefenseRewardsD - Tier 2,,,
Item Name,Item Count,Rarity,Probability
Loki Prime Systems Blueprint,1,UNCOMMON,0.0564102564102564
Nyx Prime Blueprint,1,UNCOMMON,0.0564102564102564
Ember Prime Blueprint,1,UNCOMMON,0.0564102564102564
Ankyros Prime Gauntlet,1,COMMON,0.193589743589744
Boltor Prime Receiver,1,COMMON,0.193589743589744
Burston Prime Receiver,1,COMMON,0.193589743589744
Forma Blueprint,1,COMMON,0.193589743589744
Fusion Core,5,UNCOMMON,0.0564102564102564
,,,
,,,
VoidKeyMissionRewards/OrokinExterminateRewardsA - Tier 0,,,
Item Name,Item Count,Rarity,Probability
Scindo Prime Blueprint,1,UNCOMMON,0.0752136752136752
Wyrm Prime Cerebrum,1,UNCOMMON,0.0752136752136752
Forma Blueprint,1,UNCOMMON,0.0752136752136752
Tower I Mobile Defense,1,COMMON,0.258119658119658
Tower Ii Exterminate,1,COMMON,0.258119658119658
Boltor Prime Stock,1,COMMON,0.258119658119658
,,,
,,,
VoidKeyMissionRewards/OrokinExterminateRewardsB - Tier 0,,,
Item Name,Item Count,Rarity,Probability
Dakra Prime Handle,1,UNCOMMON,0.0752136752136752
Ember Prime Helmet Blueprint,1,COMMON,0.193589743589744
Frost Prime Chassis Blueprint,1,COMMON,0.193589743589744
Forma Blueprint,1,COMMON,0.193589743589744
Orthos Prime Blueprint,1,UNCOMMON,0.0752136752136752
Rhino Prime Systems Blueprint,1,COMMON,0.193589743589744
Wyrm Prime Blueprint,1,UNCOMMON,0.0752136752136752
,,,
,,,
VoidKeyMissionRewards/OrokinExterminateRewardsC - Tier 0,,,
Item Name,Item Count,Rarity,Probability
Nyx Prime Chassis Blueprint,1,UNCOMMON,0.0451282051282051
Soma Prime Stock,1,UNCOMMON,0.0451282051282051
Forma,1,UNCOMMON,0.0451282051282051
Sicarus Prime Barrel,1,COMMON,0.258119658119658
Boltor Prime Barrel,1,UNCOMMON,0.0451282051282051
Rhino Prime Blueprint,1,UNCOMMON,0.0451282051282051
Mag Prime Blueprint,1,COMMON,0.258119658119658
Mag Prime Chassis Blueprint,1,COMMON,0.258119658119658
,,,
,,,
VoidKeyMissionRewards/OrokinExterminateRewardsD - Tier 0,,,
Item Name,Item Count,Rarity,Probability
Glaive Prime Blueprint,1,UNCOMMON,0.0564102564102564
Forma Blueprint,1,UNCOMMON,0.0564102564102564
Sicarus Prime Barrel,1,COMMON,0.258119658119658
Boltor Prime Barrel,1,COMMON,0.258119658119658
Rhino Prime Blueprint,1,UNCOMMON,0.0564102564102564
Bo Prime Handle,1,UNCOMMON,0.0564102564102564
Fusion Core,5,COMMON,0.258119658119658
,,,
,,,
VoidKeyMissionRewards/OrokinInterceptionRewardsD - Tier 0,,,
Item Name,Item Count,Rarity,Probability
Fusion Core,5,UNCOMMON,0.25
Dakra Prime Blade,1,UNCOMMON,0.25
Akbronco Prime Blueprint,1,UNCOMMON,0.25
Glaive Prime Blade,1,UNCOMMON,0.25
,,,
VoidKeyMissionRewards/OrokinInterceptionRewardsD - Tier 1,,,
Item Name,Item Count,Rarity,Probability
Boar Prime Receiver,1,UNCOMMON,0.25
Fusion Core,5,UNCOMMON,0.25
Mag Prime Systems Blueprint,1,UNCOMMON,0.25
Forma Blueprint,1,UNCOMMON,0.25
,,,
VoidKeyMissionRewards/OrokinInterceptionRewardsD - Tier 2,,,
Item Name,Item Count,Rarity,Probability
Wyrm Prime Systems,1,COMMON,0.142857142857143
Dakra Prime Handle,1,COMMON,0.142857142857143
Fang Prime Handle,1,COMMON,0.142857142857143
Lex Prime Receiver,1,COMMON,0.142857142857143
Paris Prime Grip,1,COMMON,0.142857142857143
Soma Prime Barrel,1,COMMON,0.142857142857143
Forma Blueprint,1,COMMON,0.142857142857143
,,,
,,,
VoidKeyMissionRewards/OrokinMobileDefenseRewardsA - Tier 0,,,
Item Name,Item Count,Rarity,Probability
Rhino Prime Helmet Blueprint,1,UNCOMMON,0.0752136752136752
Boar Prime Blueprint,1,UNCOMMON,0.0752136752136752
Boltor Prime Stock,1,COMMON,0.258119658119658
Forma Blueprint,1,UNCOMMON,0.0752136752136752
Tower I Capture,1,COMMON,0.258119658119658
Tower Ii Mobile Defense,1,COMMON,0.258119658119658
,,,
,,,
VoidKeyMissionRewards/OrokinMobileDefenseRewardsB - Tier 0,,,
Item Name,Item Count,Rarity,Probability
Reaper Handle,1,COMMON,0.193589743589744
Nyx Prime Helmet Blueprint,1,UNCOMMON,0.112820512820513
Rhino Prime Helmet Blueprint,1,UNCOMMON,0.112820512820513
Braton Prime Blueprint,1,COMMON,0.193589743589744
Vasto Prime Barrel,1,COMMON,0.193589743589744
Bo Prime Blueprint,1,COMMON,0.193589743589744
,,,
,,,
VoidKeyMissionRewards/OrokinMobileDefenseRewardsC - Tier 0,,,
Item Name,Item Count,Rarity,Probability
Boar Prime Barrel,1,UNCOMMON,0.0564102564102564
Ember Prime Systems Blueprint,1,UNCOMMON,0.0564102564102564
Scindo  Prime Blade,1,UNCOMMON,0.0564102564102564
Forma Blueprint,1,COMMON,0.258119658119658
Boltor Prime Blueprint,1,UNCOMMON,0.0564102564102564
Boar Prime Blueprint,1,COMMON,0.258119658119658
Reaper Prime Blueprint,1,COMMON,0.258119658119658
,,,
,,,
VoidKeyMissionRewards/OrokinMobileDefenseRewardsD - Tier 0,,,
Item Name,Item Count,Rarity,Probability
Boar Prime Barrel,1,UNCOMMON,0.166666666666667
Ember Prime Systems Blueprint,1,UNCOMMON,0.166666666666667
Reaper Blade,1,UNCOMMON,0.166666666666667
Forma Blueprint,1,UNCOMMON,0.166666666666667
Boltor Prime Blueprint,1,UNCOMMON,0.166666666666667
Fusion Core,5,UNCOMMON,0.166666666666667
,,,
,,,
VoidKeyMissionRewards/OrokinSabotageRewardsA - Tier 0,,,
Item Name,Item Count,Rarity,Probability
Scindo Prime Handle,1,UNCOMMON,0.112820512820513
Latron Prime Blueprint,1,UNCOMMON,0.112820512820513
Hikou Prime Stars,1,COMMON,0.193589743589744
Nova Prime Blueprint,1,COMMON,0.193589743589744
Burston Prime Stock,1,COMMON,0.193589743589744
Latron Prime Barrel,1,COMMON,0.193589743589744
,,,
VoidKeyMissionRewards/OrokinSabotageRewardsA - Tier 1,,,
Item Name,Item Count,Rarity,Probability
Fusion Core,1,COMMON,0.774358974358974
Morphics,1,UNCOMMON,0.0451282051282051
Argon Crystal,1,UNCOMMON,0.0451282051282051
Orokin Cell,1,UNCOMMON,0.0451282051282051
Neurodes,1,UNCOMMON,0.0451282051282051
Neural Sensors,1,UNCOMMON,0.0451282051282051
,,,
VoidKeyMissionRewards/OrokinSabotageRewardsA - Tier 2,,,
Item Name,Item Count,Rarity,Probability
2000 Credits Cache,1,COMMON,0.193589743589744
2500 Credits Cache,1,COMMON,0.193589743589744
3000 Credits Cache,1,COMMON,0.193589743589744
Fusion Core,1,UNCOMMON,0.112820512820513
Fusion Core,1,UNCOMMON,0.112820512820513
Fusion Core,1,COMMON,0.193589743589744
,,,
,,,
VoidKeyMissionRewards/OrokinSabotageRewardsB - Tier 0,,,
Item Name,Item Count,Rarity,Probability
Nyx Prime Helmet Blueprint,1,UNCOMMON,0.0752136752136752
Loki Prime Blueprint,1,UNCOMMON,0.0752136752136752
Hikou Prime Blueprint,1,COMMON,0.258119658119658
Bronco Prime Blueprint,1,COMMON,0.258119658119658
Wyrm Prime Carapace,1,UNCOMMON,0.0752136752136752
Latron Prime Stock,1,COMMON,0.258119658119658
,,,
VoidKeyMissionRewards/OrokinSabotageRewardsB - Tier 1,,,
Item Name,Item Count,Rarity,Probability
Fusion Core,1,COMMON,0.774358974358974
Orokin Cell,1,UNCOMMON,0.0451282051282051
Morphics,1,UNCOMMON,0.0451282051282051
Neural Sensors,1,UNCOMMON,0.0451282051282051
Neurodes,1,UNCOMMON,0.0451282051282051
Argon Crystal,1,UNCOMMON,0.0451282051282051
,,,
VoidKeyMissionRewards/OrokinSabotageRewardsB - Tier 2,,,
Item Name,Item Count,Rarity,Probability
2000 Credits Cache,1,COMMON,0.193589743589744
2500 Credits Cache,1,COMMON,0.193589743589744
3000 Credits Cache,1,COMMON,0.193589743589744
Fusion Core,1,COMMON,0.193589743589744
Fusion Core,1,UNCOMMON,0.112820512820513
Fusion Core,1,UNCOMMON,0.112820512820513
,,,
,,,
VoidKeyMissionRewards/OrokinSabotageRewardsC - Tier 0,,,
Item Name,Item Count,Rarity,Probability
Latron Prime Receiver,1,COMMON,0.252931323283082
Forma Blueprint,1,COMMON,0.252931323283082
Scindo  Prime Blade,1,UNCOMMON,0.0552763819095477
Mag Prime Systems Blueprint,1,UNCOMMON,0.0552763819095477
Ankyros Prime Blade,1,UNCOMMON,0.0552763819095477
Sicarus Prime Blueprint,1,COMMON,0.252931323283082
Glaive Prime Blade,1,UNCOMMON,0.0552763819095477
Forma,1,RARE,0.0201005025125628
,,,
VoidKeyMissionRewards/OrokinSabotageRewardsC - Tier 1,,,
Item Name,Item Count,Rarity,Probability
Fusion Core,1,COMMON,0.774358974358974
Orokin Cell,1,UNCOMMON,0.0451282051282051
Morphics,1,UNCOMMON,0.0451282051282051
Neural Sensors,1,UNCOMMON,0.0451282051282051
Neurodes,1,UNCOMMON,0.0451282051282051
Argon Crystal,1,UNCOMMON,0.0451282051282051
,,,
VoidKeyMissionRewards/OrokinSabotageRewardsC - Tier 2,,,
Item Name,Item Count,Rarity,Probability
2000 Credits Cache,1,COMMON,0.193589743589744
2500 Credits Cache,1,COMMON,0.193589743589744
3000 Credits Cache,1,COMMON,0.193589743589744
Fusion Core,1,UNCOMMON,0.112820512820513
Fusion Core,1,UNCOMMON,0.112820512820513
Fusion Core,1,COMMON,0.193589743589744
,,,
,,,
VoidKeyMissionRewards/OrokinSabotageRewardsD - Tier 0,,,
Item Name,Item Count,Rarity,Probability
Loki Prime Helmet Blueprint,1,UNCOMMON,0.0752136752136752
Nyx Prime Systems Blueprint,1,COMMON,0.154871794871795
Dakra Prime Blueprint,1,COMMON,0.154871794871795
Forma Blueprint,1,UNCOMMON,0.0752136752136752
Reaper Blade,1,COMMON,0.154871794871795
Glaive Prime Disc,1,UNCOMMON,0.0752136752136752
Mag Prime Helmet Blueprint,1,COMMON,0.154871794871795
Nova Prime Helmet Blueprint,1,COMMON,0.154871794871795
,,,
VoidKeyMissionRewards/OrokinSabotageRewardsD - Tier 1,,,
Item Name,Item Count,Rarity,Probability
Fusion Core,1,COMMON,0.774358974358974
Orokin Cell,1,UNCOMMON,0.0451282051282051
Morphics,1,UNCOMMON,0.0451282051282051
Neural Sensors,1,UNCOMMON,0.0451282051282051
Neurodes,1,UNCOMMON,0.0451282051282051
Argon Crystal,1,UNCOMMON,0.0451282051282051
,,,
VoidKeyMissionRewards/OrokinSabotageRewardsD - Tier 2,,,
Item Name,Item Count,Rarity,Probability
2000 Credits Cache,1,COMMON,0.193589743589744
2500 Credits Cache,1,COMMON,0.193589743589744
3000 Credits Cache,1,COMMON,0.193589743589744
Fusion Core,1,UNCOMMON,0.112820512820513
Fusion Core,1,UNCOMMON,0.112820512820513
Fusion Core,1,COMMON,0.193589743589744
,,,
,,,
VoidKeyMissionRewards/OrokinSurvivalRewardsA - Tier 0,,,
Item Name,Item Count,Rarity,Probability
Fusion Core,1,COMMON,0.166666666666667
Bo Prime Ornament,1,COMMON,0.166666666666667
Tower I Defense,1,COMMON,0.166666666666667
Tower Iii Exterminate,1,COMMON,0.166666666666667
Tower I Capture,1,COMMON,0.166666666666667
Latron Prime Blueprint,1,COMMON,0.166666666666667
,,,
VoidKeyMissionRewards/OrokinSurvivalRewardsA - Tier 1,,,
Item Name,Item Count,Rarity,Probability
Fusion Core,1,UNCOMMON,0.0752136752136752
Tower Ii Survival,1,UNCOMMON,0.0752136752136752
Fusion Core,1,UNCOMMON,0.0752136752136752
Tower Ii Mobile Defense,1,COMMON,0.387179487179487
Tower Ii Capture,1,COMMON,0.387179487179487
,,,
VoidKeyMissionRewards/OrokinSurvivalRewardsA - Tier 2,,,
Item Name,Item Count,Rarity,Probability
Scindo Prime Handle,1,UNCOMMON,0.0752136752136752
Paris Prime Upper Limb,1,UNCOMMON,0.0752136752136752
Loki Prime Chassis Blueprint,1,UNCOMMON,0.0752136752136752
Paris Prime Lower Limb,1,COMMON,0.258119658119658
Burston Prime Stock,1,COMMON,0.258119658119658
Latron Prime Barrel,1,COMMON,0.258119658119658
,,,
,,,
VoidKeyMissionRewards/OrokinSurvivalRewardsB - Tier 0,,,
Item Name,Item Count,Rarity,Probability
Fusion Core,1,UNCOMMON,0.0752136752136752
Orokin Cell,1,COMMON,0.387179487179487
Akbronco Prime Blueprint,1,UNCOMMON,0.0752136752136752
Paris Prime Lower Limb,1,COMMON,0.387179487179487
Forma Blueprint,1,UNCOMMON,0.0752136752136752
,,,
VoidKeyMissionRewards/OrokinSurvivalRewardsB - Tier 1,,,
Item Name,Item Count,Rarity,Probability
Latron Prime Barrel,1,UNCOMMON,0.2
Fang Prime Blade,1,UNCOMMON,0.2
Fusion Core,1,UNCOMMON,0.2
Fusion Core,1,UNCOMMON,0.2
Hikou Prime Blueprint,1,UNCOMMON,0.2
,,,
VoidKeyMissionRewards/OrokinSurvivalRewardsB - Tier 2,,,
Item Name,Item Count,Rarity,Probability
Burston Prime Receiver,1,UNCOMMON,0.0752136752136752
Soma Prime Receiver,1,UNCOMMON,0.0752136752136752
Paris Prime Blueprint,1,COMMON,0.258119658119658
Mag Prime Chassis Blueprint,1,COMMON,0.258119658119658
Ankyros Prime Gauntlet,1,UNCOMMON,0.0752136752136752
Reaper Prime Blueprint,1,COMMON,0.258119658119658
,,,
,,,
VoidKeyMissionRewards/OrokinSurvivalRewardsC - Tier 0,,,
Item Name,Item Count,Rarity,Probability
Fusion Core,1,UNCOMMON,0.2
Latron Prime Receiver,1,UNCOMMON,0.2
Fang Prime Blade,1,UNCOMMON,0.2
Ember Prime Helmet Blueprint,1,UNCOMMON,0.2
Orokin Cell,3,UNCOMMON,0.2
,,,
VoidKeyMissionRewards/OrokinSurvivalRewardsC - Tier 1,,,
Item Name,Item Count,Rarity,Probability
Fusion Core,1,UNCOMMON,0.2
Fusion Core,1,UNCOMMON,0.2
Dakra Prime Blade,1,UNCOMMON,0.2
Lex Prime Barrel,1,UNCOMMON,0.2
Reaper Handle,1,UNCOMMON,0.2
,,,
VoidKeyMissionRewards/OrokinSurvivalRewardsC - Tier 2,,,
Item Name,Item Count,Rarity,Probability
Frost Prime Helmet Blueprint,1,COMMON,0.252931323283082
Forma Blueprint,1,COMMON,0.252931323283082
Sicarus Prime Receiver,1,UNCOMMON,0.0552763819095477
Mag Prime Systems Blueprint,1,UNCOMMON,0.0552763819095477
Rhino Prime Chassis Blueprint,1,UNCOMMON,0.0552763819095477
Sicarus Prime Blueprint,1,COMMON,0.252931323283082
Nova Prime Chassis Blueprint,1,UNCOMMON,0.0552763819095477
Forma,1,RARE,0.0201005025125628
,,,
,,,
VoidKeyMissionRewards/OrokinSurvivalRewardsD - Tier 0,,,
Item Name,Item Count,Rarity,Probability
Fusion Core,5,COMMON,0.774358974358974
Boar Prime Stock,1,UNCOMMON,0.112820512820513
Bo Prime Ornament,1,UNCOMMON,0.112820512820513
,,,
VoidKeyMissionRewards/OrokinSurvivalRewardsD - Tier 1,,,
Item Name,Item Count,Rarity,Probability
Frost Prime Helmet Blueprint,1,COMMON,0.25
Forma Blueprint,1,COMMON,0.25
Fusion Core,5,COMMON,0.25
Rhino Prime Chassis Blueprint,1,COMMON,0.25
,,,
VoidKeyMissionRewards/OrokinSurvivalRewardsD - Tier 2,,,
Item Name,Item Count,Rarity,Probability
Loki Prime Helmet Blueprint,1,UNCOMMON,0.0752136752136752
Braton Prime Blueprint,1,COMMON,0.154871794871795
Ember Prime Chassis Blueprint,1,COMMON,0.154871794871795
Forma Blueprint,1,COMMON,0.154871794871795
Frost Prime Systems Blueprint,1,COMMON,0.154871794871795
Vasto Prime Blueprint,1,UNCOMMON,0.0752136752136752
Mag Prime Helmet Blueprint,1,COMMON,0.154871794871795
Fusion Core,5,UNCOMMON,0.0752136752136752
,,,
,,,
