Mod,Drop Locations,,,,,,,,,,,,,,,,,,,,,,,,,,,,,,,,,,,,,,,,,,,,,,,,,,,,,,,,,,,,,,,,,,,,
Antimatter Drop(/Lotus/Powersuits/AntiMatter/AntiMatterDropAbilityCard),GrineerMarinePistol,Forest/GrineerMarinePistol,Arid Seeker (Desert/GrineerMarinePistol),,,,,,,,,,,,,,,,,,,,,,,,,,,,,,,,,,,,,,,,,,,,,,,,,,,,,,,,,,,,,,,,,,
Molecular Prime(/Lotus/Powersuits/AntiMatter/MolecularPrimeAbilityCard),Raptor (Drones/Vip/DroneAttack),,,,,,,,,,,,,,,,,,,,,,,,,,,,,,,,,,,,,,,,,,,,,,,,,,,,,,,,,,,,,,,,,,,,
Null Star(/Lotus/Powersuits/AntiMatter/NullStarAbilityCard),Mine Osprey (Drones/AIWeek/MineDrone),,,,,,,,,,,,,,,,,,,,,,,,,,,,,,,,,,,,,,,,,,,,,,,,,,,,,,,,,,,,,,,,,,,,
Worm Hole(/Lotus/Powersuits/AntiMatter/WormHoleAbilityCard),AIWeek/RollingDrone,Shield Osprey (Drones/AIWeek/ShieldDrone),,,,,,,,,,,,,,,,,,,,,,,,,,,,,,,,,,,,,,,,,,,,,,,,,,,,,,,,,,,,,,,,,,,
Sound Quake(/Lotus/Powersuits/Banshee/EarthQuakeAbilityCard),Vip/BossLechKril,Vip/HeavyRocketFemale,Vip/Hek/HekBiped,Councilor Vay Hek (Vip/MarineLeader),,,,,,,,,,,,,,,,,,,,,,,,,,,,,,,,,,,,,,,,,,,,,,,,,,,,,,,,,,,,,,,,,
Sonic Boom(/Lotus/Powersuits/Banshee/PushAbilityCard),AIWeek/BlowtorchSawman,AIWeek/GrineerMeleeStaffLeader,Nauseous Crawler (AiWeek/Crawlers/GraspingCrawler),,,,,,,,,,,,,,,,,,,,,,,,,,,,,,,,,,,,,,,,,,,,,,,,,,,,,,,,,,,,,,,,,,
Silence(/Lotus/Powersuits/Banshee/SilenceAbilityCard),AIWeek/RollingDrone,Shield Osprey (Drones/AIWeek/ShieldDrone),,,,,,,,,,,,,,,,,,,,,,,,,,,,,,,,,,,,,,,,,,,,,,,,,,,,,,,,,,,,,,,,,,,
Sonar(/Lotus/Powersuits/Banshee/SonarAbilityCard),Ancient Disrupter (AiWeek/Ancients/Ancient),,,,,,,,,,,,,,,,,,,,,,,,,,,,,,,,,,,,,,,,,,,,,,,,,,,,,,,,,,,,,,,,,,,,
Rip Line(/Lotus/Powersuits/Berserker/GrappleAbilityCard),Spaceman/EliteSpaceman,Spaceman/AIWeek/ShotgunSpaceman,Electric Crawler (AiWeek/Crawlers/Lightning),,,,,,,,,,,,,,,,,,,,,,,,,,,,,,,,,,,,,,,,,,,,,,,,,,,,,,,,,,,,,,,,,,
Warcry(/Lotus/Powersuits/Berserker/IntimidateAbilityCard),Scavenger Drone (Drones/AIWeek/VacDrone),,,,,,,,,,,,,,,,,,,,,,,,,,,,,,,,,,,,,,,,,,,,,,,,,,,,,,,,,,,,,,,,,,,,
Hysteria(/Lotus/Powersuits/Berserker/LastStandAbilityCard),Anti Moa (BipedRobot/AIWeek/LaserDiscBiped),,,,,,,,,,,,,,,,,,,,,,,,,,,,,,,,,,,,,,,,,,,,,,,,,,,,,,,,,,,,,,,,,,,,
Paralysis(/Lotus/Powersuits/Berserker/ShieldBlastAbilityCard),Forest/BladeSawman,Arid Butcher (Desert/BladeSawman),,,,,,,,,,,,,,,,,,,,,,,,,,,,,,,,,,,,,,,,,,,,,,,,,,,,,,,,,,,,,,,,,,,
Fireball(/Lotus/Powersuits/Ember/FireBallAbilityCard),Ancient Disrupter (AiWeek/Ancients/Ancient),,,,,,,,,,,,,,,,,,,,,,,,,,,,,,,,,,,,,,,,,,,,,,,,,,,,,,,,,,,,,,,,,,,,
Accelerant(/Lotus/Powersuits/Ember/FireSkinAbilityCard),Ancient Healer (AiWeek/Ancients/HealingAncient),,,,,,,,,,,,,,,,,,,,,,,,,,,,,,,,,,,,,,,,,,,,,,,,,,,,,,,,,,,,,,,,,,,,
World On Fire(/Lotus/Powersuits/Ember/WorldOnFireAbilityCard),AIWeek/HeavyFemaleGrineer,GrineerMarineLeader,BipedRobot/Vip/BossBiped,Desert Heavy Gunner (Desert/HeavyFemaleGrineerDesert),,,,,,,,,,,,,,,,,,,,,,,,,,,,,,,,,,,,,,,,,,,,,,,,,,,,,,,,,,,,,,,,,
Radial Javelin(/Lotus/Powersuits/Excalibur/RadialJavelinAbilityCard),Drones/AIWeek/SuicideDrone,SpecialEvents/ForestDrone,Regulator (SpecialEvents/SurveillanceDrone),,,,,,,,,,,,,,,,,,,,,,,,,,,,,,,,,,,,,,,,,,,,,,,,,,,,,,,,,,,,,,,,,,
Slash Dash(/Lotus/Powersuits/Excalibur/SlashDashAbilityCard),Spaceman/AIWeek/RifleSpaceman,Sniper Crewman (Spaceman/AIWeek/SniperSpaceman),,,,,,,,,,,,,,,,,,,,,,,,,,,,,,,,,,,,,,,,,,,,,,,,,,,,,,,,,,,,,,,,,,,
Super Jump(/Lotus/Powersuits/Excalibur/SuperJumpAbilityCard),AiWeek/Crawlers/Lightning,Nauseous Crawler (AiWeek/Crawlers/GraspingCrawler),,,,,,,,,,,,,,,,,,,,,,,,,,,,,,,,,,,,,,,,,,,,,,,,,,,,,,,,,,,,,,,,,,,
Avalanche(/Lotus/Powersuits/Frost/AvalancheAbilityCard),Scorpion (AIWeek/MacheteWoman),,,,,,,,,,,,,,,,,,,,,,,,,,,,,,,,,,,,,,,,,,,,,,,,,,,,,,,,,,,,,,,,,,,,
Snow Globe(/Lotus/Powersuits/Frost/IceShieldAbilityCard),Leaper (AiWeek/Runners/LeapingRunner),,,,,,,,,,,,,,,,,,,,,,,,,,,,,,,,,,,,,,,,,,,,,,,,,,,,,,,,,,,,,,,,,,,,
Ice Wave(/Lotus/Powersuits/Frost/IceSpikeAbilityCard),AIWeek/ShotgunLancer,Forest/ShotgunLancer,Forest/EvisceratorLancer,AIWeek/EviseratorLancer,AiWeek/Crawlers/Grenade,Desert/ShotgunLancer,Desert/EvisceratorLancer,Toxic Crawler (AiWeek/Crawlers/NoxiousCrawler),,,,,,,,,,,,,,,,,,,,,,,,,,,,,,,,,,,,,,,,,,,,,,,,,,,,,,,,,,,,,
Freeze(/Lotus/Powersuits/Frost/IcicleAbilityCard),AIWeek/FemaleGrineer,Spaceman/AIWeek/MeleeSpaceman,Scavenger Drone (Drones/AIWeek/VacDrone),,,,,,,,,,,,,,,,,,,,,,,,,,,,,,,,,,,,,,,,,,,,,,,,,,,,,,,,,,,,,,,,,,
Chaos(/Lotus/Powersuits/Jade/ChaosAbilityCard),Charger (AiWeek/Quadrupeds/Quadruped),,,,,,,,,,,,,,,,,,,,,,,,,,,,,,,,,,,,,,,,,,,,,,,,,,,,,,,,,,,,,,,,,,,,
Psychic Bolts(/Lotus/Powersuits/Jade/DaggerAbilityCard),Scorch (AIWeek/FlameLancer),,,,,,,,,,,,,,,,,,,,,,,,,,,,,,,,,,,,,,,,,,,,,,,,,,,,,,,,,,,,,,,,,,,,
Mind Control(/Lotus/Powersuits/Jade/MindControlAbilityCard),Leech Osprey (Drones/AIWeek/LeechDrone),,,,,,,,,,,,,,,,,,,,,,,,,,,,,,,,,,,,,,,,,,,,,,,,,,,,,,,,,,,,,,,,,,,,
Absorb(/Lotus/Powersuits/Jade/SelfBulletAttractorAbilityCard),General Sargas Ruk (Vip/SargasRuk/SargasRukNew),,,,,,,,,,,,,,,,,,,,,,,,,,,,,,,,,,,,,,,,,,,,,,,,,,,,,,,,,,,,,,,,,,,,
Decoy(/Lotus/Powersuits/Loki/DecoyAbilityCard),Leaper (AiWeek/Runners/LeapingRunner),,,,,,,,,,,,,,,,,,,,,,,,,,,,,,,,,,,,,,,,,,,,,,,,,,,,,,,,,,,,,,,,,,,,
Radial Disarm(/Lotus/Powersuits/Loki/DisarmAbilityCard),Moa (BipedRobot/AIWeek/LaserCannonBiped),,,,,,,,,,,,,,,,,,,,,,,,,,,,,,,,,,,,,,,,,,,,,,,,,,,,,,,,,,,,,,,,,,,,
Invisibility(/Lotus/Powersuits/Loki/InvisibilityAbilityCard),AIWeek/HeavyFemaleGrineer,GrineerMarineLeader,Desert Heavy Gunner (Desert/HeavyFemaleGrineerDesert),,,,,,,,,,,,,,,,,,,,,,,,,,,,,,,,,,,,,,,,,,,,,,,,,,,,,,,,,,,,,,,,,,
Switch Teleport(/Lotus/Powersuits/Loki/SwitchAbilityCard),AiWeek/Crawlers/Grenade,Toxic Crawler (AiWeek/Crawlers/NoxiousCrawler),,,,,,,,,,,,,,,,,,,,,,,,,,,,,,,,,,,,,,,,,,,,,,,,,,,,,,,,,,,,,,,,,,,
Bullet Attractor(/Lotus/Powersuits/Mag/BulletAttractorAbilityCard),Scorpion (AIWeek/MacheteWoman),,,,,,,,,,,,,,,,,,,,,,,,,,,,,,,,,,,,,,,,,,,,,,,,,,,,,,,,,,,,,,,,,,,,
Crush(/Lotus/Powersuits/Mag/CrushAbilityCard),Ancient Disrupter (AiWeek/Ancients/Ancient),,,,,,,,,,,,,,,,,,,,,,,,,,,,,,,,,,,,,,,,,,,,,,,,,,,,,,,,,,,,,,,,,,,,
Pull(/Lotus/Powersuits/Mag/PullAbilityCard),AiWeek/Crawlers/Crawler,AiWeek/Crawlers/Lightning,AiWeek/Crawlers/GraspingCrawler,Corrupted Crewman (RifleSpaceman),,,,,,,,,,,,,,,,,,,,,,,,,,,,,,,,,,,,,,,,,,,,,,,,,,,,,,,,,,,,,,,,,
Shield Polarize(/Lotus/Powersuits/Mag/ShieldRegenAbilityCard),AIWeek/EliteRifleLancer,Forest/EliteRifleLancer,Elite Arid Lancer (Desert/EliteRifleLancer),,,,,,,,,,,,,,,,,,,,,,,,,,,,,,,,,,,,,,,,,,,,,,,,,,,,,,,,,,,,,,,,,,
Shadows of the Dead(/Lotus/Powersuits/Necro/CloneTheDeadAbilityCard),Lephantis (Vip/GolemFull),,,,,,,,,,,,,,,,,,,,,,,,,,,,,,,,,,,,,,,,,,,,,,,,,,,,,,,,,,,,,,,,,,,,
Desecrate(/Lotus/Powersuits/Necro/SearchTheDeadAbilityCard),Corrupted Heavy Gunner (OrokinHeavyFemale),,,,,,,,,,,,,,,,,,,,,,,,,,,,,,,,,,,,,,,,,,,,,,,,,,,,,,,,,,,,,,,,,,,,
Soul Punch(/Lotus/Powersuits/Necro/SoulPunchAbilityCard),Orokin Drone (OrokinShieldDrone),,,,,,,,,,,,,,,,,,,,,,,,,,,,,,,,,,,,,,,,,,,,,,,,,,,,,,,,,,,,,,,,,,,,
Terrify(/Lotus/Powersuits/Necro/TerrorTotemAbilityCard),Orokin Drone (OrokinShieldDrone),,,,,,,,,,,,,,,,,,,,,,,,,,,,,,,,,,,,,,,,,,,,,,,,,,,,,,,,,,,,,,,,,,,,
Shuriken(/Lotus/Powersuits/Ninja/GlaiveAbilityCard),AIWeek/FemaleGrineer,Mine Osprey (Drones/AIWeek/MineDrone),,,,,,,,,,,,,,,,,,,,,,,,,,,,,,,,,,,,,,,,,,,,,,,,,,,,,,,,,,,,,,,,,,,
Blade Storm(/Lotus/Powersuits/Ninja/NinjaStormAbilityCard),GrineerMarinePistol,Forest/GrineerMarinePistol,Vip/NinjaLeader,Arid Seeker (Desert/GrineerMarinePistol),,,,,,,,,,,,,,,,,,,,,,,,,,,,,,,,,,,,,,,,,,,,,,,,,,,,,,,,,,,,,,,,,
Smoke Screen(/Lotus/Powersuits/Ninja/SmokeScreenAbilityCard),AIWeek/FemaleGrineer,Nauseous Crawler (AiWeek/Crawlers/GraspingCrawler),,,,,,,,,,,,,,,,,,,,,,,,,,,,,,,,,,,,,,,,,,,,,,,,,,,,,,,,,,,,,,,,,,,
Teleport(/Lotus/Powersuits/Ninja/TelelportToAbilityCard),Leaper (AiWeek/Runners/LeapingRunner),,,,,,,,,,,,,,,,,,,,,,,,,,,,,,,,,,,,,,,,,,,,,,,,,,,,,,,,,,,,,,,,,,,,
Reckoning(/Lotus/Powersuits/Paladin/ReckoningAbilityCard),AIWeek/EliteRifleLancer,Forest/EliteRifleLancer,Elite Arid Lancer (Desert/EliteRifleLancer),,,,,,,,,,,,,,,,,,,,,,,,,,,,,,,,,,,,,,,,,,,,,,,,,,,,,,,,,,,,,,,,,,
Renewal(/Lotus/Powersuits/Paladin/RegenerationAbilityCard),Moa (BipedRobot/AIWeek/LaserCannonBiped),,,,,,,,,,,,,,,,,,,,,,,,,,,,,,,,,,,,,,,,,,,,,,,,,,,,,,,,,,,,,,,,,,,,
Smite(/Lotus/Powersuits/Paladin/SmiteAbilityCard),Corpus Tech (Spaceman/AIWeek/DeployableSpaceman),,,,,,,,,,,,,,,,,,,,,,,,,,,,,,,,,,,,,,,,,,,,,,,,,,,,,,,,,,,,,,,,,,,,
Hallowed Ground(/Lotus/Powersuits/Paladin/StairwayToHeavenAbilityCard),Railgun Moa (BipedRobot/AIWeek/RailgunBiped),,,,,,,,,,,,,,,,,,,,,,,,,,,,,,,,,,,,,,,,,,,,,,,,,,,,,,,,,,,,,,,,,,,,
Tempest Barrage(/Lotus/Powersuits/Pirate/CannonBarrageAbilityCard),AIWeek/ShotgunLancer,Forest/ShotgunLancer,Forest/EvisceratorLancer,AIWeek/EviseratorLancer,Desert/ShotgunLancer,Arid Eviscerator (Desert/EvisceratorLancer),,,,,,,,,,,,,,,,,,,,,,,,,,,,,,,,,,,,,,,,,,,,,,,,,,,,,,,,,,,,,,,
Tentacle Swarm(/Lotus/Powersuits/Pirate/KrakenAbilityCard),AIWeek/RifleLancer,Forest/RifleLancer,Forest/JetpackMarine,Forest/HeavyFemaleGrineerDesert,AIWeek/JetpackMarine,Desert/RifleLancer,Arid Hellion (Desert/JetpackMarine),,,,,,,,,,,,,,,,,,,,,,,,,,,,,,,,,,,,,,,,,,,,,,,,,,,,,,,,,,,,,,
Undertow(/Lotus/Powersuits/Pirate/LiquifyAbilityCard),AIWeek/HeavyFemaleGrineer,Desert Heavy Gunner (Desert/HeavyFemaleGrineerDesert),,,,,,,,,,,,,,,,,,,,,,,,,,,,,,,,,,,,,,,,,,,,,,,,,,,,,,,,,,,,,,,,,,,
Tidal Surge(/Lotus/Powersuits/Pirate/TidalWaveAbilityCard),GrineerMarinePistol,Forest/GrineerMarinePistol,Arid Seeker (Desert/GrineerMarinePistol),,,,,,,,,,,,,,,,,,,,,,,,,,,,,,,,,,,,,,,,,,,,,,,,,,,,,,,,,,,,,,,,,,
Iron Skin(/Lotus/Powersuits/Rhino/IronSkinAbilityCard),Ancient Healer (AiWeek/Ancients/HealingAncient),,,,,,,,,,,,,,,,,,,,,,,,,,,,,,,,,,,,,,,,,,,,,,,,,,,,,,,,,,,,,,,,,,,,
Roar(/Lotus/Powersuits/Rhino/RadialBlastAbilityCard),Shield Lancer (AIWeek/ShieldLancer),,,,,,,,,,,,,,,,,,,,,,,,,,,,,,,,,,,,,,,,,,,,,,,,,,,,,,,,,,,,,,,,,,,,
Rhino Charge(/Lotus/Powersuits/Rhino/RhinoChargeAbilityCard),BipedRobot/AIWeek/ShockwaveBiped,Powerfist (AIWeek/PistonSawman),,,,,,,,,,,,,,,,,,,,,,,,,,,,,,,,,,,,,,,,,,,,,,,,,,,,,,,,,,,,,,,,,,,
Rhino Stomp(/Lotus/Powersuits/Rhino/RhinoStompAbilityCard),BipedRobot/AIWeek/ShockwaveBiped,Jackal (QuadRobot/QuadRobot),,,,,,,,,,,,,,,,,,,,,,,,,,,,,,,,,,,,,,,,,,,,,,,,,,,,,,,,,,,,,,,,,,,
Miasma(/Lotus/Powersuits/Saryn/ExplosiveDissolveAbilityCard),Corpus Tech (Spaceman/AIWeek/DeployableSpaceman),,,,,,,,,,,,,,,,,,,,,,,,,,,,,,,,,,,,,,,,,,,,,,,,,,,,,,,,,,,,,,,,,,,,
Venom(/Lotus/Powersuits/Saryn/PoisonAbilityCard),AIWeek/FlameLancer,BipedRobot/AIWeek/RailgunBiped,Anti Moa (BipedRobot/AIWeek/LaserDiscBiped),,,,,,,,,,,,,,,,,,,,,,,,,,,,,,,,,,,,,,,,,,,,,,,,,,,,,,,,,,,,,,,,,,
Molt(/Lotus/Powersuits/Saryn/ShedAbilityCard),Sniper Crewman (Spaceman/AIWeek/SniperSpaceman),,,,,,,,,,,,,,,,,,,,,,,,,,,,,,,,,,,,,,,,,,,,,,,,,,,,,,,,,,,,,,,,,,,,
Contagion(/Lotus/Powersuits/Saryn/WeaponPoisonAbilityCard),Spaceman/AIWeek/RifleSpaceman,Corrupted Crewman (RifleSpaceman),,,,,,,,,,,,,,,,,,,,,,,,,,,,,,,,,,,,,,,,,,,,,,,,,,,,,,,,,,,,,,,,,,,
Dive Bomb(/Lotus/Powersuits/Tengu/DiveBombAbilityCard),Napalm (AIWeek/IncendiaryBombard),,,,,,,,,,,,,,,,,,,,,,,,,,,,,,,,,,,,,,,,,,,,,,,,,,,,,,,,,,,,,,,,,,,,
Tail Wind(/Lotus/Powersuits/Tengu/TailWindAbilityCard),AIWeek/RifleLancer,Forest/RifleLancer,Forest/JetpackMarine,Forest/HeavyFemaleGrineerDesert,AIWeek/JetpackMarine,Desert/RifleLancer,Arid Hellion (Desert/JetpackMarine),,,,,,,,,,,,,,,,,,,,,,,,,,,,,,,,,,,,,,,,,,,,,,,,,,,,,,,,,,,,,,
Tornado(/Lotus/Powersuits/Tengu/TornadoAbilityCard),Volatile Runner (AiWeek/Runners/SuicideRunner),,,,,,,,,,,,,,,,,,,,,,,,,,,,,,,,,,,,,,,,,,,,,,,,,,,,,,,,,,,,,,,,,,,,
Turbulence(/Lotus/Powersuits/Tengu/TurbulenceAbilityCard),Anti Moa (BipedRobot/AIWeek/LaserDiscBiped),,,,,,,,,,,,,,,,,,,,,,,,,,,,,,,,,,,,,,,,,,,,,,,,,,,,,,,,,,,,,,,,,,,,
Bounce(/Lotus/Powersuits/Trapper/BounceTrapAbilityCard),Mine Osprey (Drones/AIWeek/MineDrone),,,,,,,,,,,,,,,,,,,,,,,,,,,,,,,,,,,,,,,,,,,,,,,,,,,,,,,,,,,,,,,,,,,,
Bastille(/Lotus/Powersuits/Trapper/LevTrapAbilityCard),Ballista (AIWeek/FemaleGrineer),,,,,,,,,,,,,,,,,,,,,,,,,,,,,,,,,,,,,,,,,,,,,,,,,,,,,,,,,,,,,,,,,,,,
Vortex(/Lotus/Powersuits/Trapper/MagHoleAbilityCard),Spaceman/Vip/SniperBoss,Crawler (AiWeek/Crawlers/Crawler),,,,,,,,,,,,,,,,,,,,,,,,,,,,,,,,,,,,,,,,,,,,,,,,,,,,,,,,,,,,,,,,,,,
Blessing(/Lotus/Powersuits/Trinity/BlessingAbilityCard),Railgun Moa (BipedRobot/AIWeek/RailgunBiped),,,,,,,,,,,,,,,,,,,,,,,,,,,,,,,,,,,,,,,,,,,,,,,,,,,,,,,,,,,,,,,,,,,,
Energy Vampire(/Lotus/Powersuits/Trinity/EnergyVampireAbilityCard),Leaper (AiWeek/Runners/LeapingRunner),,,,,,,,,,,,,,,,,,,,,,,,,,,,,,,,,,,,,,,,,,,,,,,,,,,,,,,,,,,,,,,,,,,,
Link(/Lotus/Powersuits/Trinity/LinkAbilityCard),AIWeek/ShotgunLancer,Forest/ShotgunLancer,Forest/EvisceratorLancer,AIWeek/EviseratorLancer,Desert/ShotgunLancer,Arid Eviscerator (Desert/EvisceratorLancer),,,,,,,,,,,,,,,,,,,,,,,,,,,,,,,,,,,,,,,,,,,,,,,,,,,,,,,,,,,,,,,
Well Of Life(/Lotus/Powersuits/Trinity/WellOfLifeAbilityCard),Volatile Runner (AiWeek/Runners/SuicideRunner),,,,,,,,,,,,,,,,,,,,,,,,,,,,,,,,,,,,,,,,,,,,,,,,,,,,,,,,,,,,,,,,,,,,
Overload(/Lotus/Powersuits/Volt/OverloadAbilityCard),Sniper Crewman (Spaceman/AIWeek/SniperSpaceman),,,,,,,,,,,,,,,,,,,,,,,,,,,,,,,,,,,,,,,,,,,,,,,,,,,,,,,,,,,,,,,,,,,,
Electric Shield(/Lotus/Powersuits/Volt/ShieldAbilityCard),Scorch (AIWeek/FlameLancer),,,,,,,,,,,,,,,,,,,,,,,,,,,,,,,,,,,,,,,,,,,,,,,,,,,,,,,,,,,,,,,,,,,,
Shock(/Lotus/Powersuits/Volt/ShockAbilityCard),BipedRobot/AIWeek/RailgunBiped,Ancient Healer (AiWeek/Ancients/HealingAncient),,,,,,,,,,,,,,,,,,,,,,,,,,,,,,,,,,,,,,,,,,,,,,,,,,,,,,,,,,,,,,,,,,,
Speed(/Lotus/Powersuits/Volt/SpeedAbilityCard),Mine Osprey (Drones/AIWeek/MineDrone),,,,,,,,,,,,,,,,,,,,,,,,,,,,,,,,,,,,,,,,,,,,,,,,,,,,,,,,,,,,,,,,,,,,
Fatal Attraction(/Lotus/Types/Sentinels/SentinelPrecepts/Bait),OrokinMoaBiped,Fusion Moa Guardian (TennoReplicants/TennoMoaBiped),,,,,,,,,,,,,,,,,,,,,,,,,,,,,,,,,,,,,,,,,,,,,,,,,,,,,,,,,,,,,,,,,,,
Striker(/Lotus/Types/Sentinels/SentinelPrecepts/BoomStick),OrokinMoaBiped,Fusion Moa Guardian (TennoReplicants/TennoMoaBiped),,,,,,,,,,,,,,,,,,,,,,,,,,,,,,,,,,,,,,,,,,,,,,,,,,,,,,,,,,,,,,,,,,,
Coolant Leak(/Lotus/Types/Sentinels/SentinelPrecepts/CoolantLeak),Orokin Drone (OrokinShieldDrone),,,,,,,,,,,,,,,,,,,,,,,,,,,,,,,,,,,,,,,,,,,,,,,,,,,,,,,,,,,,,,,,,,,,
Crowd Dispersion(/Lotus/Types/Sentinels/SentinelPrecepts/CrowdDispersion),Leech Osprey (Drones/AIWeek/LeechDrone),,,,,,,,,,,,,,,,,,,,,,,,,,,,,,,,,,,,,,,,,,,,,,,,,,,,,,,,,,,,,,,,,,,,
Ghost(/Lotus/Types/Sentinels/SentinelPrecepts/Ghost),Volatile Runner (AiWeek/Runners/SuicideRunner),,,,,,,,,,,,,,,,,,,,,,,,,,,,,,,,,,,,,,,,,,,,,,,,,,,,,,,,,,,,,,,,,,,,
Vacuum(/Lotus/Types/Sentinels/SentinelPrecepts/ItemVacum),Corrupted Lancer (RifleLancer),,,,,,,,,,,,,,,,,,,,,,,,,,,,,,,,,,,,,,,,,,,,,,,,,,,,,,,,,,,,,,,,,,,,
Regen(/Lotus/Types/Sentinels/SentinelPrecepts/Regen),Charger (AiWeek/Quadrupeds/Quadruped),,,,,,,,,,,,,,,,,,,,,,,,,,,,,,,,,,,,,,,,,,,,,,,,,,,,,,,,,,,,,,,,,,,,
Revenge(/Lotus/Types/Sentinels/SentinelPrecepts/Revenge),AIWeek/EliteRifleLancer,BipedRobot/AIWeek/LaserCannonBiped,Forest/EliteRifleLancer,Elite Arid Lancer (Desert/EliteRifleLancer),,,,,,,,,,,,,,,,,,,,,,,,,,,,,,,,,,,,,,,,,,,,,,,,,,,,,,,,,,,,,,,,,
Sanctuary(/Lotus/Types/Sentinels/SentinelPrecepts/Sanctuary),Bombard (AIWeek/RocketBombard),,,,,,,,,,,,,,,,,,,,,,,,,,,,,,,,,,,,,,,,,,,,,,,,,,,,,,,,,,,,,,,,,,,,
Swift Deth(/Lotus/Types/Sentinels/SentinelPrecepts/SwiftDeth),AIWeek/FlameLancer,Leaper (AiWeek/Runners/LeapingRunner),,,,,,,,,,,,,,,,,,,,,,,,,,,,,,,,,,,,,,,,,,,,,,,,,,,,,,,,,,,,,,,,,,,
Thumper(/Lotus/Types/Sentinels/SentinelPrecepts/Thumper),Corrupted Lancer (RifleLancer),,,,,,,,,,,,,,,,,,,,,,,,,,,,,,,,,,,,,,,,,,,,,,,,,,,,,,,,,,,,,,,,,,,,
Vaporize(/Lotus/Types/Sentinels/SentinelPrecepts/Vaporize),BipedRobot/AIWeek/SuperMoaBiped,Powerfist (AIWeek/PistonSawman),,,,,,,,,,,,,,,,,,,,,,,,,,,,,,,,,,,,,,,,,,,,,,,,,,,,,,,,,,,,,,,,,,,
Warrior(/Lotus/Types/Sentinels/SentinelPrecepts/Warrior),Sniper Crewman (Spaceman/AIWeek/SniperSpaceman),,,,,,,,,,,,,,,,,,,,,,,,,,,,,,,,,,,,,,,,,,,,,,,,,,,,,,,,,,,,,,,,,,,,
Corrosive Projection(/Lotus/Upgrades/Mods/Aura/EnemyArmorReductionAuraMod),,,,,,,,,,,,,,,,,,,,,,,,,,,,,,,,,,,,,,,,,,,,,,,,,,,,,,,,,,,,,,,,,,,,,
Shield Disruption(/Lotus/Upgrades/Mods/Aura/EnemyShieldReductionAuraMod),,,,,,,,,,,,,,,,,,,,,,,,,,,,,,,,,,,,,,,,,,,,,,,,,,,,,,,,,,,,,,,,,,,,,
Infested Impedance(/Lotus/Upgrades/Mods/Aura/InfestationSpeedReductionAuraMod),,,,,,,,,,,,,,,,,,,,,,,,,,,,,,,,,,,,,,,,,,,,,,,,,,,,,,,,,,,,,,,,,,,,,
Enemy Radar(/Lotus/Upgrades/Mods/Aura/PlayerEnemyRadarAuraMod),,,,,,,,,,,,,,,,,,,,,,,,,,,,,,,,,,,,,,,,,,,,,,,,,,,,,,,,,,,,,,,,,,,,,
Energy Siphon(/Lotus/Upgrades/Mods/Aura/PlayerEnergyRegenAuraMod),,,,,,,,,,,,,,,,,,,,,,,,,,,,,,,,,,,,,,,,,,,,,,,,,,,,,,,,,,,,,,,,,,,,,
Physique(/Lotus/Upgrades/Mods/Aura/PlayerHealthAuraMod),,,,,,,,,,,,,,,,,,,,,,,,,,,,,,,,,,,,,,,,,,,,,,,,,,,,,,,,,,,,,,,,,,,,,
Rejuvenation(/Lotus/Upgrades/Mods/Aura/PlayerHealthRegenAuraMod),,,,,,,,,,,,,,,,,,,,,,,,,,,,,,,,,,,,,,,,,,,,,,,,,,,,,,,,,,,,,,,,,,,,,
Speed Holster(/Lotus/Upgrades/Mods/Aura/PlayerHolsterSpeedAuraMod),,,,,,,,,,,,,,,,,,,,,,,,,,,,,,,,,,,,,,,,,,,,,,,,,,,,,,,,,,,,,,,,,,,,,
Loot Detector(/Lotus/Upgrades/Mods/Aura/PlayerLootRadarAuraMod),,,,,,,,,,,,,,,,,,,,,,,,,,,,,,,,,,,,,,,,,,,,,,,,,,,,,,,,,,,,,,,,,,,,,
Steel Charge(/Lotus/Upgrades/Mods/Aura/PlayerMeleeAuraMod),,,,,,,,,,,,,,,,,,,,,,,,,,,,,,,,,,,,,,,,,,,,,,,,,,,,,,,,,,,,,,,,,,,,,
Pistol Scavenger(/Lotus/Upgrades/Mods/Aura/PlayerPistolAmmoAuraMod),,,,,,,,,,,,,,,,,,,,,,,,,,,,,,,,,,,,,,,,,,,,,,,,,,,,,,,,,,,,,,,,,,,,,
Rifle Scavenger(/Lotus/Upgrades/Mods/Aura/PlayerRifleAmmoAuraMod),,,,,,,,,,,,,,,,,,,,,,,,,,,,,,,,,,,,,,,,,,,,,,,,,,,,,,,,,,,,,,,,,,,,,
Rifle Amp(/Lotus/Upgrades/Mods/Aura/PlayerRifleDamageAuraMod),,,,,,,,,,,,,,,,,,,,,,,,,,,,,,,,,,,,,,,,,,,,,,,,,,,,,,,,,,,,,,,,,,,,,
Shotgun Scavenger(/Lotus/Upgrades/Mods/Aura/PlayerShellAmmoAuraMod),,,,,,,,,,,,,,,,,,,,,,,,,,,,,,,,,,,,,,,,,,,,,,,,,,,,,,,,,,,,,,,,,,,,,
Sniper Scavenger(/Lotus/Upgrades/Mods/Aura/PlayerSniperAmmoAuraMod),,,,,,,,,,,,,,,,,,,,,,,,,,,,,,,,,,,,,,,,,,,,,,,,,,,,,,,,,,,,,,,,,,,,,
Sprint Boost(/Lotus/Upgrades/Mods/Aura/PlayerSprintAuraMod),,,,,,,,,,,,,,,,,,,,,,,,,,,,,,,,,,,,,,,,,,,,,,,,,,,,,,,,,,,,,,,,,,,,,
Common Fusion Core(/Lotus/Upgrades/Mods/Fusers/CommonModFuser),AIWeek/BladeSawman,AIWeek/ShotgunLancer,AIWeek/HeavyFemaleGrineer,AIWeek/ShieldLancer,AIWeek/RollingDrone,AIWeek/RocketBombard,GrineerMarinePistol,AIWeek/MacheteWoman,AIWeek/FemaleGrineer,AIWeek/FlameLancer,Spaceman/AIWeek/RifleSpaceman,BipedRobot/AIWeek/ShockwaveBiped,Drones/AIWeek/ShieldDrone,Spaceman/AIWeek/MeleeSpaceman,BipedRobot/AIWeek/LaserCannonBiped,BipedRobot/AIWeek/SuperMoaBiped,Spaceman/AIWeek/DeployableSpaceman,Drones/AIWeek/SuicideDrone,BipedRobot/AIWeek/RailgunBiped,Spaceman/EliteSpaceman,Drones/AIWeek/MineDrone,Spaceman/AIWeek/SniperSpaceman,Forest/BladeSawman,Forest/ShotgunLancer,Forest/GrineerMarinePistol,SpecialEvents/ForestDrone,Forest/EvisceratorLancer,Drones/AIWeek/LeechDrone,Spaceman/AIWeek/ShotgunSpaceman,AIWeek/PistonSawman,AIWeek/BlowtorchSawman,AIWeek/EviseratorLancer,AIWeek/GrineerMeleeStaffLeader,AIWeek/GrineerMeleeStaff,AiWeek/Quadrupeds/Quadruped,AiWeek/Runners/SuicideRunner,AiWeek/Runners/LeapingRunner,AiWeek/Ancients/HealingAncient,AiWeek/Ancients/Ancient,AiWeek/Ancients/ToxicAncient,AiWeek/Crawlers/Crawler,AiWeek/Crawlers/Grenade,Desert/BladeSawman,Desert/ShotgunLancer,Desert/HeavyFemaleGrineerDesert,Desert/EvisceratorLancer,SpecialEvents/SurveillanceDrone,Desert/GrineerMarinePistol,AiWeek/Crawlers/GraspingCrawler,Vip/Hek/HekBiped,RifleLancer,RifleSpaceman,OrokinHealingAncient,OrokinHeavyFemale,OrokinShieldDrone,OrokinMoaBiped,AiWeek/Crawlers/NoxiousCrawler,Vip/MarineLeader,Fusion Moa Guardian (TennoReplicants/TennoMoaBiped),,,,,,,,,,
Rare Fusion Core(/Lotus/Upgrades/Mods/Fusers/RareModFuser),AIWeek/RifleLancer,AIWeek/EliteRifleLancer,AIWeek/BladeSawman,AIWeek/ShotgunLancer,AIWeek/HeavyFemaleGrineer,AIWeek/ShieldLancer,AIWeek/RollingDrone,AIWeek/RocketBombard,GrineerMarinePistol,AIWeek/MacheteWoman,AIWeek/FemaleGrineer,AIWeek/FlameLancer,AIWeek/IncendiaryBombard,Spaceman/AIWeek/RifleSpaceman,BipedRobot/AIWeek/ShockwaveBiped,Drones/AIWeek/ShieldDrone,Spaceman/AIWeek/MeleeSpaceman,BipedRobot/AIWeek/LaserCannonBiped,BipedRobot/AIWeek/SuperMoaBiped,Drones/AIWeek/SuicideDrone,Spaceman/EliteSpaceman,Drones/AIWeek/MineDrone,Spaceman/AIWeek/SniperSpaceman,Forest/RifleLancer,Forest/BladeSawman,Forest/JetpackMarine,Forest/ShotgunLancer,Forest/GrineerMarinePistol,SpecialEvents/ForestDrone,Forest/EliteRifleLancer,Forest/HeavyFemaleGrineerDesert,Forest/EvisceratorLancer,Drones/AIWeek/LeechDrone,Spaceman/AIWeek/ShotgunSpaceman,AIWeek/PistonSawman,AIWeek/BlowtorchSawman,AIWeek/EviseratorLancer,AIWeek/JetpackMarine,AIWeek/GrineerMeleeStaffLeader,AIWeek/GrineerMeleeStaff,AiWeek/Quadrupeds/Quadruped,AiWeek/Runners/SuicideRunner,AiWeek/Runners/LeapingRunner,AiWeek/Ancients/HealingAncient,AiWeek/Ancients/Ancient,AiWeek/Ancients/ToxicAncient,AiWeek/Crawlers/Crawler,AiWeek/Crawlers/Lightning,AiWeek/Crawlers/Grenade,Desert/RifleLancer,Desert/EliteRifleLancer,Desert/BladeSawman,Desert/ShotgunLancer,Desert/HeavyFemaleGrineerDesert,Desert/EvisceratorLancer,Desert/JetpackMarine,SpecialEvents/SurveillanceDrone,Desert/GrineerMarinePistol,AiWeek/Crawlers/GraspingCrawler,Vip/Hek/HekBiped,RifleLancer,RifleSpaceman,OrokinHealingAncient,OrokinHeavyFemale,OrokinShieldDrone,OrokinMoaBiped,AiWeek/Crawlers/NoxiousCrawler,Vip/MarineLeader,Fusion Moa Guardian (TennoReplicants/TennoMoaBiped)
Uncommon Fusion Core(/Lotus/Upgrades/Mods/Fusers/UncommonModFuser),AIWeek/RifleLancer,AIWeek/EliteRifleLancer,AIWeek/BladeSawman,AIWeek/ShotgunLancer,AIWeek/HeavyFemaleGrineer,AIWeek/ShieldLancer,AIWeek/RollingDrone,AIWeek/RocketBombard,GrineerMarinePistol,AIWeek/MacheteWoman,AIWeek/FemaleGrineer,AIWeek/FlameLancer,AIWeek/IncendiaryBombard,Spaceman/AIWeek/RifleSpaceman,BipedRobot/AIWeek/ShockwaveBiped,Drones/AIWeek/ShieldDrone,BipedRobot/AIWeek/SuperMoaBiped,Spaceman/AIWeek/DeployableSpaceman,Drones/AIWeek/SuicideDrone,BipedRobot/AIWeek/RailgunBiped,Spaceman/EliteSpaceman,Drones/AIWeek/MineDrone,Spaceman/AIWeek/SniperSpaceman,Forest/RifleLancer,Forest/BladeSawman,Forest/JetpackMarine,Forest/ShotgunLancer,Forest/GrineerMarinePistol,Forest/EliteRifleLancer,Forest/HeavyFemaleGrineerDesert,Forest/EvisceratorLancer,Drones/AIWeek/LeechDrone,Spaceman/AIWeek/ShotgunSpaceman,AIWeek/PistonSawman,AIWeek/BlowtorchSawman,AIWeek/EviseratorLancer,AIWeek/JetpackMarine,AIWeek/GrineerMeleeStaffLeader,AIWeek/GrineerMeleeStaff,AiWeek/Quadrupeds/Quadruped,AiWeek/Runners/LeapingRunner,AiWeek/Ancients/HealingAncient,AiWeek/Ancients/Ancient,AiWeek/Ancients/ToxicAncient,AiWeek/Crawlers/Crawler,AiWeek/Crawlers/Lightning,AiWeek/Crawlers/Grenade,Desert/RifleLancer,Desert/EliteRifleLancer,Desert/BladeSawman,Desert/ShotgunLancer,Desert/HeavyFemaleGrineerDesert,Desert/EvisceratorLancer,Desert/JetpackMarine,Desert/GrineerMarinePistol,AiWeek/Crawlers/GraspingCrawler,Vip/Hek/HekBiped,RifleLancer,RifleSpaceman,OrokinHealingAncient,OrokinHeavyFemale,OrokinShieldDrone,OrokinMoaBiped,AiWeek/Crawlers/NoxiousCrawler,Vip/MarineLeader,Fusion Moa Guardian (TennoReplicants/TennoMoaBiped),,,
True Punishment(/Lotus/Upgrades/Mods/Melee/Channel/ChannelCritsMod),,,,,,,,,,,,,,,,,,,,,,,,,,,,,,,,,,,,,,,,,,,,,,,,,,,,,,,,,,,,,,,,,,,,,
Quickening(/Lotus/Upgrades/Mods/Melee/Channel/ChannelFireRateMod),,,,,,,,,,,,,,,,,,,,,,,,,,,,,,,,,,,,,,,,,,,,,,,,,,,,,,,,,,,,,,,,,,,,,
Warrior's Grip(/Lotus/Upgrades/Mods/Melee/Channel/ChannelParryStaminaRedMod),,,,,,,,,,,,,,,,,,,,,,,,,,,,,,,,,,,,,,,,,,,,,,,,,,,,,,,,,,,,,,,,,,,,,
Enduring Strike(/Lotus/Upgrades/Mods/Melee/Channel/ChannelStatusMod),,,,,,,,,,,,,,,,,,,,,,,,,,,,,,,,,,,,,,,,,,,,,,,,,,,,,,,,,,,,,,,,,,,,,
Life Strike(/Lotus/Upgrades/Mods/Melee/Channel/ChannelVampireMod),,,,,,,,,,,,,,,,,,,,,,,,,,,,,,,,,,,,,,,,,,,,,,,,,,,,,,,,,,,,,,,,,,,,,
Spoiled Strike(/Lotus/Upgrades/Mods/Melee/DualStat/CorruptedDamageSpeedMod),,,,,,,,,,,,,,,,,,,,,,,,,,,,,,,,,,,,,,,,,,,,,,,,,,,,,,,,,,,,,,,,,,,,,
Corrupt Charge(/Lotus/Upgrades/Mods/Melee/DualStat/CorruptedHeavyDamageChargeSpeedMod),,,,,,,,,,,,,,,,,,,,,,,,,,,,,,,,,,,,,,,,,,,,,,,,,,,,,,,,,,,,,,,,,,,,,
Focus Energy(/Lotus/Upgrades/Mods/Melee/DualStat/FocusEnergyMod),,,,,,,,,,,,,,,,,,,,,,,,,,,,,,,,,,,,,,,,,,,,,,,,,,,,,,,,,,,,,,,,,,,,,
Rending Strike(/Lotus/Upgrades/Mods/Melee/DualStat/RendingStrikeMod),,,,,,,,,,,,,,,,,,,,,,,,,,,,,,,,,,,,,,,,,,,,,,,,,,,,,,,,,,,,,,,,,,,,,
Sundering Strike(/Lotus/Upgrades/Mods/Melee/WeaponArmorPiercingDamageMod),Volatile Runner (AiWeek/Runners/SuicideRunner),,,,,,,,,,,,,,,,,,,,,,,,,,,,,,,,,,,,,,,,,,,,,,,,,,,,,,,,,,,,,,,,,,,,
True Steel(/Lotus/Upgrades/Mods/Melee/WeaponCritChanceMod),AIWeek/RollingDrone,AIWeek/RocketBombard,Drones/AIWeek/ShieldDrone,Drones/AIWeek/VacDrone,Tyl Regor (Vip/NinjaLeader),,,,,,,,,,,,,,,,,,,,,,,,,,,,,,,,,,,,,,,,,,,,,,,,,,,,,,,,,,,,,,,,
Organ Shatter(/Lotus/Upgrades/Mods/Melee/WeaponCritDamageMod),AIWeek/FemaleGrineer,Drones/Vip/DroneAttack,Toxic Ancient (AiWeek/Ancients/ToxicAncient),,,,,,,,,,,,,,,,,,,,,,,,,,,,,,,,,,,,,,,,,,,,,,,,,,,,,,,,,,,,,,,,,,
Berserker(/Lotus/Upgrades/Mods/Melee/WeaponCritFireRateBonusMod),Corrupted Ancient (OrokinHealingAncient),,,,,,,,,,,,,,,,,,,,,,,,,,,,,,,,,,,,,,,,,,,,,,,,,,,,,,,,,,,,,,,,,,,,
Shocking Touch(/Lotus/Upgrades/Mods/Melee/WeaponElectricityDamageMod),AIWeek/ShotgunLancer,Forest/ShotgunLancer,Forest/EvisceratorLancer,Spaceman/Vip/SniperBoss,AIWeek/EviseratorLancer,Vip/NinjaLeader,Desert/ShotgunLancer,Arid Eviscerator (Desert/EvisceratorLancer),,,,,,,,,,,,,,,,,,,,,,,,,,,,,,,,,,,,,,,,,,,,,,,,,,,,,,,,,,,,,
Molten Impact(/Lotus/Upgrades/Mods/Melee/WeaponFireDamageMod),BipedRobot/Vip/BossBiped,Vip/BossLechKril,Vip/HeavyRocketFemale,Vip/Hek/HekBiped,Councilor Vay Hek (Vip/MarineLeader),,,,,,,,,,,,,,,,,,,,,,,,,,,,,,,,,,,,,,,,,,,,,,,,,,,,,,,,,,,,,,,,
Fury(/Lotus/Upgrades/Mods/Melee/WeaponFireRateMod),Spaceman/AIWeek/RifleSpaceman,Drones/AIWeek/SuicideDrone,Spaceman/EliteSpaceman,SpecialEvents/ForestDrone,Regulator (SpecialEvents/SurveillanceDrone),,,,,,,,,,,,,,,,,,,,,,,,,,,,,,,,,,,,,,,,,,,,,,,,,,,,,,,,,,,,,,,,
North Wind(/Lotus/Upgrades/Mods/Melee/WeaponFreezeDamageMod),AIWeek/BladeSawman,BipedRobot/AIWeek/LaserCannonBiped,Forest/BladeSawman,AIWeek/GrineerMeleeStaff,Arid Butcher (Desert/BladeSawman),,,,,,,,,,,,,,,,,,,,,,,,,,,,,,,,,,,,,,,,,,,,,,,,,,,,,,,,,,,,,,,,
Power Throw(/Lotus/Upgrades/Mods/Melee/WeaponGlaivePowerthrowMod),Corrupted Lancer (RifleLancer),,,,,,,,,,,,,,,,,,,,,,,,,,,,,,,,,,,,,,,,,,,,,,,,,,,,,,,,,,,,,,,,,,,,
Quick Return(/Lotus/Upgrades/Mods/Melee/WeaponGlaiveReflectionDecreaseMod),RifleSpaceman,Lephantis (Vip/GolemFull),,,,,,,,,,,,,,,,,,,,,,,,,,,,,,,,,,,,,,,,,,,,,,,,,,,,,,,,,,,,,,,,,,,
Rebound(/Lotus/Upgrades/Mods/Melee/WeaponGlaiveReflectionIncreaseMod),Lephantis (Vip/GolemFull),,,,,,,,,,,,,,,,,,,,,,,,,,,,,,,,,,,,,,,,,,,,,,,,,,,,,,,,,,,,,,,,,,,,
Whirlwind(/Lotus/Upgrades/Mods/Melee/WeaponGlaiveSpeedMod),Corrupted Heavy Gunner (OrokinHeavyFemale),,,,,,,,,,,,,,,,,,,,,,,,,,,,,,,,,,,,,,,,,,,,,,,,,,,,,,,,,,,,,,,,,,,,
Heavy Trauma(/Lotus/Upgrades/Mods/Melee/WeaponImpactDamageMod),AIWeek/RifleLancer,Forest/RifleLancer,Forest/JetpackMarine,Forest/HeavyFemaleGrineerDesert,AIWeek/JetpackMarine,Desert/RifleLancer,Arid Hellion (Desert/JetpackMarine),,,,,,,,,,,,,,,,,,,,,,,,,,,,,,,,,,,,,,,,,,,,,,,,,,,,,,,,,,,,,,
Reflex Coil(/Lotus/Upgrades/Mods/Melee/WeaponMeleeChargeRateMod),AIWeek/BladeSawman,Forest/BladeSawman,Spaceman/Vip/SniperBoss,AIWeek/GrineerMeleeStaff,Drones/Vip/DroneAttack,Arid Butcher (Desert/BladeSawman),,,,,,,,,,,,,,,,,,,,,,,,,,,,,,,,,,,,,,,,,,,,,,,,,,,,,,,,,,,,,,,
Pressure Point(/Lotus/Upgrades/Mods/Melee/WeaponMeleeDamageMod),AIWeek/RifleLancer,AIWeek/BladeSawman,Drones/AIWeek/MineDrone,Forest/RifleLancer,Forest/JetpackMarine,Forest/HeavyFemaleGrineerDesert,AIWeek/JetpackMarine,Vip/SargasRuk/SargasRukNew,BipedRobot/Vip/BossBiped,AIWeek/GrineerMeleeStaff,AiWeek/Crawlers/Grenade,Desert/RifleLancer,Desert/JetpackMarine,Toxic Crawler (AiWeek/Crawlers/NoxiousCrawler),,,,,,,,,,,,,,,,,,,,,,,,,,,,,,,,,,,,,,,,,,,,,,,,,,,,,,,
Smite Corpus(/Lotus/Upgrades/Mods/Melee/WeaponMeleeFactionDamageCorpus),Fusion Moa (BipedRobot/AIWeek/SuperMoaBiped),,,,,,,,,,,,,,,,,,,,,,,,,,,,,,,,,,,,,,,,,,,,,,,,,,,,,,,,,,,,,,,,,,,,
Smite Grineer(/Lotus/Upgrades/Mods/Melee/WeaponMeleeFactionDamageGrineer),AIWeek/BladeSawman,BipedRobot/AIWeek/LaserCannonBiped,Guardsman (AIWeek/GrineerMeleeStaff),,,,,,,,,,,,,,,,,,,,,,,,,,,,,,,,,,,,,,,,,,,,,,,,,,,,,,,,,,,,,,,,,,
Smite Infested(/Lotus/Upgrades/Mods/Melee/WeaponMeleeFactionDamageInfested),Shield Lancer (AIWeek/ShieldLancer),,,,,,,,,,,,,,,,,,,,,,,,,,,,,,,,,,,,,,,,,,,,,,,,,,,,,,,,,,,,,,,,,,,,
Finishing Touch(/Lotus/Upgrades/Mods/Melee/WeaponMeleeFinisherDamageMod),Corrupted Lancer (RifleLancer),,,,,,,,,,,,,,,,,,,,,,,,,,,,,,,,,,,,,,,,,,,,,,,,,,,,,,,,,,,,,,,,,,,,
Killing Blow(/Lotus/Upgrades/Mods/Melee/WeaponMeleeHeavyDamageMod),GrineerMarinePistol,Forest/GrineerMarinePistol,Vip/BossLechKril,Vip/HeavyRocketFemale,Desert/GrineerMarinePistol,Vip/Hek/HekBiped,Councilor Vay Hek (Vip/MarineLeader),,,,,,,,,,,,,,,,,,,,,,,,,,,,,,,,,,,,,,,,,,,,,,,,,,,,,,,,,,,,,,
Reach(/Lotus/Upgrades/Mods/Melee/WeaponMeleeRangeIncMod),Spaceman/AIWeek/RifleSpaceman,Drones/Vip/DroneAttack,Volatile Runner (AiWeek/Runners/SuicideRunner),,,,,,,,,,,,,,,,,,,,,,,,,,,,,,,,,,,,,,,,,,,,,,,,,,,,,,,,,,,,,,,,,,
Energy Channel(/Lotus/Upgrades/Mods/Melee/WeaponPowerDamageMod),BipedRobot/AIWeek/LaserCannonBiped,Vip/BossLechKril,Vip/HeavyRocketFemale,Vip/Hek/HekBiped,Councilor Vay Hek (Vip/MarineLeader),,,,,,,,,,,,,,,,,,,,,,,,,,,,,,,,,,,,,,,,,,,,,,,,,,,,,,,,,,,,,,,,
Jagged Edge(/Lotus/Upgrades/Mods/Melee/WeaponSlashDamageMod),Elite Crewman (Spaceman/EliteSpaceman),,,,,,,,,,,,,,,,,,,,,,,,,,,,,,,,,,,,,,,,,,,,,,,,,,,,,,,,,,,,,,,,,,,,
Second Wind(/Lotus/Upgrades/Mods/Melee/WeaponStaminaBonusMod),OrokinMoaBiped,Fusion Moa Guardian (TennoReplicants/TennoMoaBiped),,,,,,,,,,,,,,,,,,,,,,,,,,,,,,,,,,,,,,,,,,,,,,,,,,,,,,,,,,,,,,,,,,,
Melee Prowess(/Lotus/Upgrades/Mods/Melee/WeaponStunChanceMod),AIWeek/ShotgunLancer,Drones/AIWeek/SuicideDrone,Forest/ShotgunLancer,SpecialEvents/ForestDrone,Forest/EvisceratorLancer,Spaceman/AIWeek/ShotgunSpaceman,AIWeek/EviseratorLancer,Vip/SargasRuk/SargasRukNew,Desert/ShotgunLancer,Desert/EvisceratorLancer,Regulator (SpecialEvents/SurveillanceDrone),,,,,,,,,,,,,,,,,,,,,,,,,,,,,,,,,,,,,,,,,,,,,,,,,,,,,,,,,,
Fever Strike(/Lotus/Upgrades/Mods/Melee/WeaponToxinDamageMod),Forest/BladeSawman,Arid Butcher (Desert/BladeSawman),,,,,,,,,,,,,,,,,,,,,,,,,,,,,,,,,,,,,,,,,,,,,,,,,,,,,,,,,,,,,,,,,,,
Hollow Point(/Lotus/Upgrades/Mods/Pistol/DualStat/CorruptedCritDamagePistol),,,,,,,,,,,,,,,,,,,,,,,,,,,,,,,,,,,,,,,,,,,,,,,,,,,,,,,,,,,,,,,,,,,,,
Magnum Force(/Lotus/Upgrades/Mods/Pistol/DualStat/CorruptedDamageRecoilPistol),,,,,,,,,,,,,,,,,,,,,,,,,,,,,,,,,,,,,,,,,,,,,,,,,,,,,,,,,,,,,,,,,,,,,
Tainted Clip(/Lotus/Upgrades/Mods/Pistol/DualStat/CorruptedMaxClipReloadSpeedPistol),,,,,,,,,,,,,,,,,,,,,,,,,,,,,,,,,,,,,,,,,,,,,,,,,,,,,,,,,,,,,,,,,,,,,
Lethal Torrent(/Lotus/Upgrades/Mods/Pistol/DualStat/GrinderMod),,,,,,,,,,,,,,,,,,,,,,,,,,,,,,,,,,,,,,,,,,,,,,,,,,,,,,,,,,,,,,,,,,,,,
Ice Storm(/Lotus/Upgrades/Mods/Pistol/DualStat/IceStormMod),,,,,,,,,,,,,,,,,,,,,,,,,,,,,,,,,,,,,,,,,,,,,,,,,,,,,,,,,,,,,,,,,,,,,
Stunning Speed(/Lotus/Upgrades/Mods/Pistol/DualStat/StunningSpeedMod),,,,,,,,,,,,,,,,,,,,,,,,,,,,,,,,,,,,,,,,,,,,,,,,,,,,,,,,,,,,,,,,,,,,,
Trick Mag(/Lotus/Upgrades/Mods/Pistol/WeaponAmmoMaxMod),AIWeek/RollingDrone,BipedRobot/AIWeek/ShockwaveBiped,Drones/AIWeek/ShieldDrone,BipedRobot/AIWeek/RailgunBiped,AIWeek/BlowtorchSawman,AIWeek/GrineerMeleeStaffLeader,AiWeek/Crawlers/Grenade,Toxic Crawler (AiWeek/Crawlers/NoxiousCrawler),,,,,,,,,,,,,,,,,,,,,,,,,,,,,,,,,,,,,,,,,,,,,,,,,,,,,,,,,,,,,
No Return(/Lotus/Upgrades/Mods/Pistol/WeaponArmorPiercingDamageMod),Spaceman/AIWeek/RifleSpaceman,Elite Crewman (Spaceman/EliteSpaceman),,,,,,,,,,,,,,,,,,,,,,,,,,,,,,,,,,,,,,,,,,,,,,,,,,,,,,,,,,,,,,,,,,,
Slip Magazine(/Lotus/Upgrades/Mods/Pistol/WeaponClipMaxMod),AIWeek/HeavyFemaleGrineer,Vip/CaptainVorBoss,Vip/AladV/AladBoss,GrineerMarineLeader,AiWeek/Ancients/ToxicAncient,Desert Heavy Gunner (Desert/HeavyFemaleGrineerDesert),,,,,,,,,,,,,,,,,,,,,,,,,,,,,,,,,,,,,,,,,,,,,,,,,,,,,,,,,,,,,,,
Pistol Gambit(/Lotus/Upgrades/Mods/Pistol/WeaponCritChanceMod),AIWeek/ShotgunLancer,Spaceman/AIWeek/MeleeSpaceman,Forest/ShotgunLancer,Forest/EvisceratorLancer,AIWeek/EviseratorLancer,Desert/ShotgunLancer,Arid Eviscerator (Desert/EvisceratorLancer),,,,,,,,,,,,,,,,,,,,,,,,,,,,,,,,,,,,,,,,,,,,,,,,,,,,,,,,,,,,,,
Target Cracker(/Lotus/Upgrades/Mods/Pistol/WeaponCritDamageMod),Powerfist (AIWeek/PistonSawman),,,,,,,,,,,,,,,,,,,,,,,,,,,,,,,,,,,,,,,,,,,,,,,,,,,,,,,,,,,,,,,,,,,,
Hornet Strike(/Lotus/Upgrades/Mods/Pistol/WeaponDamageAmountMod),Toxic Ancient (AiWeek/Ancients/ToxicAncient),,,,,,,,,,,,,,,,,,,,,,,,,,,,,,,,,,,,,,,,,,,,,,,,,,,,,,,,,,,,,,,,,,,,
Convulsion(/Lotus/Upgrades/Mods/Pistol/WeaponElectricityDamageMod),Drones/AIWeek/SuicideDrone,SpecialEvents/ForestDrone,AiWeek/Quadrupeds/Quadruped,Regulator (SpecialEvents/SurveillanceDrone),,,,,,,,,,,,,,,,,,,,,,,,,,,,,,,,,,,,,,,,,,,,,,,,,,,,,,,,,,,,,,,,,
Heated Charge(/Lotus/Upgrades/Mods/Pistol/WeaponFireDamageMod),AIWeek/RifleLancer,Vip/CaptainVorBoss,Forest/RifleLancer,Forest/JetpackMarine,Forest/HeavyFemaleGrineerDesert,Vip/AladV/AladBoss,AIWeek/JetpackMarine,BipedRobot/Vip/BossBiped,Desert/RifleLancer,Arid Hellion (Desert/JetpackMarine),,,,,,,,,,,,,,,,,,,,,,,,,,,,,,,,,,,,,,,,,,,,,,,,,,,,,,,,,,,
Barrel Diffusion(/Lotus/Upgrades/Mods/Pistol/WeaponFireIterationsMod),GrineerMarinePistol,Forest/GrineerMarinePistol,Arid Seeker (Desert/GrineerMarinePistol),,,,,,,,,,,,,,,,,,,,,,,,,,,,,,,,,,,,,,,,,,,,,,,,,,,,,,,,,,,,,,,,,,
Gunslinger(/Lotus/Upgrades/Mods/Pistol/WeaponFireRateMod),AIWeek/IncendiaryBombard,Vip/CaptainVorBoss,Drones/AIWeek/VacDrone,Alad V (Vip/AladV/AladBoss),,,,,,,,,,,,,,,,,,,,,,,,,,,,,,,,,,,,,,,,,,,,,,,,,,,,,,,,,,,,,,,,,
Deep Freeze(/Lotus/Upgrades/Mods/Pistol/WeaponFreezeDamageMod),,,,,,,,,,,,,,,,,,,,,,,,,,,,,,,,,,,,,,,,,,,,,,,,,,,,,,,,,,,,,,,,,,,,,
Concussion Rounds(/Lotus/Upgrades/Mods/Pistol/WeaponImpactDamageMod),Spaceman/AIWeek/ShotgunSpaceman,Volatile Runner (AiWeek/Runners/SuicideRunner),,,,,,,,,,,,,,,,,,,,,,,,,,,,,,,,,,,,,,,,,,,,,,,,,,,,,,,,,,,,,,,,,,,
Suppress(/Lotus/Upgrades/Mods/Pistol/WeaponNoiseReductionMod),Corrupted Crewman (RifleSpaceman),,,,,,,,,,,,,,,,,,,,,,,,,,,,,,,,,,,,,,,,,,,,,,,,,,,,,,,,,,,,,,,,,,,,
Pistol Ammo Mutation(/Lotus/Upgrades/Mods/Pistol/WeaponPistolConvertAmmoMod),,,,,,,,,,,,,,,,,,,,,,,,,,,,,,,,,,,,,,,,,,,,,,,,,,,,,,,,,,,,,,,,,,,,,
Expel Corpus(/Lotus/Upgrades/Mods/Pistol/WeaponPistolFactionDamageCorpus),,,,,,,,,,,,,,,,,,,,,,,,,,,,,,,,,,,,,,,,,,,,,,,,,,,,,,,,,,,,,,,,,,,,,
Expel Grineer(/Lotus/Upgrades/Mods/Pistol/WeaponPistolFactionDamageGrineer),Bombard (AIWeek/RocketBombard),,,,,,,,,,,,,,,,,,,,,,,,,,,,,,,,,,,,,,,,,,,,,,,,,,,,,,,,,,,,,,,,,,,,
Expel Infested(/Lotus/Upgrades/Mods/Pistol/WeaponPistolFactionDamageInfested),Ancient Disrupter (AiWeek/Ancients/Ancient),,,,,,,,,,,,,,,,,,,,,,,,,,,,,,,,,,,,,,,,,,,,,,,,,,,,,,,,,,,,,,,,,,,,
Hawk Eye(/Lotus/Upgrades/Mods/Pistol/WeaponPistolZoomFovMod),,,,,,,,,,,,,,,,,,,,,,,,,,,,,,,,,,,,,,,,,,,,,,,,,,,,,,,,,,,,,,,,,,,,,
Seeker(/Lotus/Upgrades/Mods/Pistol/WeaponPunctureDepthMod),Ancient Healer (AiWeek/Ancients/HealingAncient),,,,,,,,,,,,,,,,,,,,,,,,,,,,,,,,,,,,,,,,,,,,,,,,,,,,,,,,,,,,,,,,,,,,
Steady Hands(/Lotus/Upgrades/Mods/Pistol/WeaponRecoilReductionMod),Corrupted Crewman (RifleSpaceman),,,,,,,,,,,,,,,,,,,,,,,,,,,,,,,,,,,,,,,,,,,,,,,,,,,,,,,,,,,,,,,,,,,,
Quickdraw(/Lotus/Upgrades/Mods/Pistol/WeaponReloadSpeedMod),AIWeek/EliteRifleLancer,Vip/CaptainVorBoss,Forest/EliteRifleLancer,Vip/AladV/AladBoss,AiWeek/Crawlers/Crawler,Desert/EliteRifleLancer,Nauseous Crawler (AiWeek/Crawlers/GraspingCrawler),,,,,,,,,,,,,,,,,,,,,,,,,,,,,,,,,,,,,,,,,,,,,,,,,,,,,,,,,,,,,,
Razor Shot(/Lotus/Upgrades/Mods/Pistol/WeaponSlashDamageMod),AIWeek/EliteRifleLancer,Forest/EliteRifleLancer,Elite Arid Lancer (Desert/EliteRifleLancer),,,,,,,,,,,,,,,,,,,,,,,,,,,,,,,,,,,,,,,,,,,,,,,,,,,,,,,,,,,,,,,,,,
Sure Shot(/Lotus/Upgrades/Mods/Pistol/WeaponStunChanceMod),AIWeek/FlameLancer,Electric Crawler (AiWeek/Crawlers/Lightning),,,,,,,,,,,,,,,,,,,,,,,,,,,,,,,,,,,,,,,,,,,,,,,,,,,,,,,,,,,,,,,,,,,
Pathogen Rounds(/Lotus/Upgrades/Mods/Pistol/WeaponToxinDamageMod),Anti Moa (BipedRobot/AIWeek/LaserDiscBiped),,,,,,,,,,,,,,,,,,,,,,,,,,,,,,,,,,,,,,,,,,,,,,,,,,,,,,,,,,,,,,,,,,,,
Critical Delay(/Lotus/Upgrades/Mods/Rifle/DualStat/CorruptedCritRateFireRateRifle),,,,,,,,,,,,,,,,,,,,,,,,,,,,,,,,,,,,,,,,,,,,,,,,,,,,,,,,,,,,,,,,,,,,,
Heavy Caliber(/Lotus/Upgrades/Mods/Rifle/DualStat/CorruptedDamageRecoilRifle),,,,,,,,,,,,,,,,,,,,,,,,,,,,,,,,,,,,,,,,,,,,,,,,,,,,,,,,,,,,,,,,,,,,,
Tainted Mag(/Lotus/Upgrades/Mods/Rifle/DualStat/CorruptedMaxClipReloadSpeedRifle),,,,,,,,,,,,,,,,,,,,,,,,,,,,,,,,,,,,,,,,,,,,,,,,,,,,,,,,,,,,,,,,,,,,,
Vile Precision(/Lotus/Upgrades/Mods/Rifle/DualStat/CorruptedRecoilFireRateRifle),,,,,,,,,,,,,,,,,,,,,,,,,,,,,,,,,,,,,,,,,,,,,,,,,,,,,,,,,,,,,,,,,,,,,
Hammer Shot(/Lotus/Upgrades/Mods/Rifle/DualStat/HammerShotMod),,,,,,,,,,,,,,,,,,,,,,,,,,,,,,,,,,,,,,,,,,,,,,,,,,,,,,,,,,,,,,,,,,,,,
Shred(/Lotus/Upgrades/Mods/Rifle/DualStat/ShredMod),,,,,,,,,,,,,,,,,,,,,,,,,,,,,,,,,,,,,,,,,,,,,,,,,,,,,,,,,,,,,,,,,,,,,
Wildfire(/Lotus/Upgrades/Mods/Rifle/DualStat/WildfireMod),,,,,,,,,,,,,,,,,,,,,,,,,,,,,,,,,,,,,,,,,,,,,,,,,,,,,,,,,,,,,,,,,,,,,
Thunderbolt(/Lotus/Upgrades/Mods/Rifle/BowExplosionChanceMod),AIWeek/EliteRifleLancer,Forest/EliteRifleLancer,Elite Arid Lancer (Desert/EliteRifleLancer),,,,,,,,,,,,,,,,,,,,,,,,,,,,,,,,,,,,,,,,,,,,,,,,,,,,,,,,,,,,,,,,,,
Charged Chamber(/Lotus/Upgrades/Mods/Rifle/SniperReloadDamageMod),Railgun Moa (BipedRobot/AIWeek/RailgunBiped),,,,,,,,,,,,,,,,,,,,,,,,,,,,,,,,,,,,,,,,,,,,,,,,,,,,,,,,,,,,,,,,,,,,
Ammo Drum(/Lotus/Upgrades/Mods/Rifle/WeaponAmmoMaxMod),Spaceman/AIWeek/RifleSpaceman,Moa (BipedRobot/AIWeek/LaserCannonBiped),,,,,,,,,,,,,,,,,,,,,,,,,,,,,,,,,,,,,,,,,,,,,,,,,,,,,,,,,,,,,,,,,,,
Piercing Hit(/Lotus/Upgrades/Mods/Rifle/WeaponArmorPiercingDamageMod),Shockwave Moa (BipedRobot/AIWeek/ShockwaveBiped),,,,,,,,,,,,,,,,,,,,,,,,,,,,,,,,,,,,,,,,,,,,,,,,,,,,,,,,,,,,,,,,,,,,
Arrow Mutation(/Lotus/Upgrades/Mods/Rifle/WeaponBowConvertAmmoMod),,,,,,,,,,,,,,,,,,,,,,,,,,,,,,,,,,,,,,,,,,,,,,,,,,,,,,,,,,,,,,,,,,,,,
Magazine Warp(/Lotus/Upgrades/Mods/Rifle/WeaponClipMaxMod),AIWeek/HeavyFemaleGrineer,Drones/AIWeek/LeechDrone,Spaceman/Vip/SniperBoss,GrineerMarineLeader,BipedRobot/Vip/BossBiped,Desert Heavy Gunner (Desert/HeavyFemaleGrineerDesert),,,,,,,,,,,,,,,,,,,,,,,,,,,,,,,,,,,,,,,,,,,,,,,,,,,,,,,,,,,,,,,
Point Strike(/Lotus/Upgrades/Mods/Rifle/WeaponCritChanceMod),AIWeek/BladeSawman,AIWeek/IncendiaryBombard,Spaceman/AIWeek/DeployableSpaceman,Guardsman (AIWeek/GrineerMeleeStaff),,,,,,,,,,,,,,,,,,,,,,,,,,,,,,,,,,,,,,,,,,,,,,,,,,,,,,,,,,,,,,,,,
Vital Sense(/Lotus/Upgrades/Mods/Rifle/WeaponCritDamageMod),Prod Crewman (Spaceman/AIWeek/MeleeSpaceman),,,,,,,,,,,,,,,,,,,,,,,,,,,,,,,,,,,,,,,,,,,,,,,,,,,,,,,,,,,,,,,,,,,,
Serration(/Lotus/Upgrades/Mods/Rifle/WeaponDamageAmountMod),AIWeek/MacheteWoman,AiWeek/Crawlers/Lightning,Nauseous Crawler (AiWeek/Crawlers/GraspingCrawler),,,,,,,,,,,,,,,,,,,,,,,,,,,,,,,,,,,,,,,,,,,,,,,,,,,,,,,,,,,,,,,,,,
Stormbringer(/Lotus/Upgrades/Mods/Rifle/WeaponElectricityDamageMod),Ballista (AIWeek/FemaleGrineer),,,,,,,,,,,,,,,,,,,,,,,,,,,,,,,,,,,,,,,,,,,,,,,,,,,,,,,,,,,,,,,,,,,,
Bane of Corpus(/Lotus/Upgrades/Mods/Rifle/WeaponFactionDamageCorpus),Crawler (AiWeek/Crawlers/Crawler),,,,,,,,,,,,,,,,,,,,,,,,,,,,,,,,,,,,,,,,,,,,,,,,,,,,,,,,,,,,,,,,,,,,
Bane of Grineer(/Lotus/Upgrades/Mods/Rifle/WeaponFactionDamageGrineer),Scorch (AIWeek/FlameLancer),,,,,,,,,,,,,,,,,,,,,,,,,,,,,,,,,,,,,,,,,,,,,,,,,,,,,,,,,,,,,,,,,,,,
Bane of Infested(/Lotus/Upgrades/Mods/Rifle/WeaponFactionDamageInfested),Powerfist (AIWeek/PistonSawman),,,,,,,,,,,,,,,,,,,,,,,,,,,,,,,,,,,,,,,,,,,,,,,,,,,,,,,,,,,,,,,,,,,,
Hellfire(/Lotus/Upgrades/Mods/Rifle/WeaponFireDamageMod),AIWeek/RollingDrone,Drones/AIWeek/ShieldDrone,Ambulas (BipedRobot/Vip/BossBiped),,,,,,,,,,,,,,,,,,,,,,,,,,,,,,,,,,,,,,,,,,,,,,,,,,,,,,,,,,,,,,,,,,
Split Chamber(/Lotus/Upgrades/Mods/Rifle/WeaponFireIterationsMod),Drones/AIWeek/LeechDrone,Vip/SargasRuk/SargasRukNew,Raptor (Drones/Vip/DroneAttack),,,,,,,,,,,,,,,,,,,,,,,,,,,,,,,,,,,,,,,,,,,,,,,,,,,,,,,,,,,,,,,,,,
Speed Trigger(/Lotus/Upgrades/Mods/Rifle/WeaponFireRateMod),Charger (AiWeek/Quadrupeds/Quadruped),,,,,,,,,,,,,,,,,,,,,,,,,,,,,,,,,,,,,,,,,,,,,,,,,,,,,,,,,,,,,,,,,,,,
Cryo Rounds(/Lotus/Upgrades/Mods/Rifle/WeaponFreezeDamageMod),BipedRobot/AIWeek/ShockwaveBiped,Vip/NinjaLeader,Vip/BossLechKril,Vip/HeavyRocketFemale,Vip/Hek/HekBiped,Councilor Vay Hek (Vip/MarineLeader),,,,,,,,,,,,,,,,,,,,,,,,,,,,,,,,,,,,,,,,,,,,,,,,,,,,,,,,,,,,,,,
Rupture(/Lotus/Upgrades/Mods/Rifle/WeaponImpactDamageMod),AiWeek/Quadrupeds/Quadruped,Electric Crawler (AiWeek/Crawlers/Lightning),,,,,,,,,,,,,,,,,,,,,,,,,,,,,,,,,,,,,,,,,,,,,,,,,,,,,,,,,,,,,,,,,,,
Firestorm(/Lotus/Upgrades/Mods/Rifle/WeaponIncreaseRadialExplosionMod),Toxic Ancient (AiWeek/Ancients/ToxicAncient),,,,,,,,,,,,,,,,,,,,,,,,,,,,,,,,,,,,,,,,,,,,,,,,,,,,,,,,,,,,,,,,,,,,
Hush(/Lotus/Upgrades/Mods/Rifle/WeaponNoiseReductionMod),Orokin Drone (OrokinShieldDrone),,,,,,,,,,,,,,,,,,,,,,,,,,,,,,,,,,,,,,,,,,,,,,,,,,,,,,,,,,,,,,,,,,,,
Metal Auger(/Lotus/Upgrades/Mods/Rifle/WeaponPunctureDepthMod),Mine Osprey (Drones/AIWeek/MineDrone),,,,,,,,,,,,,,,,,,,,,,,,,,,,,,,,,,,,,,,,,,,,,,,,,,,,,,,,,,,,,,,,,,,,
Stabilizer(/Lotus/Upgrades/Mods/Rifle/WeaponRecoilReductionMod),Lephantis (Vip/GolemFull),,,,,,,,,,,,,,,,,,,,,,,,,,,,,,,,,,,,,,,,,,,,,,,,,,,,,,,,,,,,,,,,,,,,
Fast Hands(/Lotus/Upgrades/Mods/Rifle/WeaponReloadSpeedMod),AIWeek/BladeSawman,Guardsman (AIWeek/GrineerMeleeStaff),,,,,,,,,,,,,,,,,,,,,,,,,,,,,,,,,,,,,,,,,,,,,,,,,,,,,,,,,,,,,,,,,,,
Rifle Ammo Mutation(/Lotus/Upgrades/Mods/Rifle/WeaponRifleConvertAmmoMod),,,,,,,,,,,,,,,,,,,,,,,,,,,,,,,,,,,,,,,,,,,,,,,,,,,,,,,,,,,,,,,,,,,,,
Sawtooth Clip(/Lotus/Upgrades/Mods/Rifle/WeaponSlashDamageMod),GrineerMarinePistol,Forest/GrineerMarinePistol,Arid Seeker (Desert/GrineerMarinePistol),,,,,,,,,,,,,,,,,,,,,,,,,,,,,,,,,,,,,,,,,,,,,,,,,,,,,,,,,,,,,,,,,,
Sniper Ammo Mutation(/Lotus/Upgrades/Mods/Rifle/WeaponSnipersConvertAmmoMod),,,,,,,,,,,,,,,,,,,,,,,,,,,,,,,,,,,,,,,,,,,,,,,,,,,,,,,,,,,,,,,,,,,,,
Rifle Aptitude(/Lotus/Upgrades/Mods/Rifle/WeaponStunChanceMod),Forest/BladeSawman,AIWeek/BlowtorchSawman,AIWeek/GrineerMeleeStaffLeader,Arid Butcher (Desert/BladeSawman),,,,,,,,,,,,,,,,,,,,,,,,,,,,,,,,,,,,,,,,,,,,,,,,,,,,,,,,,,,,,,,,,
Infected Clip(/Lotus/Upgrades/Mods/Rifle/WeaponToxinDamageMod),Spaceman/EliteSpaceman,Spaceman/AIWeek/ShotgunSpaceman,Corrupted Lancer (RifleLancer),,,,,,,,,,,,,,,,,,,,,,,,,,,,,,,,,,,,,,,,,,,,,,,,,,,,,,,,,,,,,,,,,,
Eagle Eye(/Lotus/Upgrades/Mods/Rifle/WeaponZoomFovMod),Crawler (AiWeek/Crawlers/Crawler),,,,,,,,,,,,,,,,,,,,,,,,,,,,,,,,,,,,,,,,,,,,,,,,,,,,,,,,,,,,,,,,,,,,
Steel Fiber(/Lotus/Upgrades/Mods/Sentinel/SentinelArmourMod),Prod Crewman (Spaceman/AIWeek/MeleeSpaceman),,,,,,,,,,,,,,,,,,,,,,,,,,,,,,,,,,,,,,,,,,,,,,,,,,,,,,,,,,,,,,,,,,,,
Spare Parts(/Lotus/Upgrades/Mods/Sentinel/SentinelDropChanceMod),OrokinHeavyFemale,Lephantis (Vip/GolemFull),,,,,,,,,,,,,,,,,,,,,,,,,,,,,,,,,,,,,,,,,,,,,,,,,,,,,,,,,,,,,,,,,,,
Self Destruct(/Lotus/Upgrades/Mods/Sentinel/SentinelExplosionMod),Fusion Moa (BipedRobot/AIWeek/SuperMoaBiped),,,,,,,,,,,,,,,,,,,,,,,,,,,,,,,,,,,,,,,,,,,,,,,,,,,,,,,,,,,,,,,,,,,,
Vitality(/Lotus/Upgrades/Mods/Sentinel/SentinelHealthMaxMod),AIWeek/RollingDrone,AIWeek/IncendiaryBombard,Drones/AIWeek/ShieldDrone,BipedRobot/AIWeek/SuperMoaBiped,Anti Moa (BipedRobot/AIWeek/LaserDiscBiped),,,,,,,,,,,,,,,,,,,,,,,,,,,,,,,,,,,,,,,,,,,,,,,,,,,,,,,,,,,,,,,,
Fired Up(/Lotus/Upgrades/Mods/Sentinel/SentinelOverheatDamageMod),RifleSpaceman,Orokin Drone (OrokinShieldDrone),,,,,,,,,,,,,,,,,,,,,,,,,,,,,,,,,,,,,,,,,,,,,,,,,,,,,,,,,,,,,,,,,,,
Redirection(/Lotus/Upgrades/Mods/Sentinel/SentinelShieldMaxMod),AIWeek/PistonSawman,Charger (AiWeek/Quadrupeds/Quadruped),,,,,,,,,,,,,,,,,,,,,,,,,,,,,,,,,,,,,,,,,,,,,,,,,,,,,,,,,,,,,,,,,,,
Fast Deflection(/Lotus/Upgrades/Mods/Sentinel/SentinelShieldRechargeRateMod),GrineerMarinePistol,Forest/GrineerMarinePistol,AiWeek/Ancients/ToxicAncient,Arid Seeker (Desert/GrineerMarinePistol),,,,,,,,,,,,,,,,,,,,,,,,,,,,,,,,,,,,,,,,,,,,,,,,,,,,,,,,,,,,,,,,,
Accelerated Blast(/Lotus/Upgrades/Mods/Shotgun/DualStat/AcceleratedBlastMod),,,,,,,,,,,,,,,,,,,,,,,,,,,,,,,,,,,,,,,,,,,,,,,,,,,,,,,,,,,,,,,,,,,,,
Blaze(/Lotus/Upgrades/Mods/Shotgun/DualStat/BlazeMod),,,,,,,,,,,,,,,,,,,,,,,,,,,,,,,,,,,,,,,,,,,,,,,,,,,,,,,,,,,,,,,,,,,,,
Tainted Shell(/Lotus/Upgrades/Mods/Shotgun/DualStat/CorruptedAccuracyFireRateShotgun),,,,,,,,,,,,,,,,,,,,,,,,,,,,,,,,,,,,,,,,,,,,,,,,,,,,,,,,,,,,,,,,,,,,,
Vicious Spread(/Lotus/Upgrades/Mods/Shotgun/DualStat/CorruptedDamageAccuracyShotgun),,,,,,,,,,,,,,,,,,,,,,,,,,,,,,,,,,,,,,,,,,,,,,,,,,,,,,,,,,,,,,,,,,,,,
Burdened Magazine(/Lotus/Upgrades/Mods/Shotgun/DualStat/CorruptedMaxClipReloadSpeedShotgun),,,,,,,,,,,,,,,,,,,,,,,,,,,,,,,,,,,,,,,,,,,,,,,,,,,,,,,,,,,,,,,,,,,,,
Shell Compression(/Lotus/Upgrades/Mods/Shotgun/WeaponAmmoMaxMod),AIWeek/HeavyFemaleGrineer,QuadRobot/QuadRobot,GrineerMarineLeader,Desert Heavy Gunner (Desert/HeavyFemaleGrineerDesert),,,,,,,,,,,,,,,,,,,,,,,,,,,,,,,,,,,,,,,,,,,,,,,,,,,,,,,,,,,,,,,,,
Flechette(/Lotus/Upgrades/Mods/Shotgun/WeaponArmorPiercingDamageMod),AIWeek/ShieldLancer,Ancient Disrupter (AiWeek/Ancients/Ancient),,,,,,,,,,,,,,,,,,,,,,,,,,,,,,,,,,,,,,,,,,,,,,,,,,,,,,,,,,,,,,,,,,,
Ammo Stock(/Lotus/Upgrades/Mods/Shotgun/WeaponClipMaxMod),Napalm (AIWeek/IncendiaryBombard),,,,,,,,,,,,,,,,,,,,,,,,,,,,,,,,,,,,,,,,,,,,,,,,,,,,,,,,,,,,,,,,,,,,
Blunderbuss(/Lotus/Upgrades/Mods/Shotgun/WeaponCritChanceMod),AIWeek/HeavyFemaleGrineer,QuadRobot/QuadRobot,Forest/BladeSawman,GrineerMarineLeader,AiWeek/Crawlers/Grenade,Desert/BladeSawman,Desert/HeavyFemaleGrineerDesert,Toxic Crawler (AiWeek/Crawlers/NoxiousCrawler),,,,,,,,,,,,,,,,,,,,,,,,,,,,,,,,,,,,,,,,,,,,,,,,,,,,,,,,,,,,,
Ravage(/Lotus/Upgrades/Mods/Shotgun/WeaponCritDamageMod),Sniper Crewman (Spaceman/AIWeek/SniperSpaceman),,,,,,,,,,,,,,,,,,,,,,,,,,,,,,,,,,,,,,,,,,,,,,,,,,,,,,,,,,,,,,,,,,,,
Point Blank(/Lotus/Upgrades/Mods/Shotgun/WeaponDamageAmountMod),Volatile Runner (AiWeek/Runners/SuicideRunner),,,,,,,,,,,,,,,,,,,,,,,,,,,,,,,,,,,,,,,,,,,,,,,,,,,,,,,,,,,,,,,,,,,,
Charged Shell(/Lotus/Upgrades/Mods/Shotgun/WeaponElectricityDamageMod),Corpus Tech (Spaceman/AIWeek/DeployableSpaceman),,,,,,,,,,,,,,,,,,,,,,,,,,,,,,,,,,,,,,,,,,,,,,,,,,,,,,,,,,,,,,,,,,,,
Incendiary Coat(/Lotus/Upgrades/Mods/Shotgun/WeaponFireDamageMod),Sniper Crewman (Spaceman/AIWeek/SniperSpaceman),,,,,,,,,,,,,,,,,,,,,,,,,,,,,,,,,,,,,,,,,,,,,,,,,,,,,,,,,,,,,,,,,,,,
Hell's Chamber(/Lotus/Upgrades/Mods/Shotgun/WeaponFireIterationsMod),Drones/AIWeek/SuicideDrone,SpecialEvents/ForestDrone,Regulator (SpecialEvents/SurveillanceDrone),,,,,,,,,,,,,,,,,,,,,,,,,,,,,,,,,,,,,,,,,,,,,,,,,,,,,,,,,,,,,,,,,,
Shotgun Spazz(/Lotus/Upgrades/Mods/Shotgun/WeaponFireRateMod),,,,,,,,,,,,,,,,,,,,,,,,,,,,,,,,,,,,,,,,,,,,,,,,,,,,,,,,,,,,,,,,,,,,,
Chilling Grasp(/Lotus/Upgrades/Mods/Shotgun/WeaponFreezeDamageMod),Prod Crewman (Spaceman/AIWeek/MeleeSpaceman),,,,,,,,,,,,,,,,,,,,,,,,,,,,,,,,,,,,,,,,,,,,,,,,,,,,,,,,,,,,,,,,,,,,
Disruptor(/Lotus/Upgrades/Mods/Shotgun/WeaponImpactDamageMod),AIWeek/ShotgunLancer,Forest/ShotgunLancer,Forest/EvisceratorLancer,AIWeek/EviseratorLancer,Desert/ShotgunLancer,Arid Eviscerator (Desert/EvisceratorLancer),,,,,,,,,,,,,,,,,,,,,,,,,,,,,,,,,,,,,,,,,,,,,,,,,,,,,,,,,,,,,,,
Seeking Force(/Lotus/Upgrades/Mods/Shotgun/WeaponPunctureDepthMod),Powerfist (AIWeek/PistonSawman),,,,,,,,,,,,,,,,,,,,,,,,,,,,,,,,,,,,,,,,,,,,,,,,,,,,,,,,,,,,,,,,,,,,
Tactical Pump(/Lotus/Upgrades/Mods/Shotgun/WeaponReloadSpeedMod),AIWeek/RocketBombard,Jackal (QuadRobot/QuadRobot),,,,,,,,,,,,,,,,,,,,,,,,,,,,,,,,,,,,,,,,,,,,,,,,,,,,,,,,,,,,,,,,,,,
Shotgun Ammo Mutation(/Lotus/Upgrades/Mods/Shotgun/WeaponShotgunConvertAmmoMod),,,,,,,,,,,,,,,,,,,,,,,,,,,,,,,,,,,,,,,,,,,,,,,,,,,,,,,,,,,,,,,,,,,,,
Cleanse Corpus(/Lotus/Upgrades/Mods/Shotgun/WeaponShotgunFactionDamageCorpus),AIWeek/BlowtorchSawman,AIWeek/GrineerMeleeStaffLeader,,,,,,,,,,,,,,,,,,,,,,,,,,,,,,,,,,,,,,,,,,,,,,,,,,,,,,,,,,,,,,,,,,,
Cleanse Grineer(/Lotus/Upgrades/Mods/Shotgun/WeaponShotgunFactionDamageGrineer),Corpus Tech (Spaceman/AIWeek/DeployableSpaceman),,,,,,,,,,,,,,,,,,,,,,,,,,,,,,,,,,,,,,,,,,,,,,,,,,,,,,,,,,,,,,,,,,,,
Cleanse Infested(/Lotus/Upgrades/Mods/Shotgun/WeaponShotgunFactionDamageInfested),Leaper (AiWeek/Runners/LeapingRunner),,,,,,,,,,,,,,,,,,,,,,,,,,,,,,,,,,,,,,,,,,,,,,,,,,,,,,,,,,,,,,,,,,,,
Shredder(/Lotus/Upgrades/Mods/Shotgun/WeaponSlashDamageMod),Spaceman/AIWeek/ShotgunSpaceman,Toxic Ancient (AiWeek/Ancients/ToxicAncient),,,,,,,,,,,,,,,,,,,,,,,,,,,,,,,,,,,,,,,,,,,,,,,,,,,,,,,,,,,,,,,,,,,
Shotgun Savvy(/Lotus/Upgrades/Mods/Shotgun/WeaponStunChanceMod),Spaceman/AIWeek/MeleeSpaceman,BipedRobot/AIWeek/LaserDiscBiped,General Sargas Ruk (Vip/SargasRuk/SargasRukNew),,,,,,,,,,,,,,,,,,,,,,,,,,,,,,,,,,,,,,,,,,,,,,,,,,,,,,,,,,,,,,,,,,
Contagious Spread(/Lotus/Upgrades/Mods/Shotgun/WeaponToxinDamageMod),Drones/AIWeek/VacDrone,Electric Crawler (AiWeek/Crawlers/Lightning),,,,,,,,,,,,,,,,,,,,,,,,,,,,,,,,,,,,,,,,,,,,,,,,,,,,,,,,,,,,,,,,,,,
Constitution(/Lotus/Upgrades/Mods/Warframe/DualStat/ConstitutionMod),,,,,,,,,,,,,,,,,,,,,,,,,,,,,,,,,,,,,,,,,,,,,,,,,,,,,,,,,,,,,,,,,,,,,
Narrow Minded(/Lotus/Upgrades/Mods/Warframe/DualStat/CorruptedDurationRangeWarframe),,,,,,,,,,,,,,,,,,,,,,,,,,,,,,,,,,,,,,,,,,,,,,,,,,,,,,,,,,,,,,,,,,,,,
Fleeting Expertise(/Lotus/Upgrades/Mods/Warframe/DualStat/CorruptedEfficiencyDurationWarframe),,,,,,,,,,,,,,,,,,,,,,,,,,,,,,,,,,,,,,,,,,,,,,,,,,,,,,,,,,,,,,,,,,,,,
Blind Rage(/Lotus/Upgrades/Mods/Warframe/DualStat/CorruptedPowerEfficiencyWarframe),,,,,,,,,,,,,,,,,,,,,,,,,,,,,,,,,,,,,,,,,,,,,,,,,,,,,,,,,,,,,,,,,,,,,
Overextended(/Lotus/Upgrades/Mods/Warframe/DualStat/CorruptedRangePowerWarframe),,,,,,,,,,,,,,,,,,,,,,,,,,,,,,,,,,,,,,,,,,,,,,,,,,,,,,,,,,,,,,,,,,,,,
Fortitude(/Lotus/Upgrades/Mods/Warframe/DualStat/FortitudeMod),,,,,,,,,,,,,,,,,,,,,,,,,,,,,,,,,,,,,,,,,,,,,,,,,,,,,,,,,,,,,,,,,,,,,
Vigor(/Lotus/Upgrades/Mods/Warframe/DualStat/VigorMod),,,,,,,,,,,,,,,,,,,,,,,,,,,,,,,,,,,,,,,,,,,,,,,,,,,,,,,,,,,,,,,,,,,,,
Continuity(/Lotus/Upgrades/Mods/Warframe/AvatarAbilityDurationMod),General Sargas Ruk (Vip/SargasRuk/SargasRukNew),,,,,,,,,,,,,,,,,,,,,,,,,,,,,,,,,,,,,,,,,,,,,,,,,,,,,,,,,,,,,,,,,,,,
Streamline(/Lotus/Upgrades/Mods/Warframe/AvatarAbilityEfficiencyMod),AIWeek/RifleLancer,Forest/RifleLancer,Forest/JetpackMarine,Forest/HeavyFemaleGrineerDesert,AIWeek/JetpackMarine,Desert/RifleLancer,Arid Hellion (Desert/JetpackMarine),,,,,,,,,,,,,,,,,,,,,,,,,,,,,,,,,,,,,,,,,,,,,,,,,,,,,,,,,,,,,,
Stretch(/Lotus/Upgrades/Mods/Warframe/AvatarAbilityRangeMod),BipedRobot/AIWeek/ShockwaveBiped,Drones/AIWeek/LeechDrone,Vip/BossLechKril,Vip/HeavyRocketFemale,Drones/Vip/DroneAttack,Vip/Hek/HekBiped,Councilor Vay Hek (Vip/MarineLeader),,,,,,,,,,,,,,,,,,,,,,,,,,,,,,,,,,,,,,,,,,,,,,,,,,,,,,,,,,,,,,
Intensify(/Lotus/Upgrades/Mods/Warframe/AvatarAbilityStrengthMod),Vip/CaptainVorBoss,Alad V (Vip/AladV/AladBoss),,,,,,,,,,,,,,,,,,,,,,,,,,,,,,,,,,,,,,,,,,,,,,,,,,,,,,,,,,,,,,,,,,,
Steel Fiber(/Lotus/Upgrades/Mods/Warframe/AvatarArmourMod),Vip/NinjaLeader,Crawler (AiWeek/Crawlers/Crawler),,,,,,,,,,,,,,,,,,,,,,,,,,,,,,,,,,,,,,,,,,,,,,,,,,,,,,,,,,,,,,,,,,,
Reflex Guard(/Lotus/Upgrades/Mods/Warframe/AvatarAutoParryMod),OrokinMoaBiped,Fusion Moa Guardian (TennoReplicants/TennoMoaBiped),,,,,,,,,,,,,,,,,,,,,,,,,,,,,,,,,,,,,,,,,,,,,,,,,,,,,,,,,,,,,,,,,,,
Undying Will(/Lotus/Upgrades/Mods/Warframe/AvatarBleedoutDelayMod),AIWeek/EliteRifleLancer,Forest/EliteRifleLancer,Elite Arid Lancer (Desert/EliteRifleLancer),,,,,,,,,,,,,,,,,,,,,,,,,,,,,,,,,,,,,,,,,,,,,,,,,,,,,,,,,,,,,,,,,,
Natural Talent(/Lotus/Upgrades/Mods/Warframe/AvatarCastingSpeedMod),,,,,,,,,,,,,,,,,,,,,,,,,,,,,,,,,,,,,,,,,,,,,,,,,,,,,,,,,,,,,,,,,,,,,
Master Thief(/Lotus/Upgrades/Mods/Warframe/AvatarChanceToLoot),Scorpion (AIWeek/MacheteWoman),,,,,,,,,,,,,,,,,,,,,,,,,,,,,,,,,,,,,,,,,,,,,,,,,,,,,,,,,,,,,,,,,,,,
Lightning Rod(/Lotus/Upgrades/Mods/Warframe/AvatarDamageResistanceElectricity),AIWeek/MacheteWoman,Ancient Healer (AiWeek/Ancients/HealingAncient),,,,,,,,,,,,,,,,,,,,,,,,,,,,,,,,,,,,,,,,,,,,,,,,,,,,,,,,,,,,,,,,,,,
Flame Repellent(/Lotus/Upgrades/Mods/Warframe/AvatarDamageResistanceFire),AIWeek/BlowtorchSawman,AIWeek/GrineerMeleeStaffLeader,Ancient Healer (AiWeek/Ancients/HealingAncient),,,,,,,,,,,,,,,,,,,,,,,,,,,,,,,,,,,,,,,,,,,,,,,,,,,,,,,,,,,,,,,,,,
Insulation(/Lotus/Upgrades/Mods/Warframe/AvatarDamageResistanceIce),Napalm (AIWeek/IncendiaryBombard),,,,,,,,,,,,,,,,,,,,,,,,,,,,,,,,,,,,,,,,,,,,,,,,,,,,,,,,,,,,,,,,,,,,
Shock Absorbers(/Lotus/Upgrades/Mods/Warframe/AvatarDamageResistanceKnockdown),Jackal (QuadRobot/QuadRobot),,,,,,,,,,,,,,,,,,,,,,,,,,,,,,,,,,,,,,,,,,,,,,,,,,,,,,,,,,,,,,,,,,,,
Diamond Skin(/Lotus/Upgrades/Mods/Warframe/AvatarDamageResistanceLaser),AIWeek/RifleLancer,Forest/RifleLancer,Forest/JetpackMarine,Forest/HeavyFemaleGrineerDesert,Drones/AIWeek/LeechDrone,AIWeek/JetpackMarine,Desert/RifleLancer,Arid Hellion (Desert/JetpackMarine),,,,,,,,,,,,,,,,,,,,,,,,,,,,,,,,,,,,,,,,,,,,,,,,,,,,,,,,,,,,,
Antitoxin(/Lotus/Upgrades/Mods/Warframe/AvatarDamageResistancePoison),BipedRobot/AIWeek/SuperMoaBiped,OrokinMoaBiped,Fusion Moa Guardian (TennoReplicants/TennoMoaBiped),,,,,,,,,,,,,,,,,,,,,,,,,,,,,,,,,,,,,,,,,,,,,,,,,,,,,,,,,,,,,,,,,,
Rage(/Lotus/Upgrades/Mods/Warframe/AvatarDamageToEnergyMod),Napalm (AIWeek/IncendiaryBombard),,,,,,,,,,,,,,,,,,,,,,,,,,,,,,,,,,,,,,,,,,,,,,,,,,,,,,,,,,,,,,,,,,,,
Enemy Sense(/Lotus/Upgrades/Mods/Warframe/AvatarEnemyRadarMod),AIWeek/BlowtorchSawman,AIWeek/GrineerMeleeStaffLeader,,,,,,,,,,,,,,,,,,,,,,,,,,,,,,,,,,,,,,,,,,,,,,,,,,,,,,,,,,,,,,,,,,,
Heavy Impact(/Lotus/Upgrades/Mods/Warframe/AvatarFallingImpactMod),AIWeek/MacheteWoman,AiWeek/Crawlers/Grenade,Toxic Crawler (AiWeek/Crawlers/NoxiousCrawler),,,,,,,,,,,,,,,,,,,,,,,,,,,,,,,,,,,,,,,,,,,,,,,,,,,,,,,,,,,,,,,,,,
Provoked(/Lotus/Upgrades/Mods/Warframe/AvatarGroundFireDmgMod),,,,,,,,,,,,,,,,,,,,,,,,,,,,,,,,,,,,,,,,,,,,,,,,,,,,,,,,,,,,,,,,,,,,,
Vitality(/Lotus/Upgrades/Mods/Warframe/AvatarHealthMaxMod),AIWeek/RifleLancer,Vip/CaptainVorBoss,Drones/AIWeek/SuicideDrone,Forest/RifleLancer,Forest/JetpackMarine,SpecialEvents/ForestDrone,Forest/HeavyFemaleGrineerDesert,Vip/AladV/AladBoss,AIWeek/JetpackMarine,Vip/NinjaLeader,Desert/RifleLancer,Desert/JetpackMarine,Regulator (SpecialEvents/SurveillanceDrone),,,,,,,,,,,,,,,,,,,,,,,,,,,,,,,,,,,,,,,,,,,,,,,,,,,,,,,,
Handspring(/Lotus/Upgrades/Mods/Warframe/AvatarKnockdownRecoveryMod),Spaceman/AIWeek/DeployableSpaceman,Jackal (QuadRobot/QuadRobot),,,,,,,,,,,,,,,,,,,,,,,,,,,,,,,,,,,,,,,,,,,,,,,,,,,,,,,,,,,,,,,,,,,
Sure Footed(/Lotus/Upgrades/Mods/Warframe/AvatarKnockdownResistanceMod),Bombard (AIWeek/RocketBombard),,,,,,,,,,,,,,,,,,,,,,,,,,,,,,,,,,,,,,,,,,,,,,,,,,,,,,,,,,,,,,,,,,,,
Thief's Wit(/Lotus/Upgrades/Mods/Warframe/AvatarLootRadarMod),AIWeek/ShieldLancer,BipedRobot/AIWeek/SuperMoaBiped,BipedRobot/AIWeek/LaserDiscBiped,Sergeant Nef Anyo (Spaceman/Vip/SniperBoss),,,,,,,,,,,,,,,,,,,,,,,,,,,,,,,,,,,,,,,,,,,,,,,,,,,,,,,,,,,,,,,,,
Warm Coat(/Lotus/Upgrades/Mods/Warframe/AvatarMissionSpecificResistanceIce),AIWeek/RocketBombard,Toxic Ancient (AiWeek/Ancients/ToxicAncient),,,,,,,,,,,,,,,,,,,,,,,,,,,,,,,,,,,,,,,,,,,,,,,,,,,,,,,,,,,,,,,,,,,
Parry(/Lotus/Upgrades/Mods/Warframe/AvatarParryMeleeMod),,,,,,,,,,,,,,,,,,,,,,,,,,,,,,,,,,,,,,,,,,,,,,,,,,,,,,,,,,,,,,,,,,,,,
Reflection(/Lotus/Upgrades/Mods/Warframe/AvatarParryReflectMod),Corrupted Ancient (OrokinHealingAncient),,,,,,,,,,,,,,,,,,,,,,,,,,,,,,,,,,,,,,,,,,,,,,,,,,,,,,,,,,,,,,,,,,,,
Flow(/Lotus/Upgrades/Mods/Warframe/AvatarPowerMaxMod),AIWeek/BladeSawman,Forest/BladeSawman,AIWeek/GrineerMeleeStaff,Arid Butcher (Desert/BladeSawman),,,,,,,,,,,,,,,,,,,,,,,,,,,,,,,,,,,,,,,,,,,,,,,,,,,,,,,,,,,,,,,,,
Quick Thinking(/Lotus/Upgrades/Mods/Warframe/AvatarPowerToHealthOnDeathMod),Corrupted Ancient (OrokinHealingAncient),,,,,,,,,,,,,,,,,,,,,,,,,,,,,,,,,,,,,,,,,,,,,,,,,,,,,,,,,,,,,,,,,,,,
Retribution(/Lotus/Upgrades/Mods/Warframe/AvatarRevengeDamageMelee),Shield Lancer (AIWeek/ShieldLancer),,,,,,,,,,,,,,,,,,,,,,,,,,,,,,,,,,,,,,,,,,,,,,,,,,,,,,,,,,,,,,,,,,,,
Redirection(/Lotus/Upgrades/Mods/Warframe/AvatarShieldMaxMod),AIWeek/EliteRifleLancer,Drones/AIWeek/VacDrone,Forest/EliteRifleLancer,AiWeek/Ancients/Ancient,Elite Arid Lancer (Desert/EliteRifleLancer),,,,,,,,,,,,,,,,,,,,,,,,,,,,,,,,,,,,,,,,,,,,,,,,,,,,,,,,,,,,,,,,
Fast Deflection(/Lotus/Upgrades/Mods/Warframe/AvatarShieldRechargeRateMod),AIWeek/RollingDrone,Drones/AIWeek/ShieldDrone,Ambulas (BipedRobot/Vip/BossBiped),,,,,,,,,,,,,,,,,,,,,,,,,,,,,,,,,,,,,,,,,,,,,,,,,,,,,,,,,,,,,,,,,,
Shield Flux(/Lotus/Upgrades/Mods/Warframe/AvatarShieldToStaminaMod),,,,,,,,,,,,,,,,,,,,,,,,,,,,,,,,,,,,,,,,,,,,,,,,,,,,,,,,,,,,,,,,,,,,,
Maglev(/Lotus/Upgrades/Mods/Warframe/AvatarSlideBoostMod),Corrupted Ancient (OrokinHealingAncient),,,,,,,,,,,,,,,,,,,,,,,,,,,,,,,,,,,,,,,,,,,,,,,,,,,,,,,,,,,,,,,,,,,,
Rush(/Lotus/Upgrades/Mods/Warframe/AvatarSprintSpeedMod),Fusion Moa (BipedRobot/AIWeek/SuperMoaBiped),,,,,,,,,,,,,,,,,,,,,,,,,,,,,,,,,,,,,,,,,,,,,,,,,,,,,,,,,,,,,,,,,,,,
Acrobat(/Lotus/Upgrades/Mods/Warframe/AvatarStaminaCostMultiplierMod),Railgun Moa (BipedRobot/AIWeek/RailgunBiped),,,,,,,,,,,,,,,,,,,,,,,,,,,,,,,,,,,,,,,,,,,,,,,,,,,,,,,,,,,,,,,,,,,,
Marathon(/Lotus/Upgrades/Mods/Warframe/AvatarStaminaMaxMod),Corpus Tech (Spaceman/AIWeek/DeployableSpaceman),,,,,,,,,,,,,,,,,,,,,,,,,,,,,,,,,,,,,,,,,,,,,,,,,,,,,,,,,,,,,,,,,,,,
Quick Rest(/Lotus/Upgrades/Mods/Warframe/AvatarStaminaRechargeRateMod),Shield Lancer (AIWeek/ShieldLancer),,,,,,,,,,,,,,,,,,,,,,,,,,,,,,,,,,,,,,,,,,,,,,,,,,,,,,,,,,,,,,,,,,,,
Intruder(/Lotus/Upgrades/Mods/Warframe/AvatarTimeLimitIncreaseMod),Corrupted Heavy Gunner (OrokinHeavyFemale),,,,,,,,,,,,,,,,,,,,,,,,,,,,,,,,,,,,,,,,,,,,,,,,,,,,,,,,,,,,,,,,,,,,
Rending Crane(/Lotus/Weapons/Tenno/Melee/MeleeTrees/AxeCmbOneMeleeTree),Flameblade (AIWeek/BlowtorchSawman),,,,,,,,,,,,,,,,,,,,,,,,,,,,,,,,,,,,,,,,,,,,,,,,,,,,,,,,,,,,,,,,,,,,
Cleaving Whirlwind(/Lotus/Weapons/Tenno/Melee/MeleeTrees/AxeCmbTwoMeleeTree),Moa (BipedRobot/AIWeek/LaserCannonBiped),,,,,,,,,,,,,,,,,,,,,,,,,,,,,,,,,,,,,,,,,,,,,,,,,,,,,,,,,,,,,,,,,,,,
Crimson Dervish(/Lotus/Weapons/Tenno/Melee/MeleeTrees/CrimsonDervishMeleeTree),Prod Crewman (Spaceman/AIWeek/MeleeSpaceman),,,,,,,,,,,,,,,,,,,,,,,,,,,,,,,,,,,,,,,,,,,,,,,,,,,,,,,,,,,,,,,,,,,,
Homing Fang(/Lotus/Weapons/Tenno/Melee/MeleeTrees/DaggerCmbOneMeleeTree),Sniper Crewman (Spaceman/AIWeek/SniperSpaceman),,,,,,,,,,,,,,,,,,,,,,,,,,,,,,,,,,,,,,,,,,,,,,,,,,,,,,,,,,,,,,,,,,,,
Pointed Wind(/Lotus/Weapons/Tenno/Melee/MeleeTrees/DaggerCmbTwoMeleeTree),AIWeek/BladeSawman,Guardsman (AIWeek/GrineerMeleeStaff),,,,,,,,,,,,,,,,,,,,,,,,,,,,,,,,,,,,,,,,,,,,,,,,,,,,,,,,,,,,,,,,,,,
Sinking Talon(/Lotus/Weapons/Tenno/Melee/MeleeTrees/DualDaggerCmbOneMeleeTree),Kela De Thaym (Vip/HeavyRocketFemale),,,,,,,,,,,,,,,,,,,,,,,,,,,,,,,,,,,,,,,,,,,,,,,,,,,,,,,,,,,,,,,,,,,,
Gnashing Payara(/Lotus/Weapons/Tenno/Melee/MeleeTrees/DualDaggerCmbTwoMeleeTree),Shockwave Moa (BipedRobot/AIWeek/ShockwaveBiped),,,,,,,,,,,,,,,,,,,,,,,,,,,,,,,,,,,,,,,,,,,,,,,,,,,,,,,,,,,,,,,,,,,,
Swirling Tiger(/Lotus/Weapons/Tenno/Melee/MeleeTrees/DualSwordCmbOneMeleeTree),Napalm (AIWeek/IncendiaryBombard),,,,,,,,,,,,,,,,,,,,,,,,,,,,,,,,,,,,,,,,,,,,,,,,,,,,,,,,,,,,,,,,,,,,
Crossing Snakes(/Lotus/Weapons/Tenno/Melee/MeleeTrees/DualSwordCmbTwoMeleeTree),Mine Osprey (Drones/AIWeek/MineDrone),,,,,,,,,,,,,,,,,,,,,,,,,,,,,,,,,,,,,,,,,,,,,,,,,,,,,,,,,,,,,,,,,,,,
Fracturing Wind(/Lotus/Weapons/Tenno/Melee/MeleeTrees/FistCmbOneMeleeTree),Crewman (Spaceman/AIWeek/RifleSpaceman),,,,,,,,,,,,,,,,,,,,,,,,,,,,,,,,,,,,,,,,,,,,,,,,,,,,,,,,,,,,,,,,,,,,
Seismic Palm(/Lotus/Weapons/Tenno/Melee/MeleeTrees/FistCmbTwoMeleeTree),AIWeek/EliteRifleLancer,Forest/EliteRifleLancer,Elite Arid Lancer (Desert/EliteRifleLancer),,,,,,,,,,,,,,,,,,,,,,,,,,,,,,,,,,,,,,,,,,,,,,,,,,,,,,,,,,,,,,,,,,
Gleaming Talon(/Lotus/Weapons/Tenno/Melee/MeleeTrees/GlaiveCmbOneMeleeTree),,,,,,,,,,,,,,,,,,,,,,,,,,,,,,,,,,,,,,,,,,,,,,,,,,,,,,,,,,,,,,,,,,,,,
Shattering Storm(/Lotus/Weapons/Tenno/Melee/MeleeTrees/HammerCmbOneMeleeTree),Ballista (AIWeek/FemaleGrineer),,,,,,,,,,,,,,,,,,,,,,,,,,,,,,,,,,,,,,,,,,,,,,,,,,,,,,,,,,,,,,,,,,,,
Crushing Ruin(/Lotus/Weapons/Tenno/Melee/MeleeTrees/HammerCmbTwoMeleeTree),BipedRobot/AIWeek/RailgunBiped,Jackal (QuadRobot/QuadRobot),,,,,,,,,,,,,,,,,,,,,,,,,,,,,,,,,,,,,,,,,,,,,,,,,,,,,,,,,,,,,,,,,,,
Iron Phoenix(/Lotus/Weapons/Tenno/Melee/MeleeTrees/IronPhoenixMeleeTree),Fusion Moa (BipedRobot/AIWeek/SuperMoaBiped),,,,,,,,,,,,,,,,,,,,,,,,,,,,,,,,,,,,,,,,,,,,,,,,,,,,,,,,,,,,,,,,,,,,
Tranquil Cleave(/Lotus/Weapons/Tenno/Melee/MeleeTrees/KatanaCmbOneMeleeTree),,,,,,,,,,,,,,,,,,,,,,,,,,,,,,,,,,,,,,,,,,,,,,,,,,,,,,,,,,,,,,,,,,,,,
Sundering Weave(/Lotus/Weapons/Tenno/Melee/MeleeTrees/MacheteCmbOneMeleeTree),Scorpion (AIWeek/MacheteWoman),,,,,,,,,,,,,,,,,,,,,,,,,,,,,,,,,,,,,,,,,,,,,,,,,,,,,,,,,,,,,,,,,,,,
Shimmering Blight(/Lotus/Weapons/Tenno/Melee/MeleeTrees/PolearmCmbOneMeleeTree),Scorch (AIWeek/FlameLancer),,,,,,,,,,,,,,,,,,,,,,,,,,,,,,,,,,,,,,,,,,,,,,,,,,,,,,,,,,,,,,,,,,,,
Bleeding Willow(/Lotus/Weapons/Tenno/Melee/MeleeTrees/PolearmCmbTwoMeleeTree),Sergeant Nef Anyo (Spaceman/Vip/SniperBoss),,,,,,,,,,,,,,,,,,,,,,,,,,,,,,,,,,,,,,,,,,,,,,,,,,,,,,,,,,,,,,,,,,,,
Grim Fury(/Lotus/Weapons/Tenno/Melee/MeleeTrees/PunchKickCmbOneMeleeTree),Crewman (Spaceman/AIWeek/ShotgunSpaceman),,,,,,,,,,,,,,,,,,,,,,,,,,,,,,,,,,,,,,,,,,,,,,,,,,,,,,,,,,,,,,,,,,,,
Brutal Tide(/Lotus/Weapons/Tenno/Melee/MeleeTrees/PunchKickCmbTwoMeleeTree),Corpus Tech (Spaceman/AIWeek/DeployableSpaceman),,,,,,,,,,,,,,,,,,,,,,,,,,,,,,,,,,,,,,,,,,,,,,,,,,,,,,,,,,,,,,,,,,,,
Reaping Spiral(/Lotus/Weapons/Tenno/Melee/MeleeTrees/ScytheCmbOneMeleeTree),,,,,,,,,,,,,,,,,,,,,,,,,,,,,,,,,,,,,,,,,,,,,,,,,,,,,,,,,,,,,,,,,,,,,
Stalking Fan(/Lotus/Weapons/Tenno/Melee/MeleeTrees/ScytheCmbTwoMeleeTree),General Sargas Ruk (Vip/SargasRuk/SargasRukNew),,,,,,,,,,,,,,,,,,,,,,,,,,,,,,,,,,,,,,,,,,,,,,,,,,,,,,,,,,,,,,,,,,,,
Clashing Forest(/Lotus/Weapons/Tenno/Melee/MeleeTrees/StaffCmbOneMeleeTree),Elite Crewman (Spaceman/EliteSpaceman),,,,,,,,,,,,,,,,,,,,,,,,,,,,,,,,,,,,,,,,,,,,,,,,,,,,,,,,,,,,,,,,,,,,
Flailing Branch(/Lotus/Weapons/Tenno/Melee/MeleeTrees/StaffCmbTwoMeleeTree),,,,,,,,,,,,,,,,,,,,,,,,,,,,,,,,,,,,,,,,,,,,,,,,,,,,,,,,,,,,,,,,,,,,,
Burning Wasp(/Lotus/Weapons/Tenno/Melee/MeleeTrees/WhipCmbOneMeleeTree),SpecialEvents/ForestDrone,Regulator (SpecialEvents/SurveillanceDrone),,,,,,,,,,,,,,,,,,,,,,,,,,,,,,,,,,,,,,,,,,,,,,,,,,,,,,,,,,,,,,,,,,,
Coiling Viper(/Lotus/Weapons/Tenno/Melee/MeleeTrees/WhipCmbTwoMeleeTree),Leech Osprey (Drones/AIWeek/LeechDrone),,,,,,,,,,,,,,,,,,,,,,,,,,,,,,,,,,,,,,,,,,,,,,,,,,,,,,,,,,,,,,,,,,,,
