Name,Category,In Market,Tradeable,Credit Price,Plat Price,Expiry
Golem Nav Coordinate,MiscItems,NO,NO,?,?,
/Lotus/Types/Items/MiscItems/ClanCreatorStoreItem,MiscItems,NO,NO,?,?,
Nav Coordinate,MiscItems,NO,NO,?,?,
Void Carry,Upgrades,NO,YES,?,?,
Void Lure,Upgrades,NO,YES,?,?,
Repel,Upgrades,NO,YES,?,?,
Deja Vu,Upgrades,NO,YES,?,?,
Invisibility,Upgrades,NO,YES,?,?,
/Lotus/Powersuits/AntiMatter/AntiMatterDropAbilityCardStoreItem,Upgrades,NO,YES,?,?,
Sound Quake,Upgrades,NO,YES,?,?,
/Lotus/Powersuits/AntiMatter/NullStarAbilityCardStoreItem,Upgrades,NO,YES,?,?,
Sound Quake,Upgrades,NO,YES,?,?,
Silence,Upgrades,NO,YES,?,?,
Sound Quake,Upgrades,NO,YES,?,?,
Sonic Boom,Upgrades,NO,YES,?,?,
Sonar,Upgrades,NO,YES,?,?,
Warcry,Upgrades,NO,YES,?,?,
Rip Line,Upgrades,NO,YES,?,?,
Hysteria,Upgrades,NO,YES,?,?,
Paralysis,Upgrades,NO,YES,?,?,
World On Fire,Upgrades,NO,YES,?,?,
Fireball,Upgrades,NO,YES,?,?,
Fire Blast,Upgrades,NO,YES,?,?,
Accelerant,Upgrades,NO,YES,?,?,
Radial Blind,Upgrades,NO,YES,?,?,
Radial Javelin,Upgrades,NO,YES,?,?,
Slash Dash,Upgrades,NO,YES,?,?,
Super Jump,Upgrades,NO,YES,?,?,
Avalanche,Upgrades,NO,YES,?,?,
Snow Globe,Upgrades,NO,YES,?,?,
Ice Wave,Upgrades,NO,YES,?,?,
Freeze,Upgrades,NO,YES,?,?,
Chaos,Upgrades,NO,YES,?,?,
Psychic Bolts,Upgrades,NO,YES,?,?,
Mind Control,Upgrades,NO,YES,?,?,
Absorb,Upgrades,NO,YES,?,?,
Decoy,Upgrades,NO,YES,?,?,
Radial Disarm,Upgrades,NO,YES,?,?,
Invisibility,Upgrades,NO,YES,?,?,
Switch Teleport,Upgrades,NO,YES,?,?,
Bullet Attractor,Upgrades,NO,YES,?,?,
Crush,Upgrades,NO,YES,?,?,
Pull,Upgrades,NO,YES,?,?,
Shield Polarize,Upgrades,NO,YES,?,?,
Shadows of the Dead,Upgrades,NO,YES,?,?,
Desecrate,Upgrades,NO,YES,?,?,
/Lotus/Powersuits/Necro/SoulPunchAbilityCardStoreItem,Upgrades,NO,YES,?,?,
Terrify,Upgrades,NO,YES,?,?,
Shuriken,Upgrades,NO,YES,?,?,
Blade Storm,Upgrades,NO,YES,?,?,
Smoke Screen,Upgrades,NO,YES,?,?,
Teleport,Upgrades,NO,YES,?,?,
Reckoning,Upgrades,NO,YES,?,?,
Renewal,Upgrades,NO,YES,?,?,
Smite,Upgrades,NO,YES,?,?,
Hallowed Ground,Upgrades,NO,YES,?,?,
Radial Blast,Upgrades,NO,YES,?,?,
Iron Skin,Upgrades,NO,YES,?,?,
Roar,Upgrades,NO,YES,?,?,
Rhino Charge,Upgrades,NO,YES,?,?,
Rhino Stomp,Upgrades,NO,YES,?,?,
Miasma,Upgrades,NO,YES,?,?,
Venom,Upgrades,NO,YES,?,?,
Molt,Upgrades,NO,YES,?,?,
Contagion,Upgrades,NO,YES,?,?,
Miasma,Upgrades,NO,YES,?,?,
Miasma,Upgrades,NO,YES,?,?,
Miasma,Upgrades,NO,YES,?,?,
Miasma,Upgrades,NO,YES,?,?,
Bounce,Upgrades,NO,YES,?,?,
Bastille,Upgrades,NO,YES,?,?,
Vortex,Upgrades,NO,YES,?,?,
Tesla,Upgrades,NO,YES,?,?,
Blessing,Upgrades,NO,YES,?,?,
Energy Vampire,Upgrades,NO,YES,?,?,
Link,Upgrades,NO,YES,?,?,
Well Of Life,Upgrades,NO,YES,?,?,
Overload,Upgrades,NO,YES,?,?,
Electric Shield,Upgrades,NO,YES,?,?,
Shock,Upgrades,NO,YES,?,?,
Speed,Upgrades,NO,YES,?,?,
Affinity Booster,Boosters,YES,NO,?,?,
Credit Booster,Boosters,YES,NO,?,?,
Drop Chance Booster,Boosters,NO,NO,?,?,
Mod Drop Chance Booster,Boosters,NO,NO,?,?,
Renown Booster,Boosters,YES,NO,?,?,
Resource Booster,Boosters,YES,NO,?,?,
Resource Drop Chance Booster,Boosters,YES,NO,?,?,
Revive Booster,Boosters,NO,NO,?,?,
Nova,Suits,YES,NO,?,375,
Ash,Suits,YES,NO,?,375,
Banshee,Suits,YES,NO,?,225,
Valkyr,Suits,YES,NO,?,300,
Ember Prime,Suits,NO,NO,?,375,
Ember,Suits,YES,NO,?,225,
Excalibur Prime,Suits,NO,NO,?,10000000,
Excalibur,Suits,YES,NO,?,75,
Frost Prime,Suits,NO,NO,?,375,
Frost,Suits,YES,NO,?,375,
Nyx,Suits,YES,NO,?,225,
Loki,Suits,YES,NO,?,75,
Mag Prime,Suits,NO,NO,?,?,
Mag,Suits,YES,NO,?,175,
Nekros,Suits,YES,NO,?,375,
Oberon,Suits,YES,NO,?,325,
Rhino Prime,Suits,NO,NO,?,?,
Rhino,Suits,YES,NO,?,375,
Saryn,Suits,YES,NO,?,225,
Zephyr,Suits,YES,NO,?,275,
Vauban,Suits,YES,NO,?,300,
Trinity,Suits,YES,NO,?,225,
Volt,Suits,YES,NO,?,75,
Afuris Blueprint,Recipes,YES,NO,15000,?,
Placeholder,LongGuns,NO,NO,?,125,
Akbolto Blueprint,Recipes,YES,NO,15000,?,
Aklex,?,YES,NO,?,190,
Afuris,?,YES,NO,?,225,
Akbolto,?,YES,NO,?,225,
Aklato,?,YES,NO,25000,?,
Akbronco,?,YES,NO,?,225,
Twin Vipers,?,YES,NO,?,225,
Cernos,LongGuns,YES,NO,?,225,
Ballistica Blueprint,Recipes,YES,NO,40000,?,
Ballistica,?,YES,NO,?,240,
Furis,?,YES,NO,?,120,
Scindo Blueprint,Recipes,YES,NO,15000,?,
Scindo,Melee,YES,NO,?,150,
Obex,Melee,NO,NO,?,?,
Therma,LongGuns,NO,NO,?,225,
Boar Prime,LongGuns,NO,NO,?,?,
Bolto Blueprint,Recipes,YES,NO,15000,?,
Boltor,LongGuns,YES,NO,?,150,
Boltor Blueprint,Recipes,YES,NO,15000,?,
Kestrel,Melee,YES,NO,?,150,
/Lotus/Types/StoreItems/Weapons/BrassKnucklesStoreItem,Melee,YES,NO,?,125,
Braton Prime,LongGuns,NO,NO,?,?,
Bronco Prime,?,NO,NO,?,?,
Sicarus,?,YES,NO,20000,?,
Burston,LongGuns,YES,NO,?,120,
Ceramic Dagger,Melee,NO,NO,?,150,
Placeholder,LongGuns,NO,NO,?,125,
Detron,?,NO,NO,?,?,
Cestra,?,YES,NO,?,175,
Tetra,LongGuns,YES,NO,?,175,
Lecta,Melee,YES,NO,?,175,
Cronus,Melee,NO,NO,20000,?,
Bolto,?,YES,NO,?,175,
Heat Dagger,Melee,YES,NO,?,75,
Dark Dagger,Melee,NO,NO,?,150,
Dark Sword,Melee,NO,NO,?,100,
Sobek Blueprint,Recipes,YES,NO,25000,?,
Sobek,LongGuns,YES,NO,?,225,
Dual Zoren Blueprint,Recipes,YES,NO,15000,?,
Dual Zoren,Melee,YES,NO,?,175,
Dual Cleavers,Melee,YES,NO,?,225,
Dual Cestra,?,YES,NO,?,225,
Fang Blueprint,Recipes,YES,NO,20000,?,
Fang,Melee,YES,NO,?,135,
Ether Daggers Blueprint,Recipes,YES,NO,20000,?,"Wed Oct 16 20:00:00 2013"
Ether Daggers,Melee,YES,NO,?,175,"Wed Oct 16 20:00:00 2013"
Dual Ether,Melee,YES,NO,?,175,
Dual Ether Blueprint,Recipes,YES,NO,20000,?,
Dual Heat Swords,Melee,YES,NO,?,175,
Dual Ichor,Melee,NO,NO,?,?,
Dual Kamas,Melee,YES,NO,?,175,
Akmagnus,?,YES,NO,?,220,
/Lotus/Types/StoreItems/Weapons/DualShortSwordClassiqueStoreItem,Melee,YES,NO,?,?,
Dual Skana,Melee,YES,NO,?,130,
Akvasto,?,YES,NO,?,220,
Ether Reaper,Melee,YES,NO,?,230,
Ether Sword,Melee,YES,NO,?,175,
Fang Prime,Melee,NO,NO,?,?,
Fin Sword,Melee,NO,NO,?,100,
Furax,Melee,YES,NO,?,125,
Boar,LongGuns,YES,NO,?,225,"Wed Oct 16 20:00:00 2013"
Marelok,?,YES,NO,?,125,
Grinlok,LongGuns,YES,NO,?,150,
Ankyros Blueprint,Recipes,YES,NO,15000,?,
Ankyros,Melee,YES,NO,?,125,
Glaive Prime,Melee,NO,NO,?,?,
Gram,Melee,YES,NO,?,150,
Penta,LongGuns,YES,NO,?,150,
Twin Gremlins,?,YES,NO,?,190,
Placeholder,Melee,NO,NO,?,125,
Drakgoon,LongGuns,YES,NO,?,225,
Stug,?,YES,NO,?,120,
Brakk,?,NO,NO,?,?,
Jat Kittag,Melee,YES,NO,?,125,
Viper,?,YES,NO,?,75,
Karak,LongGuns,YES,NO,?,125,
Grakata Blueprint,Recipes,YES,NO,15000,?,
Grakata,LongGuns,YES,NO,?,125,
Hind Blueprint,Recipes,YES,NO,40000,?,
Hind,LongGuns,YES,NO,?,225,
Kraken,?,YES,NO,?,120,
Seer,?,NO,NO,?,?,
Vulkar,LongGuns,YES,NO,?,225,
Placeholder,LongGuns,NO,NO,?,1000,
Amphis,Melee,YES,NO,?,150,
Fragor Blueprint,Recipes,YES,NO,15000,?,
Fragor,Melee,YES,NO,?,150,
Bronco,?,YES,NO,?,190,
Heat Sword,Melee,NO,NO,?,100,
Lex,?,YES,NO,50000,?,
Gorgon,LongGuns,YES,NO,?,225,"Wed Oct 16 20:00:00 2013"
Paris,LongGuns,YES,NO,?,225,
Tysis,?,YES,NO,?,120,
Embolist,?,NO,NO,?,?,
Synapse,LongGuns,NO,NO,?,?,
Phage,LongGuns,YES,NO,?,175,
Scoliac,Melee,NO,NO,?,15000,
Jaw Sword,Melee,NO,NO,20000,?,
Skana Prime,LongGuns,NO,NO,?,125,
Obex Blueprint,Recipes,YES,NO,15000,?,
Obex,Melee,YES,NO,?,125,
/Lotus/Types/StoreItems/Weapons/KogakeBluePrintStoreItem,Recipes,YES,NO,15000,?,
Kunai,?,YES,NO,?,175,
Lato Prime,?,NO,NO,?,10000000,
Lato Vandal,?,NO,NO,1,?,
Latron Prime,LongGuns,NO,NO,?,10000000,
Glaive,Melee,YES,NO,?,150,
/Lotus/Types/StoreItems/Weapons/LongSwordClassiqueStoreItem,Melee,YES,NO,?,?,
Skana,Melee,YES,NO,?,150,
Machete,Melee,YES,NO,?,175,"Wed Oct 16 20:00:00 2013"
Magnus,?,YES,NO,?,125,
Mire,Melee,YES,NO,?,150,
Magistar,Melee,YES,NO,?,150,
Pangolin Sword,Melee,NO,NO,20000,?,
Lato,?,YES,NO,10000,?,
Plasma Sword,Melee,NO,NO,20000,?,
Orthos Blueprint,Recipes,YES,NO,20000,?,
Orthos,Melee,YES,NO,?,180,
Akbronco Prime,?,NO,NO,?,?,
Ankyros Prime,Melee,NO,NO,?,?,
Boltor Prime,LongGuns,NO,NO,?,?,
Burston Prime,LongGuns,NO,NO,?,?,
Dakra Prime,Melee,NO,NO,?,?,
Paris Prime,LongGuns,NO,NO,?,?,
Orthos Prime,Melee,NO,NO,?,?,
Hek Blueprint,Recipes,YES,NO,25000,?,
Hek,LongGuns,YES,NO,?,225,
Reaper Prime,Melee,NO,NO,?,150,
Vasto,?,YES,NO,?,190,
Braton,LongGuns,YES,NO,25000,?,
Miter,LongGuns,YES,NO,?,225,
Latron,LongGuns,YES,NO,?,225,
Strun,LongGuns,YES,NO,25000,?,
Strun Wraith,LongGuns,NO,NO,?,?,
Sicarus Prime,?,NO,NO,?,?,
Kama,Melee,YES,NO,?,160,
Skana Prime,Melee,NO,NO,?,10000000,
Snipetron,LongGuns,NO,NO,?,225,
Bo,Melee,YES,NO,?,65,
Dread,LongGuns,NO,NO,?,300,
Despair,?,NO,NO,?,250,
Hate,Melee,NO,NO,?,225,
Mk1-Braton,LongGuns,YES,NO,15000,?,
Castanas,?,YES,NO,?,175,
Soma,LongGuns,YES,NO,?,265,
Tigris,LongGuns,YES,NO,?,150,
Galatine,Melee,YES,NO,?,175,
Vectis,LongGuns,YES,NO,?,250,
Hikou,?,YES,NO,?,225,
Akstiletto,?,YES,NO,?,225,
Placeholder,?,NO,NO,?,125,
Placeholder,LongGuns,NO,NO,?,125,
Akvasto,?,NO,NO,?,250,
Twin Vipers Blueprint,Recipes,YES,NO,15000,?,
Braton Vandal,LongGuns,NO,NO,1,?,
Snipetron Vandal,LongGuns,NO,NO,?,?,
Gorgon Wraith,LongGuns,NO,NO,?,?,
Machete Wraith,Melee,NO,NO,?,?,
Wraith Twin Vipers,?,NO,NO,?,?,
Void Lens,MiscItems,YES,NO,1,?,
Elemental Lens,MiscItems,YES,NO,1,?,
Guardian Lens,MiscItems,YES,NO,1,?,
Ward Lens,MiscItems,YES,NO,1,?,
Warrior Lens,MiscItems,YES,NO,1,?,
Cicero Crisis Bronze Trophy,Recipes,NO,NO,?,?,
Cicero Crisis Gold Trophy,Recipes,NO,NO,?,?,
Cicero Crisis Silver Trophy,Recipes,NO,NO,?,?,
Gradivus Dilemma Bronze Trophy,Recipes,NO,NO,?,?,
Gradivus Dilemma Gold Trophy,Recipes,NO,NO,?,?,
Gradivus Dilemma Silver Trophy,Recipes,NO,NO,?,?,
Gradivus Dilemma Bronze Trophy,Recipes,NO,NO,?,?,
Gradivus Dilemma Gold Trophy,Recipes,NO,NO,?,?,
Gradivus Dilemma Silver Trophy,Recipes,NO,NO,?,?,
Tethra's Doom Bronze Trophy,Recipes,NO,NO,?,?,
Tethra's Doom Gold Trophy,Recipes,NO,NO,?,?,
Cicero Crisis Silver Trophy,Recipes,NO,NO,?,?,
Mutagen Mass,MiscItems,NO,NO,?,10,
Corpus Void Key Blueprint,Recipes,NO,NO,2000,?,
Detonite Injector,MiscItems,NO,NO,?,10,
Corpus Cipher,MiscItems,NO,NO,?,?,
Corpus Datamass,MiscItems,NO,NO,?,?,
Fieldron,MiscItems,NO,NO,?,10,
Alloy Plate,MiscItems,YES,NO,?,30,
Mutagen Sample,MiscItems,YES,NO,?,15,
Grustrag Bolt Release Blueprint,Recipes,NO,NO,50000,?,
Grustrag Bolt Release,MiscItems,NO,NO,?,30,
Detonite Ampule,MiscItems,YES,NO,?,15,
Circuits,MiscItems,YES,NO,?,30,
Sunlight Threshcone Extract,MiscItems,NO,NO,?,?,
Moonlight Threshcone Extract,MiscItems,NO,NO,?,?,
Control Module,MiscItems,YES,NO,?,10,
Tethra Data Fragments,MiscItems,NO,NO,?,10,
Fieldron Sample,MiscItems,YES,NO,?,15,
Ferrite,MiscItems,YES,NO,?,30,
Forma Blueprint,Recipes,NO,NO,?,?,
Forma,MiscItems,YES,NO,?,20,
Gallium,MiscItems,YES,NO,?,10,
Morphics,MiscItems,YES,NO,?,10,
Nano Spores,MiscItems,YES,NO,?,30,
Neural Sensors,MiscItems,YES,NO,?,10,
Neurodes,MiscItems,YES,NO,?,10,
Orokin Cell,MiscItems,YES,NO,?,10,
Orokin Reactor Blueprint,Recipes,NO,NO,?,?,
Oxium,MiscItems,NO,NO,?,30,
Plastids,MiscItems,YES,NO,?,30,
Polymer Bundle,MiscItems,YES,NO,?,30,
Sunlight Jadeleaf Extract,MiscItems,NO,NO,?,?,
Moonlight Jadeleaf Extract,MiscItems,NO,NO,?,?,
Rubedo,MiscItems,YES,NO,?,30,
Salvage,MiscItems,YES,NO,?,30,
Sunlight Dragonlily Extract,MiscItems,NO,NO,?,?,
Moonlight Dragonlily Extract,MiscItems,NO,NO,?,?,
Titan Extractor Prime Blueprint,Recipes,NO,NO,?,10,
Distilling Extractor Prime Blueprint,Recipes,NO,NO,1,?,
Titan Extractor Blueprint,Recipes,YES,NO,50000,?,
Distilling Extractor Blueprint,Recipes,YES,NO,50000,?,
Carrier Blueprint,Recipes,YES,NO,100000,?,
Dethcube Blueprint,Recipes,YES,NO,100000,?,
Shade Blueprint,Recipes,YES,NO,100000,?,
Wyrm Blueprint,Recipes,YES,NO,100000,?,
Ash Blueprint,Recipes,YES,NO,35000,?,
Ash Chassis Blueprint,Recipes,NO,NO,?,?,
Ash Chassis,MiscItems,NO,NO,?,?,
Ash Helmet Blueprint,Recipes,NO,NO,?,?,
Ash Helmet,MiscItems,NO,NO,?,?,
Ash Systems Blueprint,Recipes,NO,NO,?,?,
Ash Systems,MiscItems,NO,NO,?,?,
Banshee Blueprint,Recipes,NO,NO,35000,?,
Banshee Chassis Blueprint,Recipes,NO,NO,35000,?,
Banshee Chassis,MiscItems,NO,NO,?,?,
Banshee Helmet Blueprint,Recipes,NO,NO,35000,?,
Banshee Helmet,MiscItems,NO,NO,?,?,
Banshee Systems Blueprint,Recipes,NO,NO,35000,?,
Banshee Systems,MiscItems,NO,NO,?,?,
Valkyr Blueprint,Recipes,YES,NO,35000,?,
Valkyr Chassis Blueprint,Recipes,NO,NO,35000,?,
Valkyr Chassis,MiscItems,NO,NO,?,?,
Valkyr Helmet Blueprint,Recipes,NO,NO,35000,?,
Valkyr Helmet,MiscItems,NO,NO,?,?,
Valkyr Systems Blueprint,Recipes,NO,NO,35000,?,
Valkyr Systems,MiscItems,NO,NO,?,?,
Ember Blueprint,Recipes,YES,NO,25000,?,
Ember Chassis Blueprint,Recipes,NO,NO,?,?,
Ember Chassis,MiscItems,NO,NO,?,?,
Ember Helmet Blueprint,Recipes,NO,NO,?,?,
Ember Helmet,MiscItems,NO,NO,?,?,
Ember Prime Chassis,MiscItems,NO,NO,?,?,
Ember Prime Helmet,MiscItems,NO,NO,?,?,
Ember Prime Systems,MiscItems,NO,NO,?,?,
Ember Systems Blueprint,Recipes,NO,NO,?,?,
Ember Systems,MiscItems,NO,NO,?,?,
Excalibur Blueprint,Recipes,YES,NO,35000,?,
Excalibur Chassis Blueprint,Recipes,NO,NO,?,?,
Excalibur Chassis,MiscItems,NO,NO,?,?,
Excalibur Helmet Blueprint,Recipes,NO,NO,?,?,
Excalibur Helmet,MiscItems,NO,NO,?,?,
Excalibur Systems Blueprint,Recipes,NO,NO,?,?,
Excalibur Systems,MiscItems,NO,NO,?,?,
Frost Blueprint,Recipes,YES,NO,25000,?,
Frost Chassis Blueprint,Recipes,NO,NO,?,?,
Frost Chassis,MiscItems,NO,NO,?,?,
Frost Helmet Blueprint,Recipes,NO,NO,?,?,
Frost Helmet,MiscItems,NO,NO,?,?,
Frost Prime Blueprint,Recipes,NO,YES,25000,?,
Frost Prime Chassis Blueprint,Recipes,NO,YES,?,?,
Frost Prime Chassis,MiscItems,NO,NO,?,?,
Frost Prime Helmet Blueprint,Recipes,NO,YES,?,?,
Frost Prime Helmet,MiscItems,NO,NO,?,?,
Frost Prime Systems Blueprint,Recipes,NO,YES,?,?,
Frost Prime Systems,MiscItems,NO,NO,?,?,
Frost Systems Blueprint,Recipes,NO,NO,?,?,
Frost Systems,MiscItems,NO,NO,?,?,
Loki Blueprint,Recipes,YES,NO,35000,?,
Loki Chassis Blueprint,Recipes,NO,NO,?,?,
Loki Chassis,MiscItems,NO,NO,?,?,
Loki Helmet Blueprint,Recipes,NO,NO,?,?,
Loki Helmet,MiscItems,NO,NO,?,?,
Loki Systems Blueprint,Recipes,NO,NO,?,?,
Loki Systems,MiscItems,NO,NO,?,?,
Mag Blueprint,Recipes,YES,NO,25000,?,
Mag Chassis Blueprint,Recipes,NO,NO,?,?,
Mag Chassis,MiscItems,NO,NO,?,?,
Mag Helmet Blueprint,Recipes,NO,NO,?,?,
Mag Helmet,MiscItems,NO,NO,?,?,
Mag Prime Blueprint,Recipes,NO,YES,25000,?,
Mag Prime Chassis Blueprint,Recipes,NO,YES,?,?,
Mag Prime Chassis,MiscItems,NO,NO,?,?,
Mag Prime Helmet Blueprint,Recipes,NO,YES,?,?,
Mag Prime Helmet,MiscItems,NO,NO,?,?,
Mag Prime Systems Blueprint,Recipes,NO,YES,?,?,
Mag Prime Systems,MiscItems,NO,NO,?,?,
Mag Systems Blueprint,Recipes,NO,NO,?,?,
Mag Systems,MiscItems,NO,NO,?,?,
Nekros Blueprint,Recipes,YES,NO,100000,?,
Nekros Chassis Blueprint,Recipes,NO,NO,?,?,
Nekros Chassis,MiscItems,NO,NO,?,?,
Nekros Helmet Blueprint,Recipes,NO,NO,?,?,
Nekros Helmet,MiscItems,NO,NO,?,?,
Nekros Systems Blueprint,Recipes,NO,NO,?,?,
Nekros Systems,MiscItems,NO,NO,?,?,
Nova Blueprint,Recipes,YES,NO,35000,?,
Nova Chassis Blueprint,Recipes,NO,NO,?,?,
Nova Chassis,MiscItems,NO,NO,?,?,
Nova Helmet Blueprint,Recipes,NO,NO,?,?,
Nova Helmet,MiscItems,NO,NO,?,?,
Nova Systems Blueprint,Recipes,NO,NO,?,?,
Nova Systems,MiscItems,NO,NO,?,?,
Nyx Blueprint,Recipes,YES,NO,25000,?,
Nyx Chassis Blueprint,Recipes,NO,NO,?,?,
Nyx Chassis,MiscItems,NO,NO,?,?,
Nyx Helmet Blueprint,Recipes,NO,NO,?,?,
Nyx Helmet,MiscItems,NO,NO,?,?,
Nyx Systems Blueprint,Recipes,NO,NO,?,?,
Nyx Systems,MiscItems,NO,NO,?,?,
Oberon Blueprint,Recipes,YES,NO,30000,?,
Oberon Chassis Blueprint,Recipes,NO,NO,?,?,
Oberon Chassis,MiscItems,NO,NO,?,?,
Oberon Helmet Blueprint,Recipes,NO,NO,?,?,
Oberon Helmet,MiscItems,NO,NO,?,?,
Oberon Systems Blueprint,Recipes,NO,NO,?,?,
Oberon Systems,MiscItems,NO,NO,?,?,
Rhino Blueprint,Recipes,YES,NO,35000,?,
Rhino Chassis Blueprint,Recipes,NO,NO,?,?,
Rhino Chassis,MiscItems,NO,NO,?,?,
Rhino Helmet Blueprint,Recipes,NO,NO,?,?,
Rhino Helmet,MiscItems,NO,NO,?,?,
Rhino Prime Blueprint,Recipes,NO,YES,25000,?,
Rhino Prime Chassis Blueprint,Recipes,NO,YES,?,?,
Rhino Prime Chassis,MiscItems,NO,NO,?,?,
Rhino Prime Helmet Blueprint,Recipes,NO,YES,?,?,
Rhino Prime Helmet,MiscItems,NO,NO,?,?,
Rhino Prime Systems Blueprint,Recipes,NO,YES,?,?,
Rhino Prime Systems,MiscItems,NO,NO,?,?,
Rhino Systems Blueprint,Recipes,NO,NO,?,?,
Rhino Systems,MiscItems,NO,NO,?,?,
Saryn Blueprint,Recipes,YES,NO,35000,?,
Saryn Chassis Blueprint,Recipes,NO,NO,?,?,
Saryn Chassis,MiscItems,NO,NO,?,?,
Saryn Helmet Blueprint,Recipes,NO,NO,?,?,
Saryn Helmet,MiscItems,NO,NO,?,?,
Saryn Systems Blueprint,Recipes,NO,NO,?,?,
Saryn Systems,MiscItems,NO,NO,?,?,
Zephyr Blueprint,Recipes,NO,NO,35000,?,
Zephyr Chassis Blueprint,Recipes,NO,NO,35000,?,
Zephyr Chassis,MiscItems,NO,NO,?,?,
Zephyr Helmet Blueprint,Recipes,NO,NO,35000,?,
Zephyr Helmet,MiscItems,NO,NO,?,?,
Zephyr Systems Blueprint,Recipes,NO,NO,35000,?,
Zephyr Systems,MiscItems,NO,NO,?,?,
Vauban Blueprint,Recipes,YES,NO,35000,?,
Vauban Chassis Blueprint,Recipes,NO,NO,?,?,
Vauban Chassis,MiscItems,NO,NO,?,?,
Vauban Helmet Blueprint,Recipes,NO,NO,?,?,
Vauban Helmet,MiscItems,NO,NO,?,?,
Vauban Systems Blueprint,Recipes,NO,NO,?,?,
Vauban Systems,MiscItems,NO,NO,?,?,
Trinity Blueprint,Recipes,YES,NO,25000,?,
Trinity Chassis Blueprint,Recipes,NO,NO,?,?,
Trinity Chassis,MiscItems,NO,NO,?,?,
Trinity Helmet Blueprint,Recipes,NO,NO,?,?,
Trinity Helmet,MiscItems,NO,NO,?,?,
Trinity Systems Blueprint,Recipes,NO,NO,?,?,
Trinity Systems,MiscItems,NO,NO,?,?,
Volt Blueprint,Recipes,NO,NO,35000,?,
Volt Chassis Blueprint,Recipes,NO,NO,?,?,
Volt Chassis,MiscItems,NO,NO,?,?,
Volt Helmet Blueprint,Recipes,NO,NO,?,?,
Volt Helmet,MiscItems,NO,NO,?,?,
Volt Systems Blueprint,Recipes,NO,NO,?,?,
Volt Systems,MiscItems,NO,NO,?,?,
Boar Prime Blueprint,Recipes,NO,YES,?,?,
Boltor Prime Blueprint,Recipes,NO,YES,?,1,
Paris Prime Blueprint,Recipes,NO,YES,?,?,
Braton Prime Blueprint,Recipes,NO,YES,?,?,
Bronco Blueprint,Recipes,YES,NO,15000,?,
Bronco Prime Blueprint,Recipes,NO,YES,?,?,
Burston Blueprint,Recipes,YES,NO,15000,?,
Detron Blueprint,Recipes,NO,NO,?,?,
Detron Blueprint,Recipes,NO,NO,?,?,
Akbronco Blueprint,Recipes,YES,NO,20000,?,
Dual Cleavers Blueprint,Recipes,YES,NO,25000,?,
Akmagnus Blueprint,Recipes,YES,NO,50000,?,
Dual Skana Blueprint,Recipes,YES,NO,25000,?,
Akvasto Blueprint,Recipes,YES,NO,50000,?,
Ether Reaper Blueprint,Recipes,YES,NO,50000,?,
Ether Sword Blueprint,Recipes,YES,NO,20000,?,
Fang Prime Blueprint,Recipes,NO,YES,?,?,
Furax Blueprint,Recipes,YES,NO,15000,?,
Furis Blueprint,Recipes,YES,NO,15000,?,
Gorgon Blueprint,Recipes,YES,NO,25000,?,"Wed Oct 16 20:00:00 2013"
Twin Gremlins Blueprint,Recipes,NO,NO,?,?,
Brakk Blueprint,Recipes,NO,NO,?,?,
Vulkar Blueprint,Recipes,YES,NO,20000,?,
Kunai Blueprint,Recipes,YES,NO,15000,?,
Latron Blueprint,Recipes,YES,NO,20000,?,
Latron Prime Blueprint,Recipes,NO,YES,?,?,
Machete Blueprint,Recipes,YES,NO,25000,?,"Wed Oct 16 20:00:00 2013"
Miter Blueprint,Recipes,NO,NO,?,?,
Orthos Prime Blueprint,Recipes,NO,YES,?,?,
Dakra Prime Blueprint,Recipes,NO,YES,?,?,
Reaper Prime Blueprint,Recipes,NO,YES,?,?,
Vasto Blueprint,Recipes,YES,NO,30000,?,
Skana Blueprint,Recipes,YES,NO,15000,?,
Snipetron Blueprint,Recipes,NO,NO,20000,?,
Bo Blueprint,Recipes,YES,NO,15000,?,
Dread Blueprint,Recipes,NO,NO,?,?,
Despair Blueprint,Recipes,NO,NO,?,?,
Hate Blueprint,Recipes,NO,NO,?,?,
Boar Blueprint,Recipes,YES,NO,15000,?,"Wed Oct 16 20:00:00 2013"
Soma Blueprint,Recipes,YES,NO,50000,?,
Tigris Blueprint,Recipes,YES,NO,40000,?,
Hikou Blueprint,Recipes,YES,NO,15000,?,
Seer Blueprint,Recipes,NO,NO,?,?,
Codex Scanner,Consumables,YES,NO,500,?,
Fatal Attraction,Upgrades,NO,YES,?,?,
Striker,Upgrades,NO,YES,?,?,
Coolant Leak,Upgrades,NO,YES,?,?,
Crowd Dispersion,Upgrades,NO,YES,5000,2,
Ghost,Upgrades,NO,YES,5000,2,
Guardian,Upgrades,NO,YES,5000,2,
Vacuum,Upgrades,NO,YES,?,?,
Looter,Upgrades,NO,NO,?,?,
Regen,Upgrades,NO,YES,5000,2,
Revenge,Upgrades,NO,YES,5000,2,
Sacrifice,Upgrades,NO,NO,?,?,
Sanctuary,Upgrades,NO,YES,?,?,
Swift Deth,Upgrades,NO,YES,?,?,
Thumper,Upgrades,NO,YES,?,?,
Vaporize,Upgrades,NO,YES,?,?,
Warrior,Upgrades,NO,YES,5000,2,
Nova Agile Animation Set,WeaponSkins,NO,NO,?,75,
Nova Noble Animation Set,WeaponSkins,NO,NO,?,75,
Saryn Agile Animation Set,WeaponSkins,NO,NO,?,75,
Saryn Noble Animation Set,WeaponSkins,NO,NO,?,75,
Valkyr Agile Animation Set,WeaponSkins,NO,NO,?,75,
Valkyr Noble Animation Set,WeaponSkins,NO,NO,?,75,
Banshee Agile Animation Set,WeaponSkins,NO,NO,?,75,
Banshee Noble Animation Set,WeaponSkins,NO,NO,?,75,
Ember Agile Animation Set,WeaponSkins,NO,NO,?,75,
Ember Noble Animation Set,WeaponSkins,NO,NO,?,75,
Excalibur Agile Animation Set,WeaponSkins,NO,NO,?,75,
Excalibur Noble Animation Set,WeaponSkins,NO,NO,?,75,
Frost Agile Animation Set,WeaponSkins,NO,NO,?,75,
Frost Noble Animation Set,WeaponSkins,NO,NO,?,75,
Nyx Agile Animation Set,WeaponSkins,NO,NO,?,75,
Nyx Noble Animation Set,WeaponSkins,NO,NO,?,75,
Loki Agile Animation Set,WeaponSkins,NO,NO,?,75,
Loki Noble Animation Set,WeaponSkins,NO,NO,?,75,
Mag Agile Animation Set,WeaponSkins,NO,NO,?,75,
Mag Noble Animation Set,WeaponSkins,NO,NO,?,75,
Nekros Agile Animations,WeaponSkins,NO,NO,?,75,
Nekros Noble Animations,WeaponSkins,NO,NO,?,75,
Ash Agile Animation Set,WeaponSkins,NO,NO,?,75,
Ash Noble Animation Set,WeaponSkins,NO,NO,?,75,
Oberon Agile Animation Set,WeaponSkins,NO,NO,?,75,
Oberon Noble Animation Set,WeaponSkins,NO,NO,?,75,
Rhino Agile Animation Set,WeaponSkins,NO,NO,?,75,
Rhino Noble Animation Set,WeaponSkins,NO,NO,?,75,
Zephyr Agile Animation Set,WeaponSkins,NO,NO,?,75,
Zephyr Noble Animation Set,WeaponSkins,NO,NO,?,75,
Vauban Agile Animation Set,WeaponSkins,NO,NO,?,75,
Vauban Noble Animation Set,WeaponSkins,NO,NO,?,75,
Trinity Agile Animation Set,WeaponSkins,NO,NO,?,75,
Trinity Noble Animation Set,WeaponSkins,NO,NO,?,75,
Volt Agile Animation Set,WeaponSkins,NO,NO,?,75,
Volt Noble Animation Set,WeaponSkins,NO,NO,?,75,
Scorpion Ash Profile Icon,FlavourItems,NO,NO,20000,26,
Ash Profile Icon,FlavourItems,NO,NO,20000,26,
Ash Profile Icon,FlavourItems,NO,NO,20000,26,
Locust Ash Profile Icon,FlavourItems,NO,NO,20000,26,
Locust Ash Profile Icon,FlavourItems,NO,NO,20000,26,
Scorpion Ash Profile Icon,FlavourItems,NO,NO,20000,26,
Banshee Profile Icon,FlavourItems,NO,NO,20000,26,
Chorus Banshee Profile Icon,FlavourItems,NO,NO,20000,26,
Chorus Banshee Profile Icon,FlavourItems,NO,NO,20000,26,
Banshee Profile Icon,FlavourItems,NO,NO,20000,26,
Reverb Banshee Profile Icon,FlavourItems,NO,NO,20000,26,
Reverb Banshee Profile Icon,FlavourItems,NO,NO,20000,26,
Backdraft Ember Profile Icon,FlavourItems,NO,NO,20000,26,
Backdraft Ember Profile Icon,FlavourItems,NO,NO,20000,26,
Ember Profile Icon,FlavourItems,NO,NO,20000,26,
Ember Profile Icon,FlavourItems,NO,NO,20000,26,
Pheonix Ember Profile Icon,FlavourItems,NO,NO,20000,26,
Pheonix Ember Profile Icon,FlavourItems,NO,NO,20000,26,
Ember Prime Profile Icon,FlavourItems,NO,NO,20000,26,
Ember Prime Profile Icon,FlavourItems,NO,NO,20000,26,
Avalon Excalibur Profile Icon,FlavourItems,NO,NO,20000,26,
Avalon Excalibur Profile Icon,FlavourItems,NO,NO,20000,26,
Excalibur Profile Icon,FlavourItems,NO,NO,20000,26,
Excalibur Profile Icon,FlavourItems,NO,NO,20000,26,
Pendragon Excalibur Profile Icon,FlavourItems,NO,NO,20000,26,
Pendragon Excalibur Profile Icon,FlavourItems,NO,NO,20000,26,
Excalibur Prime Profile Icon,FlavourItems,NO,NO,20000,26,
Excalibur Prime Profile Icon,FlavourItems,NO,NO,20000,26,
Aurora Frost Profile Icon,FlavourItems,NO,NO,20000,26,
Aurora Frost Profile Icon,FlavourItems,NO,NO,20000,26,
Frost Profile Icon,FlavourItems,NO,NO,20000,26,
Frost Profile Icon,FlavourItems,NO,NO,20000,26,
Frost Prime Profile Icon,FlavourItems,NO,NO,20000,26,
Frost Prime Profile Icon,FlavourItems,NO,NO,20000,26,
Squall Frost Profile Icon,FlavourItems,NO,NO,20000,26,
Squall Frost Profile Icon,FlavourItems,NO,NO,20000,26,
Excalibur profile icon,FlavourItems,NO,NO,20000,26,
Volt profile icon,FlavourItems,NO,NO,20000,27,
Trinity profile icon,FlavourItems,NO,NO,20000,26,
Rhino profile icon,FlavourItems,NO,NO,20000,27,
Mag profile icon,FlavourItems,NO,NO,20000,26,
Ash profile icon,FlavourItems,NO,NO,20000,27,
Ember profile icon,FlavourItems,NO,NO,20000,26,
Loki profile icon,FlavourItems,NO,NO,20000,27,
Loki profile icon,FlavourItems,NO,NO,20000,27,
Profile Icon Pack 1,Packages,NO,NO,25000,20,
Profile Icon Pack 2,Packages,NO,NO,25000,20,
Loki Profile Icon,FlavourItems,NO,NO,20000,26,
Loki Profile Icon,FlavourItems,NO,NO,20000,26,
Essence Loki Profile Icon,FlavourItems,NO,NO,20000,26,
Essence Loki Profile Icon,FlavourItems,NO,NO,20000,26,
Swindle Loki Profile Icon,FlavourItems,NO,NO,20000,26,
Swindle Loki Profile Icon,FlavourItems,NO,NO,20000,26,
Mag Profile Icon,FlavourItems,NO,NO,20000,26,
Coil Mag Profile Icon,FlavourItems,NO,NO,20000,26,
Coil Mag Profile Icon,FlavourItems,NO,NO,20000,26,
Mag Profile Icon,FlavourItems,NO,NO,20000,26,
Gauss Mag Profile Icon,FlavourItems,NO,NO,20000,26,
Gauss Mag Profile Icon,FlavourItems,NO,NO,20000,26,
Mag Prime Profile Icon,FlavourItems,NO,NO,20000,26,
Mag Prime Profile Icon,FlavourItems,NO,NO,20000,26,
Raknis Nekros Profile Icon,FlavourItems,NO,NO,20000,26,
Raknis Nekros Profile Icon,FlavourItems,NO,NO,20000,26,
Nekros Profile Icon,FlavourItems,NO,NO,20000,26,
Nekros Profile Icon,FlavourItems,NO,NO,20000,26,
Shroud Nekros Profile Icon,FlavourItems,NO,NO,20000,26,
Shroud Nekros Profile Icon,FlavourItems,NO,NO,20000,26,
Nova Profile Icon,FlavourItems,NO,NO,20000,26,
Nova Profile Icon,FlavourItems,NO,NO,20000,26,
Flux Nova Profile Icon,FlavourItems,NO,NO,20000,26,
Flux Nova Profile Icon,FlavourItems,NO,NO,20000,26,
Quantum Nova Profile Icon,FlavourItems,NO,NO,20000,26,
Quantum Nova Profile Icon,FlavourItems,NO,NO,20000,26,
Nyx Profile Icon,FlavourItems,NO,NO,20000,26,
Nyx Profile Icon,FlavourItems,NO,NO,20000,26,
Menticide Nyx Profile Icon,FlavourItems,NO,NO,20000,26,
Menticide Nyx Profile Icon,FlavourItems,NO,NO,20000,26,
Vespa Nyx Profile Icon,FlavourItems,NO,NO,20000,26,
Vespa Nyx Profile Icon,FlavourItems,NO,NO,20000,26,
Oryx Oberon Profile Icon,FlavourItems,NO,NO,20000,26,
Oryx Oberon Profile Icon,FlavourItems,NO,NO,20000,26,
Oberon Profile Icon,FlavourItems,NO,NO,20000,26,
Oberon Profile Icon,FlavourItems,NO,NO,20000,26,
Markhor Oberon Profile Icon,FlavourItems,NO,NO,20000,26,
Markhor Oberon Profile Icon,FlavourItems,NO,NO,20000,26,
Ash Profile Icon Pack,Packages,YES,NO,?,30,
Locust Ash Profile Icon Pack,Packages,YES,NO,?,15,
Banshee Profile Icon Pack,Packages,YES,NO,?,30,
Chorus Banshee Profile Icon Pack,Packages,YES,NO,?,15,
Ember Profile Icon Pack,Packages,YES,NO,?,30,
Backdraft Ember Profile Icon Pack,Packages,YES,NO,?,15,
Excalibur Profile Icon Pack,Packages,YES,NO,?,30,
Pendragon Excalibur Profile Icon Pack,Packages,YES,NO,?,15,
Frost Profile Icon Pack,Packages,YES,NO,?,30,
Frost Prime Profile Icon Pack,Packages,YES,NO,?,15,
Squall Frost Profile Icon Pack,Packages,YES,NO,?,15,
Loki Profile Icon Pack,Packages,YES,NO,?,30,
Swindle Loki Profile Icon Pack,Packages,YES,NO,?,15,
Mag Profile Icon Pack,Packages,YES,NO,?,30,
Gauss Mag Profile Icon Pack,Packages,YES,NO,?,15,
Mag Prime Profile Icon Pack,Packages,YES,NO,?,15,
Nekros Profile Icon Pack,Packages,YES,NO,?,30,
Shroud Nekros Profile Icon Pack,Packages,YES,NO,?,15,
Nova Profile Icon Pack,Packages,YES,NO,?,30,
Nova Quantum Profile Icon Pack,Packages,YES,NO,?,15,
Nyx Profile Icon Pack,Packages,YES,NO,?,30,
Vespa Nyx Profile Icon Pack,Packages,YES,NO,?,15,
Oberon Profile Icon Pack,Packages,YES,NO,?,30,
Markhor Oberon Profile Icon Pack,Packages,YES,NO,?,15,
Rhino Profile Icon Pack,Packages,YES,NO,?,30,
Vanguard Rhino Profile Icon Pack,Packages,YES,NO,?,15,
Saryn Profile Icon Pack,Packages,YES,NO,?,30,
Chlora Saryn Profile Icon Pack,Packages,YES,NO,?,15,
Vauban Profile Icon Pack,Packages,YES,NO,?,30,
Gambit Vauban Profile Icon Pack,Packages,YES,NO,?,15,
Trinity Profile Icon Pack,Packages,YES,NO,?,30,
Meridian Trinity Profile Icon Pack,Packages,YES,NO,?,15,
Valkyr Profile Icon Pack,Packages,YES,NO,?,30,
Kara Valkyr Profile Icon Pack,Packages,YES,NO,?,15,
Volt Profile Icon Pack,Packages,YES,NO,?,30,
Pulse Volt Profile Icon Pack,Packages,YES,NO,?,15,
Zephyr Profile Icon Pack,Packages,YES,NO,?,30,
Rhino Profile Icon,FlavourItems,NO,NO,20000,26,
Rhino Profile Icon,FlavourItems,NO,NO,20000,26,
Rhino Prime Profile Icon,FlavourItems,NO,NO,20000,26,
Rhino Prime Profile Icon,FlavourItems,NO,NO,20000,26,
Thrak Rhino Profile Icon,FlavourItems,NO,NO,20000,26,
Thrak Rhino Profile Icon,FlavourItems,NO,NO,20000,26,
Vanguard Rhino Profile Icon,FlavourItems,NO,NO,20000,26,
Vanguard Rhino Profile Icon,FlavourItems,NO,NO,20000,26,
Saryn Profile Icon,FlavourItems,NO,NO,20000,26,
Chlora Saryn Profile Icon,FlavourItems,NO,NO,20000,26,
Chlora Saryn Profile Icon,FlavourItems,NO,NO,20000,26,
Saryn Profile Icon,FlavourItems,NO,NO,20000,26,
Hemlock Saryn Profile Icon,FlavourItems,NO,NO,20000,26,
Hemlock Saryn Profile Icon,FlavourItems,NO,NO,20000,26,
Esprit Vauban Profile Icon,FlavourItems,NO,NO,20000,26,
Esprit Vauban Profile Icon,FlavourItems,NO,NO,20000,26,
Vauban Profile Icon,FlavourItems,NO,NO,20000,26,
Vauban Profile Icon,FlavourItems,NO,NO,20000,26,
Gambit Vauban Profile Icon,FlavourItems,NO,NO,20000,26,
Gambit Vauban Profile Icon,FlavourItems,NO,NO,20000,26,
Aura Trinity Profile Icon,FlavourItems,NO,NO,20000,26,
Aura Trinity Profile Icon,FlavourItems,NO,NO,20000,26,
Trinity Profile Icon,FlavourItems,NO,NO,20000,26,
Trinity Profile Icon,FlavourItems,NO,NO,20000,26,
Meridian Trinity Profile Icon,FlavourItems,NO,NO,20000,26,
Meridian Trinity Profile Icon,FlavourItems,NO,NO,20000,26,
Bastet Valkyr Profile Icon,FlavourItems,NO,NO,20000,26,
Bastet Valkyr Profile Icon,FlavourItems,NO,NO,20000,26,
Valkyr Profile Icon,FlavourItems,NO,NO,20000,26,
Valkyr Profile Icon,FlavourItems,NO,NO,20000,26,
Kara Valkyr Profile Icon,FlavourItems,NO,NO,20000,26,
Kara Valkyr Profile Icon,FlavourItems,NO,NO,20000,26,
Volt Profile Icon,FlavourItems,NO,NO,20000,26,
Volt Profile Icon,FlavourItems,NO,NO,20000,26,
Pulse Volt Profile Icon,FlavourItems,NO,NO,20000,26,
Pulse Volt Profile Icon,FlavourItems,NO,NO,20000,26,
Storm Volt Profile Icon,FlavourItems,NO,NO,20000,26,
Storm Volt Profile Icon,FlavourItems,NO,NO,20000,26,
Zephyr Profile Icon,FlavourItems,NO,NO,20000,26,
Cierzo Zephyr Profile Icon,FlavourItems,NO,NO,20000,26,
Cierzo Zephyr Profile Icon,FlavourItems,NO,NO,20000,26,
Zephyr Profile Icon,FlavourItems,NO,NO,20000,26,
Bronze Fusion Pack,Cards,YES,NO,?,55,
Hawk Mod Pack,Cards,YES,NO,?,30,
Mod Fuser,Cards,NO,NO,?,?,
Gold Fusion Pack,Cards,YES,NO,?,80,
Dragon Mod Pack,Cards,YES,NO,?,90,
Silver Fusion Pack,Cards,YES,NO,?,70,
Phoenix Mod Pack,Cards,YES,NO,?,75,
Wolf Fusion Pack,Cards,NO,NO,?,60,
Eagle Mod Pack,Cards,YES,NO,?,60,
Eagle Mod Pack,Cards,NO,NO,?,?,
Eagle Mod Pack,Cards,NO,NO,?,?,
Fox Fusion Pack,Cards,NO,NO,?,45,
Falcon Mod Pack,Cards,YES,NO,?,45,
Cipher Blueprint,Recipes,YES,NO,500,?,
Cipher,Consumables,YES,NO,?,?,"Thu Sep 12 21:00:00 2013"
Cipher x50 Blueprint,Recipes,NO,NO,?,15,
Cipher x10 Blueprint,Recipes,YES,NO,250000,?,
Frugal Credit Bundle,CreditBundles,YES,NO,-9000,30,
Prodigal Credit Bundle,CreditBundles,NO,NO,-25000,60,
High Roller Credit Bundle,CreditBundles,YES,NO,-30000,90,
Titan Extractor Prime,Drones,NO,NO,100000,?,
Distilling Extractor Prime,Drones,NO,NO,?,?,
Titan Extractor,Drones,NO,NO,100000,?,
Distilling Extractor,Drones,NO,NO,100000,?,
Corpus Void Key,LevelKeys,NO,YES,?,?,
/Lotus/Types/StoreItems/Keys/DerelictKeyBlueprintStoreItem,Recipes,NO,NO,5000,?,
Clan Key,LevelKeys,NO,NO,?,?,
Tethra Shield Cipher Blueprint,Recipes,NO,YES,?,?,
Tower I Capture,LevelKeys,NO,YES,?,75,
Tower Ii Capture,LevelKeys,NO,YES,?,75,
Tower Iii Capture,LevelKeys,NO,YES,?,75,
Tower I Defense,LevelKeys,NO,YES,?,75,
Tower Ii Defense,LevelKeys,NO,YES,?,75,
Tower Iii Defense,LevelKeys,NO,YES,?,75,
Tower I Exterminate,LevelKeys,NO,YES,?,75,
Tower I Survival,LevelKeys,NO,YES,?,75,
Tower Ii Exterminate,LevelKeys,NO,YES,?,75,
Tower Ii Survival,LevelKeys,NO,YES,?,75,
Tower Iii Exterminate,LevelKeys,NO,YES,?,75,
Tower I Mobile Defense,LevelKeys,NO,YES,?,75,
Tower Ii Mobile Defense,LevelKeys,NO,YES,?,75,
Tower Iii Mobile Defense,LevelKeys,NO,YES,?,75,
Tower Iii Survival,LevelKeys,NO,YES,?,75,
Void Key Pack,LevelKeys,YES,YES,?,75,
Tethra Cipher Blueprint,Recipes,NO,NO,?,?,
Tower I Exterminate,LevelKeys,NO,YES,?,?,
/Lotus/Types/StoreItems/Keys/TestDarvoHyenaKeyStoreItem,LevelKeys,NO,YES,?,?,
/Lotus/Types/StoreItems/Keys/TestKeyForestDefense,LevelKeys,NO,YES,?,75,
/Lotus/Types/StoreItems/Keys/TestKeyHyenaPackBoss,LevelKeys,NO,YES,?,75,
/Lotus/Types/StoreItems/Keys/TestKeyA,LevelKeys,NO,YES,?,75,
Tethra Shield Cipher,LevelKeys,NO,NO,?,75,
/Lotus/Types/StoreItems/Keys/TestKeyCorpusToCorpusInfested,LevelKeys,NO,YES,?,75,
/Lotus/Types/StoreItems/Keys/TestKeyCorpusToGrineerTeleport,LevelKeys,NO,YES,?,75,
/Lotus/Types/StoreItems/Keys/TestKeyForestBoss,LevelKeys,NO,YES,?,75,
/Lotus/Types/StoreItems/Keys/TestKeyForestCapture,LevelKeys,NO,YES,?,75,
Cicero Injector,LevelKeys,NO,YES,?,75,
/Lotus/Types/StoreItems/Keys/TestKeyForestExtermination,LevelKeys,NO,YES,?,75,
/Lotus/Types/StoreItems/Keys/TestKeyForestMobileDefense,LevelKeys,NO,YES,?,75,
/Lotus/Types/StoreItems/Keys/TestKeyForestSurvival,LevelKeys,NO,YES,?,75,
/Lotus/Types/StoreItems/Keys/TestKeyForestTerritories,LevelKeys,NO,YES,?,75,
/Lotus/Types/StoreItems/Keys/TestKeyGasCapture,LevelKeys,NO,YES,?,75,
/Lotus/Types/StoreItems/Keys/TestKeyGasCounterIntel,LevelKeys,NO,YES,?,75,
/Lotus/Types/StoreItems/Keys/TestKeyGasDefense,LevelKeys,NO,YES,?,75,
/Lotus/Types/StoreItems/Keys/TestKeyGasExterminate,LevelKeys,NO,YES,?,75,
/Lotus/Types/StoreItems/Keys/TestKeyGasIntel,LevelKeys,NO,YES,?,75,
/Lotus/Types/StoreItems/Keys/TestKeyGasMobileDefense,LevelKeys,NO,YES,?,75,
/Lotus/Types/StoreItems/Keys/TestKeyGasRescue,LevelKeys,NO,YES,?,75,
/Lotus/Types/StoreItems/Keys/TestKeyGasSabotage,LevelKeys,NO,YES,?,75,
/Lotus/Types/StoreItems/Keys/TestKeyGasSurvival,LevelKeys,NO,YES,?,75,
/Lotus/Types/StoreItems/Keys/TestKeyGrineerGalleonBoss,LevelKeys,NO,YES,?,75,
/Lotus/Types/StoreItems/Keys/TestKeyGrineerToCorpusTorpedo,LevelKeys,NO,YES,?,75,
/Lotus/Types/StoreItems/Keys/TestKeyShipyardsBoss,LevelKeys,NO,YES,?,75,
/Lotus/Types/StoreItems/Keys/TestKeyShipyardsDefense,LevelKeys,NO,YES,?,75,
Tethra's Doom,LevelKeys,NO,YES,?,75,
/Lotus/Types/StoreItems/Keys/TestKeyShipyardsMobileDefense,LevelKeys,NO,YES,?,75,
Tethra Cipher,LevelKeys,NO,NO,?,75,
/Lotus/Types/StoreItems/Keys/TestKeyShipyardsSabotage,LevelKeys,NO,YES,?,75,
/Lotus/Types/StoreItems/Keys/TestKeyTransitional,LevelKeys,NO,YES,?,75,
/Lotus/Types/StoreItems/Keys/TestKeyTransitionalB,LevelKeys,NO,YES,?,75,
/Lotus/Types/StoreItems/Keys/TestKeyTransitionalC,LevelKeys,NO,YES,?,75,
Cicero Crisis Antidote Pack,Packages,YES,NO,?,?,
Dead Silence Pack,Packages,YES,NO,?,?,
Berserker Bundle,Packages,YES,NO,?,?,
Spearmint Scythes,Packages,NO,NO,1,?,
Color Pack: Alpha,Packages,YES,NO,?,?,
Color Pack: Beta,Packages,YES,NO,?,?,
Survival Kit,Packages,NO,NO,?,6,
Weekend Event Dethcube Deal,Packages,NO,NO,?,?,
Double Affinity Weekend Pack,Packages,NO,NO,?,?,
Volt Value Pack,Packages,YES,NO,?,?,
Female Helmet Pack,Packages,YES,NO,?,?,
Female Warframe Pack,Packages,YES,NO,?,?,
Femme Fatale Pack,Packages,YES,NO,?,?,
Stay Frosty Pack,Packages,YES,NO,?,?,
Grineer Desert Tactics Pack,Packages,YES,NO,?,?,
Forest-Camo Skin Pack,Packages,YES,NO,?,?,
Grineer Assault,Packages,YES,NO,?,?,
Day Of The Dead Lato Skin,WeaponSkins,NO,NO,?,20,"Fri Nov 01 08:00:00 2013"
Day Of The Dead Weapon Skin Pack,Packages,YES,NO,?,?,"Fri Nov 01 08:00:00 2013"
Immortal Skin Bundle,Packages,YES,NO,?,?,
Nyx Pack,Packages,YES,NO,?,?,
Loki Pack,Packages,YES,NO,?,?,
Male Helmet Pack,Packages,YES,NO,?,?,
Paladin Bundle,Packages,YES,NO,?,?,
Sentinel Accessory Pack,Packages,YES,NO,?,?,
Sentinel Accessory Pack2,Packages,YES,NO,?,?,
Coltek Sentinel Pack,Packages,YES,NO,?,?,
Pistoleer Special,Packages,YES,NO,?,?,
Wrecking Rhino Pack,Packages,YES,NO,?,?,
Complete Robotics Set,Packages,YES,NO,?,?,
Poisonous Attitude Pack,Packages,YES,NO,?,?,
What Stalker?,Packages,YES,NO,?,?,
Stealth Pack,Packages,YES,NO,?,?,
Super Charge Pack,Packages,NO,NO,?,220,
Update 12 Mega Bundle,Packages,YES,NO,?,?,
Dead Silence Pack,Packages,NO,NO,?,?,
Dead Silence Pack,Packages,NO,NO,?,?,
Update 10 Mega Bundle,Packages,YES,NO,?,?,
U12 Cosmetic Pack,Packages,YES,NO,?,?,
Vault Raider Package,Packages,NO,NO,?,?,
Placeholder,Packages,NO,NO,?,100000,
Vulkar Deal Pack,Packages,NO,NO,?,?,
Ultimate Warframe Pack,Packages,NO,NO,?,?,
Akbronco Prime Blueprint,Recipes,NO,YES,?,1,
Aklex Blueprint,Recipes,YES,NO,20000,?,
Ankyros Prime Blueprint,Recipes,NO,YES,?,1,
Cernos Blueprint,Recipes,YES,NO,20000,?,
Scorpion Ash Helmet Blueprint,Recipes,NO,NO,?,?,
Reverb Banshee Helmet Blueprint,Recipes,NO,NO,?,?,
Kestrel Blueprint,Recipes,YES,NO,20000,?,
Burston Prime Blueprint,Recipes,NO,YES,?,?,
Ceramic Dagger Blueprint,Recipes,NO,NO,?,?,
Cestra Blueprint,Recipes,YES,NO,20000,?,
Tetra Blueprint,Recipes,YES,NO,30000,?,
Lecta Blueprint,Recipes,YES,NO,30000,?,
Dagger Axe Skin Blueprint,Recipes,NO,NO,?,?,
Dark Dagger Blueprint,Recipes,NO,NO,?,?,
Dark Sword Blueprint,Recipes,NO,NO,?,?,
Orokin Derelict Capture Blueprint,Recipes,YES,NO,1500,?,
Orokin Derelict Defense Blueprint,Recipes,YES,NO,1500,?,
Orokin Derelict Exterminate Blueprint,Recipes,YES,NO,1500,?,
Orokin Derelict Survival Blueprint,Recipes,YES,NO,1500,?,
Clan Key Blueprint,Recipes,NO,NO,?,?,
Dagger Axe Skin Blueprint,Recipes,NO,NO,?,?,
Dual Heat Swords Blueprint,Recipes,YES,NO,15000,?,
Dual Kamas Blueprint,Recipes,YES,NO,40000,?,
Phoenix Ember Helmet Blueprint,Recipes,NO,NO,?,?,
Ember Prime Blueprint,Recipes,NO,YES,25000,?,
Ember Prime Chassis Blueprint,Recipes,NO,YES,?,?,
Ember Prime Helmet Blueprint,Recipes,NO,YES,?,?,
Ember Prime Systems Blueprint,Recipes,NO,YES,?,?,
Avalon Excalibur Helmet Blueprint,Recipes,NO,NO,?,?,
Aurora Frost Helmet Blueprint,Recipes,NO,NO,?,?,
Glaive Blueprint,Recipes,NO,NO,?,?,
Glaive Prime Blueprint,Recipes,NO,YES,?,?,
Orokin Derelict Assassinate Blueprint,Recipes,YES,NO,2500,?,
Gram Blueprint,Recipes,YES,NO,15000,?,
Penta Blueprint,Recipes,YES,NO,30000,?,
Drakgoon Blueprint,Recipes,YES,NO,30000,?,
Stug Blueprint,Recipes,YES,NO,20000,?,
Viper Blueprint,Recipes,YES,NO,20000,?,
Karak Blueprint,Recipes,YES,NO,30000,?,
Manticore Axe Skin Blueprint,Recipes,NO,NO,?,?,
Brokk Hammer Skin Blueprint,Recipes,NO,NO,?,?,
Kraken Blueprint,Recipes,YES,NO,20000,?,
Amphis Blueprint,Recipes,YES,NO,15000,?,
Heat Dagger Blueprint,Recipes,NO,NO,?,?,
Heat Sword Blueprint,Recipes,NO,NO,?,?,
Paris Blueprint,Recipes,YES,NO,20000,?,
Inferno Blueprint,Recipes,YES,NO,?,?,
Tysis Blueprint,Recipes,YES,NO,30000,?,
Jaw Sword Blueprint,Recipes,NO,NO,?,?,
/Lotus/Types/StoreItems/Recipes/KevinTestRecipeStoreItem,Recipes,NO,NO,1000,5,
Essence Loki Helmet Blueprint,Recipes,NO,NO,?,?,
Coil Mag Helmet Blueprint,Recipes,NO,NO,?,?,
Magnus Blueprint,Recipes,YES,NO,20000,?,
Mire Blueprint,Recipes,YES,NO,15000,?,
Mod Fuser Blueprint,Recipes,NO,NO,2500,?,
Raknis Nekros Helmet Blueprint,Recipes,NO,NO,?,?,
Shroud Nekros Helmet Blueprint,Recipes,NO,NO,?,?,
Flux Nova Helmet Blueprint,Recipes,NO,NO,?,?,
Quantum Nova Helmet Blueprint,Recipes,NO,NO,?,?,
Menticide Nyx Helmet Blueprint,Recipes,NO,NO,?,?,
Markhor Oberon Helmet Blueprint,Recipes,NO,NO,?,?,
Oryx Oberon Helmet Blueprint,Recipes,NO,NO,?,?,
Orokin Catalyst Blueprint,Recipes,NO,NO,?,?,
Orokin Catalyst,MiscItems,YES,NO,?,20,
Orokin Reactor,MiscItems,YES,NO,?,20,
Magistar Blueprint,Recipes,YES,NO,25000,?,
Pangolin Sword Blueprint,Recipes,NO,NO,?,?,
Plasma Sword Blueprint,Recipes,NO,NO,?,?,
Thrak Rhino Helmet Blueprint,Recipes,NO,NO,?,?,
Hemlock Saryn Helmet Blueprint,Recipes,NO,NO,?,?,
Sicarus Prime Blueprint,Recipes,NO,YES,?,?,
Kama Blueprint,Recipes,YES,NO,40000,?,
Galatine Blueprint,Recipes,YES,NO,25000,?,
Vectis Blueprint,Recipes,YES,NO,40000,?,
Aura Trinity Helmet Blueprint,Recipes,NO,NO,?,?,
Locust Ash Helmet Blueprint,Recipes,NO,NO,?,?,
Chorus Banshee Helmet Blueprint,Recipes,NO,NO,?,?,
Backdraft Ember Helmet Blueprint,Recipes,NO,NO,?,?,
Pendragon Excalibur Helmet Blueprint,Recipes,NO,NO,?,?,
Squall Frost Helmet Blueprint,Recipes,NO,NO,?,?,
Swindle Loki Helmet Blueprint,Recipes,NO,NO,?,?,
Gauss Mag Helmet Blueprint,Recipes,NO,NO,?,?,
Vespa Nyx Helmet Blueprint,Recipes,NO,NO,?,?,
Vanguard Rhino Helmet Blueprint,Recipes,NO,NO,?,?,
Chlora Saryn Helmet Blueprint,Recipes,NO,NO,?,?,
Meridian Trinity Helmet Blueprint,Recipes,NO,NO,?,?,
Gambit Vauban Helmet Blueprint,Recipes,NO,NO,?,?,
Pulse Volt Helmet Blueprint,Recipes,NO,NO,?,?,
Kara Valkyr Helmet Blueprint,Recipes,NO,NO,?,?,
Bastet Valkyr Helmet Blueprint,Recipes,NO,NO,?,?,
Esprit Vauban Helmet Blueprint,Recipes,NO,NO,?,?,
Storm Volt Helmet Blueprint,Recipes,NO,NO,?,?,
Cierzo Zephyr Helmet Blueprint,Recipes,NO,NO,?,?,
Burst Laser,SentinelWeapons,NO,NO,?,35,
Carrier,Sentinels,YES,NO,?,75,
Dethcube,Sentinels,YES,NO,?,75,
Deth Machine Rifle,SentinelWeapons,NO,NO,?,35,
Djinn,Sentinels,NO,NO,?,75,
Laser Rifle,SentinelWeapons,NO,NO,?,35,
Stinger,SentinelWeapons,NO,NO,?,?,
Sweeper,SentinelWeapons,NO,NO,?,?,
Shade,Sentinels,YES,NO,?,75,
Wyrm,Sentinels,YES,NO,?,75,
Gradivus: Sacrifice Emblem,WeaponSkins,NO,NO,?,10000,
Gradivus: Loyalty Emblem,WeaponSkins,NO,NO,?,10000,
Flux Nova Helmet,WeaponSkins,YES,NO,?,75,
Yomo Syandana,WeaponSkins,YES,NO,?,50,
Ash Immortal Skin,WeaponSkins,YES,NO,?,40,
Dagger Axe Skin,WeaponSkins,YES,NO,?,75,
Reverb Banshee Helmet,WeaponSkins,YES,NO,?,75,
Chorus Banshee Helmet,WeaponSkins,YES,NO,?,75,
Banshee Immortal Skin,WeaponSkins,YES,NO,?,40,
Capsule Sentinel Tail,WeaponSkins,YES,NO,?,15,
Clan Emblem,WeaponSkins,YES,NO,?,30,
Coltek Sentinel Tail,WeaponSkins,YES,NO,?,15,
Coltek Sentinel Wings,WeaponSkins,YES,NO,?,15,
Arid Fear Badge,WeaponSkins,NO,NO,?,10000,
Diamond Sentinel Wings,WeaponSkins,YES,NO,?,15,
Dome Sentinel Wings,WeaponSkins,YES,NO,?,20,
Dagger Axe Skin,WeaponSkins,YES,NO,?,75,
Phoenix Ember Helmet,WeaponSkins,YES,NO,?,75,
Backdraft Ember Helmet,WeaponSkins,YES,NO,?,75,
Ember Immortal Skin,WeaponSkins,YES,NO,?,40,
Asa Syandana,WeaponSkins,YES,NO,?,50,
Phased Asa Syandana,WeaponSkins,NO,NO,?,10000,
Avalon Excalibur Helmet,WeaponSkins,YES,NO,?,75,
Pendragon Excalibur Helmet,WeaponSkins,YES,NO,?,75,
Excalibur Immortal Skin,WeaponSkins,YES,NO,?,40,
Alabaster Skin,WeaponSkins,NO,NO,?,200,
Koi Sentinel Tail,WeaponSkins,YES,NO,?,15,
Disciple's Emblem,WeaponSkins,NO,NO,?,10000,
Grandmaster's Emblem,WeaponSkins,NO,NO,?,10000,
Hunter's Emblem,WeaponSkins,NO,NO,?,10000,
Master's Emblem,WeaponSkins,NO,NO,?,10000,
Aurora Frost Helmet,WeaponSkins,YES,NO,?,75,
Squall Frost Helmet,WeaponSkins,YES,NO,?,75,
Frost Immortal Skin,WeaponSkins,YES,NO,?,40,
Excalibur Helmet,WeaponSkins,NO,NO,?,144,
Manticore Axe Skin,WeaponSkins,YES,NO,?,75,
Coltek Sentinel Mask,WeaponSkins,YES,NO,?,30,
Brokk Hammer Skin,WeaponSkins,YES,NO,?,75,
Hunhow Sentinel Mask,WeaponSkins,YES,NO,?,15,
Emblem Of The Hunt,WeaponSkins,NO,NO,?,10000,
Mandible Mask,WeaponSkins,YES,NO,?,15,
Thorax Tail,WeaponSkins,YES,NO,?,15,
Chrysalis Wings,WeaponSkins,YES,NO,?,15,
Menticide Nyx Helmet,WeaponSkins,YES,NO,?,75,
Vespa Nyx Helmet,WeaponSkins,YES,NO,?,75,
Jet Sentinel Wings,WeaponSkins,YES,NO,?,15,
Cicero Crisis Badge,WeaponSkins,NO,NO,?,10000,
Kubrow Sentinel Mask,WeaponSkins,YES,NO,?,20,
Ghost Leader Emblem,WeaponSkins,NO,NO,?,10000,
Moon Leader Emblem,WeaponSkins,NO,NO,?,10000,
Mountain Leader Emblem,WeaponSkins,NO,NO,?,10000,
Shadow Leader Emblem,WeaponSkins,NO,NO,?,10000,
Storm Leader Emblem,WeaponSkins,NO,NO,?,10000,
Essence Loki Helmet,WeaponSkins,YES,NO,?,75,
Swindle Loki Helmet,WeaponSkins,YES,NO,?,75,
Loki Immortal Skin,WeaponSkins,YES,NO,?,40,
Lotus Sentinel Mask,WeaponSkins,YES,NO,?,30,
Coil Mag Helmet,WeaponSkins,YES,NO,?,75,
Gauss Mag Helmet,WeaponSkins,YES,NO,?,75,
Mag Immortal Skin,WeaponSkins,YES,NO,?,40,
Mech Head Sentinel Mask,WeaponSkins,YES,NO,?,30,
Nekros Immortal Skin,WeaponSkins,YES,NO,?,40,
Raknis Nekros Helmet,WeaponSkins,YES,NO,?,75,
Shroud Nekros Helmet,WeaponSkins,YES,NO,?,75,
Scorpion Ash Helmet,WeaponSkins,YES,NO,?,75,
Locust Ash Helmet,WeaponSkins,YES,NO,?,75,
Noru Prime Syandana,WeaponSkins,NO,NO,?,1000,
Nova Immortal Skin,WeaponSkins,YES,NO,?,40,
Quantum Nova Helmet,WeaponSkins,YES,NO,?,75,
Nyx Immortal Skin,WeaponSkins,YES,NO,?,40,
Oryx Oberon Helmet,WeaponSkins,YES,NO,?,75,
Markhor Oberon Helmet,WeaponSkins,YES,NO,?,75,
Oberon Immortal Skin,WeaponSkins,YES,NO,?,40,
Misa Prime Syandana,WeaponSkins,NO,NO,?,1000,
Uru Syandana,WeaponSkins,YES,NO,?,50,
Thrak Rhino Helmet,WeaponSkins,YES,NO,?,75,
Vanguard Rhino Helmet,WeaponSkins,YES,NO,?,75,
Rhino Immortal Skin,WeaponSkins,YES,NO,?,40,
Hemlock Saryn Helmet,WeaponSkins,YES,NO,?,75,
Chlora Saryn Helmet,WeaponSkins,YES,NO,?,75,
Saryn Immortal Skin,WeaponSkins,YES,NO,?,40,
Tethra's Doom Emblem,WeaponSkins,NO,NO,?,10000,
Bronze Skull Badge,WeaponSkins,NO,NO,?,10000,
Gold Skull Badge,WeaponSkins,NO,NO,?,10000,
Silver Skull Badge,WeaponSkins,NO,NO,?,10000,
Sling Stone Emblem,WeaponSkins,NO,NO,?,10000,
Survival Badge,WeaponSkins,NO,NO,?,10000,
Tenno Operative Emblem,WeaponSkins,NO,NO,?,10000,
Esprit Vauban Helmet,WeaponSkins,YES,NO,?,75,
Gambit Vauban Helmet,WeaponSkins,YES,NO,?,75,
Aura Trinity Helmet,WeaponSkins,YES,NO,?,75,
Meridian Trinity Helmet,WeaponSkins,YES,NO,?,75,
Kara Valkyr Helmet,WeaponSkins,YES,NO,?,75,
Valkyr Immortal Skin,WeaponSkins,YES,NO,?,40,
Bastet Valkyr Helmet,WeaponSkins,YES,NO,?,75,
Vauban Immortal Skin,WeaponSkins,YES,NO,?,40,
Phased Vauban Helmet,WeaponSkins,NO,NO,?,10000,
Phased Vauban Skin,WeaponSkins,NO,NO,?,10000,
Storm Volt Helmet,WeaponSkins,YES,NO,?,75,
Pulse Volt Helmet,WeaponSkins,YES,NO,?,75,
Volt Immortal Skin,WeaponSkins,YES,NO,?,40,
Cierzo Zephyr Helmet,WeaponSkins,YES,NO,?,75,
Warframe Slot,SlotItems,NO,NO,?,?,
Weapon Slot,SlotItems,NO,NO,?,?,
Valkyr's Bonds,WeaponSkins,YES,NO,?,50,
Classic,FlavourItems,YES,NO,?,75,
Classic Saturated,FlavourItems,YES,NO,?,75,
Bastille,FlavourItems,NO,NO,?,75,
Storm,FlavourItems,YES,NO,?,75,
Color Picker D,FlavourItems,NO,NO,?,75,
Daybreak,FlavourItems,YES,NO,?,75,
Easter,FlavourItems,NO,NO,1,?,
Fire,FlavourItems,YES,NO,?,75,
Grineer,FlavourItems,YES,NO,?,75,
Halloween,FlavourItems,YES,NO,1,?,"Fri Nov 01 08:00:00 2013"
Ice,FlavourItems,YES,NO,?,75,
Infested,FlavourItems,YES,NO,?,75,
Smoke Colors,FlavourItems,YES,NO,?,75,
Red/White/Blue,FlavourItems,NO,NO,?,75,
Twilight,FlavourItems,YES,NO,?,75,
Valentine,FlavourItems,NO,NO,1,?,
Mortos Syandana,WeaponSkins,YES,NO,?,50,
Inferno,Upgrades,NO,YES,?,?,
/Lotus/Types/StoreItems/WeaponUpgrades/PiercingUpgrade,Upgrades,YES,YES,?,?,
/Lotus/Types/StoreItems/WeaponUpgrades/RareMeleeMod,Upgrades,YES,YES,?,?,
/Lotus/Types/StoreItems/WeaponUpgrades/RarePistolMod,Upgrades,YES,YES,?,?,
/Lotus/Types/StoreItems/WeaponUpgrades/RareRifleMod,Upgrades,YES,YES,?,?,
/Lotus/Types/StoreItems/WeaponUpgrades/RareShotgunMod,Upgrades,YES,YES,?,?,
/Lotus/Types/StoreItems/WeaponUpgrades/RareWarframeMod,Upgrades,YES,YES,?,?,
Abyssal,FocusUpgrades,NO,NO,?,?,
Thick Skin,FocusUpgrades,NO,NO,?,?,
Swift Wounds,FocusUpgrades,NO,NO,?,?,
Energy Drink,FocusUpgrades,NO,NO,?,?,
Healthy Attitude,FocusUpgrades,NO,NO,?,?,
Insta Shield,FocusUpgrades,NO,NO,?,?,
Insta-Mina,FocusUpgrades,NO,NO,?,?,
Channeling,FocusUpgrades,NO,NO,?,?,
Martyr,FocusUpgrades,NO,NO,?,?,
Rust,FocusUpgrades,NO,NO,?,?,
Faulty Battery,FocusUpgrades,NO,NO,?,?,
Linked Fate,FocusUpgrades,NO,NO,?,?,
Lucky Medic,FocusUpgrades,NO,NO,?,?,
Empathy,FocusUpgrades,NO,NO,?,?,
Sentinel Rebirth,FocusUpgrades,NO,NO,?,?,
Great Sword Master,FocusUpgrades,NO,NO,?,?,
Hammer And Axe Time,FocusUpgrades,NO,NO,?,?,
Sword Master,FocusUpgrades,NO,NO,?,?,
Evasion,FocusUpgrades,NO,NO,?,?,
Taunt,FocusUpgrades,NO,NO,?,?,
Pistol Master,FocusUpgrades,NO,NO,?,?,
Rifle Master,FocusUpgrades,NO,NO,?,?,
Shotgun Master,FocusUpgrades,NO,NO,?,?,
Speedy,FocusUpgrades,NO,NO,?,?,
Common Fusion Core,Upgrades,NO,YES,?,?,
Legendary Core,Upgrades,NO,YES,?,?,
Rare Fusion Core,Upgrades,NO,YES,?,?,
Uncommon Fusion Core,Upgrades,NO,YES,?,?,
Acrid Blueprint,Recipes,NO,NO,?,?,
Acrid,?,NO,NO,?,?,
Torid Blueprint,Recipes,NO,NO,?,?,
Torid,LongGuns,NO,NO,?,?,
Medium Team Heal Restore Blueprint,Recipes,NO,NO,?,?,
Medium Team Heal Restore x10 Blueprint,Recipes,NO,NO,?,?,
Medium Team Ammo Restore Blueprint,Recipes,NO,NO,?,?,
Medium Team Ammo Restore x10 Blueprint,Recipes,NO,NO,?,?,
Ignis Blueprint,Recipes,NO,NO,?,?,
Ignis,LongGuns,NO,NO,?,?,
Marelok Blueprint,Recipes,NO,NO,?,?,
Grinlok Blueprint,Recipes,NO,NO,?,?,
Ogris Blueprint,Recipes,NO,NO,?,?,
Ogris,LongGuns,NO,NO,?,?,
Flux Rifle,LongGuns,NO,NO,?,?,
Medium Team Energy Restore Blueprint,Recipes,NO,NO,?,?,
Medium Team Shield Restore Blueprint,Recipes,NO,NO,?,?,
Medium Team Energy Restore x10 Blueprint,Recipes,NO,NO,?,?,
Medium Team Shield Restore x10 Blueprint,Recipes,NO,NO,?,?,
Supra Blueprint,Recipes,NO,NO,?,?,
Supra,LongGuns,NO,NO,?,?,
Spectra,?,NO,NO,?,?,
Prova Blueprint,Recipes,NO,NO,?,?,
Prova,Melee,NO,NO,?,?,
Dera Blueprint,Recipes,NO,NO,?,?,
Dera,LongGuns,NO,NO,?,?,
Spectra Blueprint,Recipes,NO,NO,?,?,
Flux Rifle Blueprint,Recipes,NO,NO,?,?,
Lanka Blueprint,Recipes,NO,NO,?,?,
Lanka,LongGuns,NO,NO,?,?,
Prova Vandal,Melee,NO,NO,?,?,
/Lotus/Types/Game/MissionDecks/SurvivalMissionRewards/1000Credits,CreditBundles,NO,NO,-1000,?,
/Lotus/Types/Game/MissionDecks/SurvivalMissionRewards/1500Credits,CreditBundles,NO,NO,-1500,?,
/Lotus/Types/Game/MissionDecks/SurvivalMissionRewards/2000Credits,CreditBundles,NO,NO,-2000,?,
/Lotus/Types/Game/MissionDecks/SurvivalMissionRewards/2500Credits,CreditBundles,NO,NO,-2500,?,
/Lotus/Types/Game/MissionDecks/SurvivalMissionRewards/3000Credits,CreditBundles,NO,NO,-3000,?,
/Lotus/Types/Game/MissionDecks/SurvivalMissionRewards/4000Credits,CreditBundles,NO,NO,-4000,?,
/Lotus/Types/Game/MissionDecks/SurvivalMissionRewards/5000Credits,CreditBundles,NO,NO,-5000,?,
/Lotus/Types/Game/MissionDecks/SurvivalMissionRewards/500Credits,CreditBundles,NO,NO,-500,?,
Chargeable Health Restore,Consumables,NO,NO,1500,14,
Alpha Corruptor,Consumables,NO,NO,?,?,
Beta Corruptor,Consumables,NO,NO,?,?,
Medium Team Ammo Restore,Consumables,NO,NO,?,?,
Medium Team Energy Restore,Consumables,NO,NO,?,?,
Medium Team Heal Restore,Consumables,NO,NO,?,?,
Medium Team Shield Restore,Consumables,NO,NO,?,?,
Extinguished Dragon Key Blueprint,Recipes,YES,NO,500,?,
Extinguished Dragon Key,Consumables,NO,NO,?,?,
Grand Finale,Consumables,YES,NO,?,15,
Starburst,Consumables,YES,NO,5000,?,
Bleeding Dragon Key Blueprint,Recipes,YES,NO,500,?,
Bleeding Dragon Key,Consumables,NO,NO,?,?,
Team Ammo Restore x50 Blueprint,Recipes,NO,NO,?,15,
Team Energy Restore x50 Blueprint,Recipes,NO,NO,?,15,
Team Heal Restore x50 Blueprint,Recipes,NO,NO,?,15,
Team Shield Restore x50 Blueprint,Recipes,NO,NO,?,15,
Health Restore Blueprint,Recipes,YES,NO,1500,?,
Health Restore,Consumables,NO,NO,500,?,"Fri Sep 13 21:00:00 2013"
Small Health Restore,Consumables,YES,NO,250,?,"Sat Sep 14 21:00:00 2013"
Omni Ammo Box,Consumables,YES,NO,?,12,"Sun Sep 15 21:00:00 2013"
Pistol Ammo Box,Consumables,YES,NO,1000,?,"Fri Sep 13 21:00:00 2013"
Revive Unit Refill,Consumables,NO,NO,?,3,
Revive,Consumables,NO,NO,1500,4,
Rifle Ammo Box,Consumables,YES,NO,1000,?,"Sun Sep 15 21:00:00 2013"
Shield Restore,Consumables,YES,NO,100,?,"Sun Sep 15 21:00:00 2013"
Shotgun Ammo Box,Consumables,YES,NO,1000,?,"Thu Sep 12 21:00:00 2013"
Sniper Ammo Box,Consumables,YES,NO,1000,?,"Sat Sep 14 21:00:00 2013"
Decaying Dragon Key Blueprint,Recipes,YES,NO,500,?,
Decaying Dragon Key,Consumables,NO,NO,?,?,
Hobbled Dragon Key Blueprint,Recipes,YES,NO,500,?,
Hobbled Dragon Key,Consumables,NO,NO,?,?,
Stable Corruptor,Consumables,NO,NO,?,?,
Team Ammo Restore Blueprint,Recipes,YES,NO,500,?,
Team Ammo Restore,Consumables,NO,NO,?,?,
Team Energy Restore Blueprint,Recipes,YES,NO,500,?,
Team Energy Restore,Consumables,NO,NO,?,?,
Team Heal Restore,Consumables,YES,NO,750,?,"Sun Sep 15 21:00:00 2013"
Team Heal Restore Blueprint,Recipes,YES,NO,500,?,
Team Heal Restore,Consumables,NO,NO,?,?,
Team Shield Restore Blueprint,Recipes,YES,NO,500,?,
Team Shield Restore,Consumables,NO,NO,?,?,
Team Ammo Restore x10 Blueprint,Recipes,YES,NO,250000,?,
Team Energy Restore x10 Blueprint,Recipes,YES,NO,250000,?,
Team Heal Restore x10 Blueprint,Recipes,YES,NO,250000,?,
Team Shield Restore x10 Blueprint,Recipes,YES,NO,250000,?,
/Lotus/Types/StoreItems/Keys/TestKeys/SurvivalShipCrp,LevelKeys,NO,YES,?,75,
/Lotus/Types/StoreItems/Keys/TestKeys/SurvivalAsteroidGrn,LevelKeys,NO,YES,?,75,
/Lotus/Types/StoreItems/Keys/TestKeys/SurvivalAsteroidInf,LevelKeys,NO,YES,?,75,
/Lotus/Types/StoreItems/Keys/TestKeys/SurvivalGalleonGrn,LevelKeys,NO,YES,?,75,
/Lotus/Types/StoreItems/Keys/TestKeys/SurvivalGalleonInf,LevelKeys,NO,YES,?,75,
/Lotus/Types/StoreItems/Keys/TestKeys/SurvivalOutpostCrp,LevelKeys,NO,YES,?,75,
/Lotus/Types/StoreItems/Keys/TestKeys/SurvivalOutpostInf,LevelKeys,NO,YES,?,75,
/Lotus/Types/StoreItems/Keys/TestKeys/SurvivalShipInf,LevelKeys,NO,YES,?,75,
/Lotus/Types/StoreItems/Keys/TestKeys/SurvivalVoidOro,LevelKeys,NO,YES,?,75,
Desert-Camo Twin Vipers,WeaponSkins,YES,NO,?,25,
Desert-Camo Gorgon,WeaponSkins,YES,NO,?,25,
Desert-Camo Grakata,WeaponSkins,YES,NO,?,25,
Desert-Camo Gremlins,WeaponSkins,YES,NO,?,25,
Desert-Camo Kraken,WeaponSkins,YES,NO,?,25,
Desert-Camo Sobek,WeaponSkins,YES,NO,?,25,
Desert-Camo Viper,WeaponSkins,YES,NO,?,25,
Desert-Camo Vulkar,WeaponSkins,YES,NO,?,25,
Forest-Camo Afuris,WeaponSkins,YES,NO,?,20,
Forest-Camo Ballistica,WeaponSkins,YES,NO,?,20,
Forest-Camo Boltor,WeaponSkins,YES,NO,?,20,
Forest-Camo Braton,WeaponSkins,YES,NO,?,20,
Forest-Camo Dethcube,WeaponSkins,YES,NO,?,20,
Forest-Camo Dual Heat Swords,WeaponSkins,YES,NO,?,20,
Forest-Camo Akvasto,WeaponSkins,YES,NO,?,20,
Forest-Camo Dual Zoren,WeaponSkins,YES,NO,?,20,
Forest-Camo Furis,WeaponSkins,YES,NO,?,20,
Forest-Camo Heat Dagger,WeaponSkins,YES,NO,?,20,
Forest-Camo Heat Sword,WeaponSkins,YES,NO,?,20,
Forest-Camo Orthos,WeaponSkins,YES,NO,?,20,
Forest-Camo Paris,WeaponSkins,YES,NO,?,20,
Forest-Camo Scindo,WeaponSkins,YES,NO,?,20,
Forest-Camo Soma,WeaponSkins,YES,NO,?,20,
Forest-Camo Vasto,WeaponSkins,YES,NO,?,20,
Forest-Camo Vectis,WeaponSkins,YES,NO,?,20,
Day Of The Dead Aklato Skin,WeaponSkins,NO,NO,?,?,"Fri Nov 01 08:00:00 2013"
Day Of The Dead Braton Skin,WeaponSkins,YES,NO,?,20,"Fri Nov 01 08:00:00 2013"
Day Of The Dead Dual Zoren Skin,WeaponSkins,YES,NO,?,20,"Fri Nov 01 08:00:00 2013"
Day Of The Dead Glaive Skin,WeaponSkins,YES,NO,?,20,"Fri Nov 01 08:00:00 2013"
Day Of The Dead Gorgon Skin,WeaponSkins,YES,NO,?,20,"Fri Nov 01 08:00:00 2013"
Day Of The Dead Lato Skin,WeaponSkins,YES,NO,?,20,"Fri Nov 01 08:00:00 2013"
Day Of The Dead Lato Vandal Skin,WeaponSkins,NO,NO,?,?,"Fri Nov 01 08:00:00 2013"
Day Of The Dead Orthos Skin,WeaponSkins,YES,NO,?,20,"Fri Nov 01 08:00:00 2013"
Day Of The Dead Paris Skin,WeaponSkins,YES,NO,?,20,"Fri Nov 01 08:00:00 2013"
Day Of The Dead Scindo Skin,WeaponSkins,YES,NO,?,20,"Fri Nov 01 08:00:00 2013"
Day Of The Dead Sobek Skin,WeaponSkins,YES,NO,?,20,"Fri Nov 01 08:00:00 2013"
Day Of The Dead Soma Skin,WeaponSkins,YES,NO,?,20,"Fri Nov 01 08:00:00 2013"
Day Of The Dead Gremlins Skin,WeaponSkins,YES,NO,?,20,"Fri Nov 01 08:00:00 2013"
Iahgames Braton,WeaponSkins,NO,NO,?,10000,
Corrosive Projection,Upgrades,NO,YES,?,?,
Shield Disruption,Upgrades,NO,YES,?,?,
Infested Impedance,Upgrades,NO,YES,?,?,
Electrical Resistance,Upgrades,NO,NO,?,?,
Enemy Radar,Upgrades,NO,YES,?,?,
Energy Siphon,Upgrades,NO,YES,?,?,
Fire Resistance,Upgrades,NO,NO,?,?,
Frost Insulation,Upgrades,NO,NO,?,?,
Physique,Upgrades,NO,YES,?,?,
Rejuvenation,Upgrades,NO,YES,?,?,
Speed Holster,Upgrades,NO,YES,?,?,
Team Armory,Upgrades,NO,NO,?,?,
Laser Deflection,Upgrades,NO,NO,?,?,
Loot Detector,Upgrades,NO,YES,?,?,
Steel Charge,Upgrades,NO,YES,?,?,
Lightning Blades,Upgrades,NO,NO,?,?,
Pistol Scavenger,Upgrades,NO,YES,?,?,
Pistol Amp,Upgrades,NO,NO,?,?,
Toxin Resistance,Upgrades,NO,NO,?,?,
Rifle Scavenger,Upgrades,NO,YES,?,?,
Rifle Amp,Upgrades,NO,YES,?,?,
Shotgun Scavenger,Upgrades,NO,YES,?,?,
Shotgun Amp,Upgrades,NO,NO,?,?,
Sniper Scavenger,Upgrades,NO,YES,?,?,
Dead Eye,Upgrades,NO,YES,?,?,
Sprint Boost,Upgrades,NO,YES,?,?,
Affinity Amp,Upgrades,NO,NO,?,?,
EMP Aura,Upgrades,NO,YES,?,?,
Spoiled Strike,Upgrades,NO,YES,?,?,
Corrupt Charge,Upgrades,NO,YES,?,?,
Voltaic Strike,Upgrades,NO,YES,?,?,
Focus Energy,Upgrades,NO,YES,?,?,
Virulent Scourge,Upgrades,NO,YES,?,?,
Rending Strike,Upgrades,NO,YES,?,?,
Sundering Strike,Upgrades,NO,YES,?,?,
True Steel,Upgrades,NO,YES,?,?,
Organ Shatter,Upgrades,NO,YES,?,?,
Berserker,Upgrades,NO,YES,?,?,
Shocking Touch,Upgrades,NO,YES,?,?,
Molten Impact,Upgrades,NO,YES,?,?,
Fury,Upgrades,NO,YES,?,?,
North Wind,Upgrades,NO,YES,?,?,
Power Throw,Upgrades,NO,YES,?,?,
Quick Return,Upgrades,NO,YES,?,?,
Rebound,Upgrades,NO,YES,?,?,
Whirlwind,Upgrades,NO,YES,?,?,
Heavy Trauma,Upgrades,NO,YES,?,?,
Reflex Coil,Upgrades,NO,YES,?,?,
Pressure Point,Upgrades,NO,YES,?,?,
Smite Corpus,Upgrades,NO,YES,?,?,
Smite Grineer,Upgrades,NO,YES,?,?,
Smite Infested,Upgrades,NO,YES,?,?,
Finishing Touch,Upgrades,NO,YES,?,?,
Killing Blow,Upgrades,NO,YES,?,?,
Reach,Upgrades,NO,YES,?,?,
Melee Channel,Upgrades,NO,YES,?,?,
Jagged Edge,Upgrades,NO,YES,?,?,
Second Wind,Upgrades,NO,YES,?,?,
Melee Prowess,Upgrades,NO,YES,?,?,
Fever Strike,Upgrades,NO,YES,?,?,
No Return,Upgrades,NO,YES,?,?,
Pistol Gambit,Upgrades,NO,YES,?,?,
Target Cracker,Upgrades,NO,YES,?,?,
Convulsion,Upgrades,NO,YES,?,?,
Heated Charge,Upgrades,NO,YES,?,?,
Gunslinger,Upgrades,NO,YES,?,?,
Deep Freeze,Upgrades,NO,YES,?,?,
Concussion Rounds,Upgrades,NO,YES,?,?,
Razor Shot,Upgrades,NO,YES,?,?,
Sure Shot,Upgrades,NO,YES,?,?,
Pathogen Rounds,Upgrades,NO,YES,?,?,
Hollow Point,Upgrades,NO,YES,?,?,
Magnum Force,Upgrades,NO,YES,?,?,
Tainted Clip,Upgrades,NO,YES,?,?,
Jolt,Upgrades,NO,YES,?,?,
Lethal Torrent,Upgrades,NO,YES,?,?,
Ice Storm,Upgrades,NO,YES,?,?,
Pistol Pestilence,Upgrades,NO,YES,?,?,
Stunning Speed,Upgrades,NO,YES,?,?,
Trick Mag,Upgrades,NO,YES,?,?,
Slip Magazine,Upgrades,NO,YES,?,?,
Hornet Strike,Upgrades,NO,YES,?,?,
Barrel Diffusion,Upgrades,NO,YES,?,?,
Suppress,Upgrades,NO,YES,?,?,
Pistol Ammo Mutation,Upgrades,NO,YES,?,?,
Expel Corpus,Upgrades,NO,YES,?,?,
Expel Grineer,Upgrades,NO,YES,?,?,
Expel Infested,Upgrades,NO,YES,?,?,
Hawk Eye,Upgrades,NO,YES,?,?,
Seeker,Upgrades,NO,YES,?,?,
Steady Hands,Upgrades,NO,YES,?,?,
Quickdraw,Upgrades,NO,YES,?,?,
Piercing Hit,Upgrades,NO,YES,?,?,
Point Strike,Upgrades,NO,YES,?,?,
Vital Sense,Upgrades,NO,YES,?,?,
Stormbringer,Upgrades,NO,YES,?,?,
Hellfire,Upgrades,NO,YES,?,?,
Speed Trigger,Upgrades,NO,YES,?,?,
Cryo Rounds,Upgrades,NO,YES,?,?,
Rupture,Upgrades,NO,YES,?,?,
Sawtooth Clip,Upgrades,NO,YES,?,?,
Rifle Aptitude,Upgrades,NO,YES,?,?,
Infected Clip,Upgrades,NO,YES,?,?,
Ammo Drum,Upgrades,NO,YES,?,?,
Magazine Warp,Upgrades,NO,YES,?,?,
Serration,Upgrades,NO,YES,?,?,
Split Chamber,Upgrades,NO,YES,?,?,
Hush,Upgrades,NO,YES,?,?,
Metal Auger,Upgrades,NO,YES,?,?,
Stabilizer,Upgrades,NO,YES,?,?,
Fast Hands,Upgrades,NO,YES,?,?,
Thunderbolt,Upgrades,NO,YES,?,?,
Critical Delay,Upgrades,NO,YES,?,?,
Heavy Caliber,Upgrades,NO,YES,?,?,
Tainted Mag,Upgrades,NO,YES,?,?,
Vile Precision,Upgrades,NO,YES,?,?,
High Voltage,Upgrades,NO,YES,?,?,
Primed Chamber,Upgrades,NO,YES,?,?,
Hammer Shot,Upgrades,NO,YES,?,?,
Malignant Force,Upgrades,NO,YES,?,?,
Shred,Upgrades,NO,YES,?,?,
Charged Chamber,Upgrades,NO,YES,?,?,
Arrow Mutation,Upgrades,NO,YES,?,?,
Bane of Corpus,Upgrades,NO,YES,?,?,
Bane of Grineer,Upgrades,NO,YES,?,?,
Bane of Infested,Upgrades,NO,YES,?,?,
Firestorm,Upgrades,NO,YES,?,?,
Rifle Ammo Mutation,Upgrades,NO,YES,?,?,
Sniper Ammo Mutation,Upgrades,NO,YES,?,?,
Eagle Eye,Upgrades,NO,YES,?,?,
Wildfire,Upgrades,NO,YES,?,?,
Steel Fiber,Upgrades,NO,YES,?,?,
Spare Parts,Upgrades,NO,YES,?,?,
Self Destruct,Upgrades,NO,YES,?,?,
Vitality,Upgrades,NO,YES,?,?,
Fired Up,Upgrades,NO,YES,?,?,
Redirection,Upgrades,NO,YES,?,?,
Fast Deflection,Upgrades,NO,YES,?,?,
Flechette,Upgrades,NO,YES,?,?,
Blunderbuss,Upgrades,NO,YES,?,?,
Ravage,Upgrades,NO,YES,?,?,
Charged Shell,Upgrades,NO,YES,?,?,
Incendiary Coat,Upgrades,NO,YES,?,?,
Shotgun Spazz,Upgrades,NO,YES,?,?,
Chilling Grasp,Upgrades,NO,YES,?,?,
Disruptor,Upgrades,NO,YES,?,?,
Shredder,Upgrades,NO,YES,?,?,
Shotgun Savvy,Upgrades,NO,YES,?,?,
Contagious Spread,Upgrades,NO,YES,?,?,
Shell Compression,Upgrades,NO,YES,?,?,
Ammo Stock,Upgrades,NO,YES,?,?,
Point Blank,Upgrades,NO,YES,?,?,
Hell's Chamber,Upgrades,NO,YES,?,?,
Seeking Force,Upgrades,NO,YES,?,?,
Tactical Pump,Upgrades,NO,YES,?,?,
Accelerated Blast,Upgrades,NO,YES,?,?,
Blaze,Upgrades,NO,YES,?,?,
Tainted Shell,Upgrades,NO,YES,?,?,
Vicious Spread,Upgrades,NO,YES,?,?,
Burdened Magazine,Upgrades,NO,YES,?,?,
Shell Shock,Upgrades,NO,YES,?,?,
Toxic Barrage,Upgrades,NO,YES,?,?,
Shotgun Ammo Mutation,Upgrades,NO,YES,?,?,
Cleanse Corpus,Upgrades,NO,YES,?,?,
Cleanse Grineer,Upgrades,NO,YES,?,?,
Cleanse Infested,Upgrades,NO,YES,?,?,
Continuity,Upgrades,NO,YES,?,?,
Streamline,Upgrades,NO,YES,?,?,
Stretch,Upgrades,NO,YES,?,?,
Intensify,Upgrades,NO,YES,?,?,
Steel Fiber,Upgrades,NO,YES,?,?,
Reflex Guard,Upgrades,NO,YES,?,?,
Undying Will,Upgrades,NO,YES,?,?,
Natural Talent,Upgrades,NO,YES,?,?,
Master Thief,Upgrades,NO,YES,?,?,
Aviator,Upgrades,NO,YES,?,?,
Lightning Rod,Upgrades,NO,YES,?,?,
Flame Repellent,Upgrades,NO,YES,?,?,
Insulation,Upgrades,NO,YES,?,?,
Shock Absorbers,Upgrades,NO,YES,?,?,
Diamond Skin,Upgrades,NO,YES,?,?,
Antitoxin,Upgrades,NO,YES,?,?,
Resilient Focus,Upgrades,NO,NO,?,?,
Rage,Upgrades,NO,YES,?,?,
Enemy Sense,Upgrades,NO,YES,?,?,
Heavy Impact,Upgrades,NO,YES,?,?,
Provoked,Upgrades,NO,YES,?,?,
Vitality,Upgrades,NO,YES,?,?,
Handspring,Upgrades,NO,YES,?,?,
Sure Footed,Upgrades,NO,YES,?,?,
Thief's Wit,Upgrades,NO,YES,?,?,
Warm Coat,Upgrades,NO,YES,?,?,
Parry,Upgrades,NO,YES,?,?,
Reflection,Upgrades,NO,YES,?,?,
Equilibrium,Upgrades,NO,YES,?,?,
Flow,Upgrades,NO,YES,?,?,
Quick Thinking,Upgrades,NO,YES,?,?,
Retribution,Upgrades,NO,YES,?,?,
Redirection,Upgrades,NO,YES,?,?,
Fast Deflection,Upgrades,NO,YES,?,?,
Shield Flux,Upgrades,NO,YES,?,?,
Maglev,Upgrades,NO,YES,?,?,
Rush,Upgrades,NO,YES,?,?,
Acrobat,Upgrades,NO,YES,?,?,
Marathon,Upgrades,NO,YES,?,?,
Quick Rest,Upgrades,NO,YES,?,?,
Intruder,Upgrades,NO,YES,?,?,
Constitution,Upgrades,NO,YES,?,?,
Narrow Minded,Upgrades,NO,YES,?,?,
Fleeting Expertise,Upgrades,NO,YES,?,?,
Blind Rage,Upgrades,NO,YES,?,?,
Overextended,Upgrades,NO,YES,?,?,
Fortitude,Upgrades,NO,YES,?,?,
Vigor,Upgrades,NO,YES,?,?,
Boar Prime Barrel,MiscItems,NO,YES,?,?,
Akbronco Prime Link,MiscItems,NO,YES,?,?,
Ankyros Prime Blade,MiscItems,NO,YES,?,?,
Ankyros Prime Gauntlet,MiscItems,NO,YES,?,?,
Boar Prime Receiver,MiscItems,NO,YES,?,?,
Boar Prime Stock,MiscItems,NO,YES,?,?,
Boltor Prime Barrel,MiscItems,NO,YES,?,?,
Boltor Prime Receiver,MiscItems,NO,YES,?,?,
Boltor Prime Stock,MiscItems,NO,YES,?,?,
Braton Prime Barrel,MiscItems,NO,YES,?,?,
Braton Prime Receiver,MiscItems,NO,YES,?,?,
Braton Prime Stock,MiscItems,NO,YES,?,?,
Bronco Prime Barrel,MiscItems,NO,YES,?,?,
Bronco Prime Receiver,MiscItems,NO,YES,?,?,
Burston Prime Barrel,MiscItems,NO,YES,?,?,
Burston Prime Receiver,MiscItems,NO,YES,?,?,
Burston Prime Stock,MiscItems,NO,YES,?,?,
Detron Barrel,MiscItems,NO,NO,?,?,
Detron Receiver,MiscItems,NO,NO,?,?,
Glaive Prime Blade,MiscItems,NO,YES,?,?,
Glaive Prime Disc,MiscItems,NO,YES,?,?,
Latron Prime Barrel,MiscItems,NO,YES,?,?,
Latron Prime Receiver,MiscItems,NO,YES,?,?,
Latron Prime Stock,MiscItems,NO,YES,?,?,
Miter Barrel,MiscItems,NO,NO,?,?,
Miter Blade,MiscItems,NO,NO,?,?,
Miter Chassis,MiscItems,NO,NO,?,?,
Miter Handle,MiscItems,NO,NO,?,?,
Paris Prime Grip,MiscItems,NO,YES,?,?,
Paris Prime Lower Limb,MiscItems,NO,YES,?,?,
Paris Prime String,MiscItems,NO,YES,?,?,
Paris Prime Upper Limb,MiscItems,NO,YES,?,?,
Dakra Prime Blade,MiscItems,NO,YES,?,?,
Dakra Prime Handle,MiscItems,NO,YES,?,?,
Fang Prime Blade,MiscItems,NO,YES,?,?,
Fang Prime Handle,MiscItems,NO,YES,?,?,
Orthos Prime Blade,MiscItems,NO,YES,?,?,
Orthos Prime Handle,MiscItems,NO,YES,?,?,
Reaper Blade,MiscItems,NO,YES,?,?,
Reaper Handle,MiscItems,NO,YES,?,?,
Sicarus Prime Barrel,MiscItems,NO,YES,?,?,
Sicarus Prime Receiver,MiscItems,NO,YES,?,?,
Seer Pistol Barrel,MiscItems,NO,NO,?,?,
Seer Pistol Receiver,MiscItems,NO,NO,?,?,
Beryl Antitoxin Blueprint,Recipes,YES,NO,1500,?,
Beryl Antitoxin,Consumables,NO,YES,?,?,
Cirtine Antitoxin Blueprint,Recipes,YES,NO,1500,?,
Cirtine Antitoxin,Consumables,NO,YES,?,?,
Amethyst Antitoxin Blueprint,Recipes,YES,NO,1500,?,
Amethyst Antitoxin,Consumables,NO,YES,?,?,
Topaz Antitoxin Blueprint,Recipes,YES,NO,1500,?,
Topaz Antitoxin,Consumables,NO,YES,?,?,
Lapis Antitoxin Blueprint,Recipes,YES,NO,1500,?,
Lapis Antitoxin,Consumables,NO,YES,?,?,
Vermillion Antitoxin Blueprint,Recipes,YES,NO,1500,?,
Vermillion Antitoxin,Consumables,NO,YES,?,?,
Nvidia Braton,WeaponSkins,NO,NO,?,25,
RixtyMOL Aklato,WeaponSkins,NO,NO,?,10000,
Spearmint Scythe,WeaponSkins,NO,NO,?,10000,
Spearmint Scythe,WeaponSkins,NO,NO,?,10000,
Spearmint Scythe,WeaponSkins,NO,NO,?,10000,
Lato Psiv,WeaponSkins,NO,NO,?,25,
Braton Psiv,WeaponSkins,NO,NO,?,25,
Braton Psiv,WeaponSkins,NO,NO,?,25,
Skana Psiv,WeaponSkins,NO,NO,?,25,
Phased Akvasto Skin,WeaponSkins,NO,NO,?,10000,
Phased Ankyros Skin,WeaponSkins,NO,NO,?,10000,
Phased Tigris Skin,WeaponSkins,NO,NO,?,10000,
Phased Vasto Skin,WeaponSkins,NO,NO,?,10000,
/Sandbox/JZirani/ApexCapeStoreItem,WeaponSkins,NO,NO,?,50,
/Sandbox/ShaunC/MyLotusRomperRoom/SpaceGasCanStoreItem,?,NO,NO,50000,?,
Grenade Builder,Robotics,YES,NO,15000,1500,
Incendiary Builder,Robotics,YES,NO,15000,1500,
Plasma Grenade Builder,Robotics,YES,NO,15000,1500,
Plasma Grenade,Consumables,YES,NO,1500,2,
Scatter Grenade,Consumables,YES,NO,1500,2,
Placeholder,WeaponSkins,NO,NO,?,1000,
Chain Trident Dangle,WeaponSkins,NO,NO,?,50,
Grineer Cord Dangle,WeaponSkins,NO,NO,?,50,
Lotus Point Dangle,WeaponSkins,NO,NO,?,50,
