Deck,Enemy,Probability,Max Simultaneous,Tier
CorpusEvent,Moa (BipedRobot/AIWeek/LaserCannonBipedAgent),0.75,0,0
,Osprey-Tarcza (Drones/AIWeek/ShieldDroneAgent),0.15000001,2,0
,Snajper (Spaceman/AIWeek/SniperSpacemanAgent),0.1,1,0
,Technik Corpus (Spaceman/AIWeek/DeployableSpacemanAgent),0.15000001,0,0
,Osprey-Miner (Drones/AIWeek/MineDroneAgent),0.02,0,0
,Moa-Hybryda (BipedRobot/AIWeek/SuperMoaBipedAgent),0.050000001,0,0
,Sejsmiczny Moa (BipedRobot/AIWeek/ShockwaveBipedAgent),0.25,0,0
,Moa Z Railgunem (BipedRobot/AIWeek/RailgunBipedAgent),0.050000001,0,0
,Anti Moa (BipedRobot/AIWeek/LaserDiscBipedAgent),0.1,0,0
CorpusGrineerDesertMix,Załogant (Spaceman/AIWeek/RifleSpacemanAgent),1,0,0
,Moa (BipedRobot/AIWeek/LaserCannonBipedAgent),0.69999999,0,0
,Sejsmiczny Moa (BipedRobot/AIWeek/ShockwaveBipedAgent),0.2,0,0
,Osprey-Tarcza (Drones/AIWeek/ShieldDroneAgent),0.15000001,1,0
,Załogant Z Nahajem (Spaceman/AIWeek/MeleeSpacemanAgent),0.25,0,0
,Moa (BipedRobot/AIWeek/LaserCannonBipedAgent),0.5,0,0
,Moa-Hybryda (BipedRobot/AIWeek/SuperMoaBipedAgent),0.0099999998,0,0
,AIWeek/RifleLancer,1,0,0
,AIWeek/EliteRifleLancer,1,0,0
,AIWeek/BladeSawman,0.30000001,0,0
,AIWeek/MacheteWoman,0.1,0,0
,AIWeek/ShotgunLancer,0.25,0,0
,AIWeek/MinigunBombard,0.1,0,0
,AIWeek/ShieldLancer,0.1,0,0
,GrineerMarineLeader,0.1,0,0
,Desert/RifleLancer,1,0,0
,Desert/EliteRifleLancer,1,0,0
,Desert/BladeSawman,0.30000001,0,0
,Desert/ShotgunLancer,0.25,0,0
,Desert/MinigunBombard,0.050000001,2,0
,Desert/EvisceratorLancer,0.1,2,0
,Desert/JetpackMarine,0.25,0,0
,Desert/GrineerMarinePistol,0.050000001,0,0
,/Lotus/Types/NeutralCreatures/SandRayCreature,0.25,3,0
,AIWeek/GrineerFemale,0.1,4,0
CorpusGrineerForestMix,Załogant (Spaceman/AIWeek/RifleSpacemanAgent),1,0,0
,Moa (BipedRobot/AIWeek/LaserCannonBipedAgent),0.69999999,0,0
,Sejsmiczny Moa (BipedRobot/AIWeek/ShockwaveBipedAgent),0.2,0,0
,Osprey-Tarcza (Drones/AIWeek/ShieldDroneAgent),0.15000001,1,0
,Załogant Z Nahajem (Spaceman/AIWeek/MeleeSpacemanAgent),0.25,0,0
,Moa (BipedRobot/AIWeek/LaserCannonBipedAgent),0.5,0,0
,Moa-Hybryda (BipedRobot/AIWeek/SuperMoaBipedAgent),0.0099999998,0,0
,Forest/RifleLancer,1,0,0
,Forest/EliteRifleLancer,0.2,2,0
,Forest/BladeSawman,0.30000001,0,0
,Forest/ShotgunLancer,0.25,3,0
,Forest/MinigunBombard,0.050000001,2,0
,AIWeek/GrineerFemale,0.1,1,0
,Forest/JetpackMarine,0.25,1,0
,Frontier Regulator (SpecialEvents/ForestDroneAgent),0.050000001,0,0
,Forest/GrineerMarinePistol,0.050000001,0,0
,AIWeek/MacheteWoman,0.2,0,1
,Forest/EvisceratorLancer,0.1,1,1
,AIWeek/RocketBombard,0.1,1,2
,AIWeek/FlameLancer,0.1,1,2
,Forest/MinigunBombard,0.1,2,2
CorpusGrineerMix,Załogant (Spaceman/AIWeek/RifleSpacemanAgent),1,0,0
,Moa (BipedRobot/AIWeek/LaserCannonBipedAgent),0.69999999,0,0
,Sejsmiczny Moa (BipedRobot/AIWeek/ShockwaveBipedAgent),0.2,0,0
,Osprey-Tarcza (Drones/AIWeek/ShieldDroneAgent),0.15000001,1,0
,Załogant Z Nahajem (Spaceman/AIWeek/MeleeSpacemanAgent),0.25,0,0
,Moa (BipedRobot/AIWeek/LaserCannonBipedAgent),0.5,0,0
,Moa-Hybryda (BipedRobot/AIWeek/SuperMoaBipedAgent),0.0099999998,0,0
,AIWeek/RifleLancer,1,0,0
,AIWeek/EliteRifleLancer,1,0,0
,AIWeek/BladeSawman,0.30000001,0,0
,AIWeek/MacheteWoman,0.1,0,0
,AIWeek/ShotgunLancer,0.25,0,0
,AIWeek/MinigunBombard,0.1,0,0
,AIWeek/ShieldLancer,0.1,0,0
,GrineerMarineLeader,0.1,0,0
CorpusInfestedMix,Załogant (Spaceman/AIWeek/RifleSpacemanAgent),1,0,0
,Sejsmiczny Moa (BipedRobot/AIWeek/ShockwaveBipedAgent),0.2,0,0
,Osprey-Tarcza (Drones/AIWeek/ShieldDroneAgent),0.15000001,1,0
,Załogant Z Nahajem (Spaceman/AIWeek/MeleeSpacemanAgent),0.25,0,0
,Moa (BipedRobot/AIWeek/LaserCannonBipedAgent),0.5,0,0
,Moa-Hybryda (BipedRobot/AIWeek/SuperMoaBipedAgent),0.02,0,0
,Taran (AiWeek/Quadrupeds/Quadruped),1,0,0
,Biegacz (AiWeek/Runners/SuicideRunner),1,0,0
,Skoczek (AiWeek/Runners/LeapingRunner),0.25,0,0
,AiWeek/Ancients/MeleeAncient,0.1,0,0
,Mutalist-Osprey (AiWeek/InfestedDrones/PoisonDroneAgent),0.2,0,0
CorpusInfestedMixB,Załogant (Spaceman/AIWeek/RifleSpacemanAgent),1,0,0
,Załogant Z Nahajem (Spaceman/AIWeek/MeleeSpacemanAgent),0.25,0,0
,Osprey-Tarcza (Drones/AIWeek/ShieldDroneAgent),0.15000001,2,0
,Snajper (Spaceman/AIWeek/SniperSpacemanAgent),0.1,1,0
,Moa (BipedRobot/AIWeek/LaserCannonBipedAgent),0.25,0,0
,Osprey-Miner (Drones/AIWeek/MineDroneAgent),0.25,0,0
,Moa-Hybryda (BipedRobot/AIWeek/SuperMoaBipedAgent),0.0099999998,0,0
,Taran (AiWeek/Quadrupeds/Quadruped),1,0,0
,Biegacz (AiWeek/Runners/SuicideRunner),1,0,0
,AiWeek/Ancients/MeleeAncient,0.1,0,0
,Toksyczny Starożytny (AiWeek/Ancients/ToxicAncient),0.1,0,0
,Mutalist-Osprey (AiWeek/InfestedDrones/PoisonDroneAgent),0.2,0,0
CorpusInfestedMixEvent,Moa (BipedRobot/AIWeek/LaserCannonBipedAgent),0.75,0,0
,Osprey-Tarcza (Drones/AIWeek/ShieldDroneAgent),0.15000001,2,0
,Snajper (Spaceman/AIWeek/SniperSpacemanAgent),0.1,1,0
,Technik Corpus (Spaceman/AIWeek/DeployableSpacemanAgent),0.15000001,0,0
,Osprey-Miner (Drones/AIWeek/MineDroneAgent),0.025,0,0
,Moa-Hybryda (BipedRobot/AIWeek/SuperMoaBipedAgent),0.050000001,0,0
,Sejsmiczny Moa (BipedRobot/AIWeek/ShockwaveBipedAgent),0.25,0,0
,Moa Z Railgunem (BipedRobot/AIWeek/RailgunBipedAgent),0.050000001,0,0
,Anti Moa (BipedRobot/AIWeek/LaserDiscBipedAgent),0.1,0,0
,Taran (AiWeek/Quadrupeds/Quadruped),1,0,0
,Biegacz (AiWeek/Runners/SuicideRunner),1,0,0
,AiWeek/Ancients/MeleeAncient,0.1,0,0
,Toksyczny Starożytny (AiWeek/Ancients/ToxicAncient),0.1,0,0
,Mutalist-Osprey (AiWeek/InfestedDrones/PoisonDroneAgent),0.2,0,0
CorpusSquadA,Załogant (Spaceman/AIWeek/RifleSpacemanAgent),1,0,0
,Sejsmiczny Moa (BipedRobot/AIWeek/ShockwaveBipedAgent),0.2,0,0
,Osprey-Tarcza (Drones/AIWeek/ShieldDroneAgent),0.15000001,1,0
,Załogant Z Nahajem (Spaceman/AIWeek/MeleeSpacemanAgent),0.25,0,0
,Moa (BipedRobot/AIWeek/LaserCannonBipedAgent),0.5,0,0
,Moa-Hybryda (BipedRobot/AIWeek/SuperMoaBipedAgent),0.02,0,0
,Technik Corpus (Spaceman/AIWeek/DeployableSpacemanAgent),0.050000001,0,0
,Oxium Osprey (Drones/AIWeek/SuicideDroneAgent),0.050000001,0,0
CorpusSquadB,Załogant (Spaceman/AIWeek/RifleSpacemanAgent),1,0,0
,Elite Crewman (Spaceman/EliteSpacemanAgent),1,0,0
,Sejsmiczny Moa (BipedRobot/AIWeek/ShockwaveBipedAgent),0.1,0,0
,Osprey-Tarcza (Drones/AIWeek/ShieldDroneAgent),0.15000001,2,0
,Snajper (Spaceman/AIWeek/SniperSpacemanAgent),0.1,0,0
,Moa Z Railgunem (BipedRobot/AIWeek/RailgunBipedAgent),0.1,0,0
,Osprey-Pijawka (Drones/AIWeek/LeechDroneAgent),0.25,0,0
,Moa (BipedRobot/AIWeek/LaserCannonBipedAgent),0.5,0,0
,Moa-Hybryda (BipedRobot/AIWeek/SuperMoaBipedAgent),0.02,0,0
,Technik Corpus (Spaceman/AIWeek/DeployableSpacemanAgent),0.050000001,0,0
CorpusSquadC,Załogant (Spaceman/AIWeek/RifleSpacemanAgent),1,0,0
,Załogant Z Nahajem (Spaceman/AIWeek/MeleeSpacemanAgent),0.25,0,0
,Osprey-Tarcza (Drones/AIWeek/ShieldDroneAgent),0.15000001,2,0
,Snajper (Spaceman/AIWeek/SniperSpacemanAgent),0.1,1,0
,Moa (BipedRobot/AIWeek/LaserCannonBipedAgent),0.25,0,0
,Osprey-Miner (Drones/AIWeek/MineDroneAgent),0.25,0,0
,Moa-Hybryda (BipedRobot/AIWeek/SuperMoaBipedAgent),0.02,0,0
,Technik Corpus (Spaceman/AIWeek/DeployableSpacemanAgent),0.050000001,0,0
,Oxium Osprey (Drones/AIWeek/SuicideDroneAgent),0.1,0,0
CorpusSquadD,Załogant (Spaceman/AIWeek/RifleSpacemanAgent),1,0,0
,Elite Crewman (Spaceman/EliteSpacemanAgent),1,0,0
,Załogant (Spaceman/AIWeek/ShotgunSpacemanAgent),0.75,0,0
,Sejsmiczny Moa (BipedRobot/AIWeek/ShockwaveBipedAgent),0.2,0,0
,Osprey-Tarcza (Drones/AIWeek/ShieldDroneAgent),0.15000001,1,0
,Załogant Z Nahajem (Spaceman/AIWeek/MeleeSpacemanAgent),0.25,0,0
,Moa (BipedRobot/AIWeek/LaserCannonBipedAgent),0.5,0,0
,Moa-Hybryda (BipedRobot/AIWeek/SuperMoaBipedAgent),0.02,0,0
,Technik Corpus (Spaceman/AIWeek/DeployableSpacemanAgent),0.050000001,0,0
,Anti Moa (BipedRobot/AIWeek/LaserDiscBipedAgent),0.050000001,0,0
,Drones/AIWeek/VacuumDroneAgent,0.02,0,0
,Oxium Osprey (Drones/AIWeek/SuicideDroneAgent),0.050000001,0,0
CorpusSquadDefenseA,Załogant (Spaceman/AIWeek/RifleSpacemanAgent),1,0,0
,Załogant Z Nahajem (Spaceman/AIWeek/MeleeSpacemanAgent),0.25,0,0
,Moa (BipedRobot/AIWeek/LaserCannonBipedAgent),0.5,0,0
,Sejsmiczny Moa (BipedRobot/AIWeek/ShockwaveBipedAgent),0.1,0,1
,Osprey-Tarcza (Drones/AIWeek/ShieldDroneAgent),0.15000001,0,1
,Moa Z Railgunem (BipedRobot/AIWeek/RailgunBipedAgent),0.2,0,2
,Osprey-Miner (Drones/AIWeek/MineDroneAgent),0.15000001,0,2
,Sejsmiczny Moa (BipedRobot/AIWeek/ShockwaveBipedAgent),0.25,0,2
,Snajper (Spaceman/AIWeek/SniperSpacemanAgent),0.25,0,2
,Moa-Hybryda (BipedRobot/AIWeek/SuperMoaBipedAgent),0.02,0,2
,Technik Corpus (Spaceman/AIWeek/DeployableSpacemanAgent),0.1,0,1
,Technik Corpus (Spaceman/AIWeek/DeployableSpacemanAgent),0.02,0,2
,Drones/AIWeek/VacuumDroneAgent,0.0099999998,0,2
,Oxium Osprey (Drones/AIWeek/SuicideDroneAgent),0.050000001,0,1
CorpusSquadDefenseB,Załogant (Spaceman/AIWeek/RifleSpacemanAgent),1,0,0
,Załogant (Spaceman/AIWeek/ShotgunSpacemanAgent),0.25,0,0
,Moa (BipedRobot/AIWeek/LaserCannonBipedAgent),0.5,0,0
,Sejsmiczny Moa (BipedRobot/AIWeek/ShockwaveBipedAgent),0.1,0,1
,Osprey-Tarcza (Drones/AIWeek/ShieldDroneAgent),0.15000001,0,1
,Elite Crewman (Spaceman/EliteSpacemanAgent),0.2,0,2
,Osprey-Miner (Drones/AIWeek/MineDroneAgent),0.15000001,0,2
,Sejsmiczny Moa (BipedRobot/AIWeek/ShockwaveBipedAgent),0.25,0,2
,Snajper (Spaceman/AIWeek/SniperSpacemanAgent),0.25,0,2
,Moa-Hybryda (BipedRobot/AIWeek/SuperMoaBipedAgent),0.02,0,2
,Technik Corpus (Spaceman/AIWeek/DeployableSpacemanAgent),0.1,0,1
,Anti Moa (BipedRobot/AIWeek/LaserDiscBipedAgent),0.02,0,2
,Drones/AIWeek/VacuumDroneAgent,0.0099999998,0,2
,Oxium Osprey (Drones/AIWeek/SuicideDroneAgent),0.025,0,1
CorpusSurvivalA,Załogant (Spaceman/AIWeek/RifleSpacemanAgent),1,0,0
,Załogant Z Nahajem (Spaceman/AIWeek/MeleeSpacemanAgent),0.25,6,0
,Moa (BipedRobot/AIWeek/LaserCannonBipedAgent),0.60000002,0,0
,Załogant (Spaceman/AIWeek/RifleSpacemanAgent),1,0,1
,Moa (BipedRobot/AIWeek/LaserCannonBipedAgent),0.60000002,0,1
,Oxium Osprey (Drones/AIWeek/SuicideDroneAgent),0.1,3,1
,Załogant (Spaceman/AIWeek/RifleSpacemanAgent),1,0,2
,Moa (BipedRobot/AIWeek/LaserCannonBipedAgent),0.60000002,0,2
,Osprey-Tarcza (Drones/AIWeek/ShieldDroneAgent),1,3,2
,Załogant (Spaceman/AIWeek/RifleSpacemanAgent),1,0,3
,Moa (BipedRobot/AIWeek/LaserCannonBipedAgent),0.60000002,0,3
,Osprey-Tarcza (Drones/AIWeek/ShieldDroneAgent),1,3,3
,Załogant (Spaceman/AIWeek/RifleSpacemanAgent),1,0,4
,Moa (BipedRobot/AIWeek/LaserCannonBipedAgent),0.60000002,0,4
,Oxium Osprey (Drones/AIWeek/SuicideDroneAgent),0.1,3,4
,Osprey-Tarcza (Drones/AIWeek/ShieldDroneAgent),1,4,4
,Moa-Hybryda (BipedRobot/AIWeek/SuperMoaBipedAgent),1,3,4
,Załogant Z Nahajem (Spaceman/AIWeek/MeleeSpacemanAgent),0.25,6,4
,Załogant (Spaceman/AIWeek/RifleSpacemanAgent),1,0,5
,Moa (BipedRobot/AIWeek/LaserCannonBipedAgent),0.60000002,0,5
,Osprey-Tarcza (Drones/AIWeek/ShieldDroneAgent),1,4,5
,Sejsmiczny Moa (BipedRobot/AIWeek/ShockwaveBipedAgent),1,3,5
,Załogant (Spaceman/AIWeek/RifleSpacemanAgent),1,0,6
,Moa (BipedRobot/AIWeek/LaserCannonBipedAgent),0.60000002,0,6
,Osprey-Tarcza (Drones/AIWeek/ShieldDroneAgent),1,5,6
,Technik Corpus (Spaceman/AIWeek/DeployableSpacemanAgent),1,3,6
,Załogant (Spaceman/AIWeek/RifleSpacemanAgent),1,0,7
,Moa (BipedRobot/AIWeek/LaserCannonBipedAgent),0.60000002,0,7
,Oxium Osprey (Drones/AIWeek/SuicideDroneAgent),0.050000001,4,7
,Osprey-Tarcza (Drones/AIWeek/ShieldDroneAgent),1,5,7
,Moa Z Railgunem (BipedRobot/AIWeek/RailgunBipedAgent),1,3,7
,Elite Crewman (Spaceman/EliteSpacemanAgent),1,2,7
,Załogant (Spaceman/AIWeek/RifleSpacemanAgent),1,0,8
,Moa (BipedRobot/AIWeek/LaserCannonBipedAgent),0.60000002,0,8
,Osprey-Tarcza (Drones/AIWeek/ShieldDroneAgent),1,5,8
,Moa-Hybryda (BipedRobot/AIWeek/SuperMoaBipedAgent),1,3,8
,Załogant Z Nahajem (Spaceman/AIWeek/MeleeSpacemanAgent),0.25,6,8
,Załogant (Spaceman/AIWeek/RifleSpacemanAgent),1,0,9
,Moa (BipedRobot/AIWeek/LaserCannonBipedAgent),0.60000002,0,9
,Osprey-Tarcza (Drones/AIWeek/ShieldDroneAgent),1,5,9
,Sejsmiczny Moa (BipedRobot/AIWeek/ShockwaveBipedAgent),1,2,9
,Technik Corpus (Spaceman/AIWeek/DeployableSpacemanAgent),1,2,9
,Moa Z Railgunem (BipedRobot/AIWeek/RailgunBipedAgent),1,2,9
,Elite Crewman (Spaceman/EliteSpacemanAgent),1,2,9
CorpusSurvivalB,Załogant (Spaceman/AIWeek/RifleSpacemanAgent),1,0,0
,Załogant Z Nahajem (Spaceman/AIWeek/MeleeSpacemanAgent),0.25,6,0
,Moa (BipedRobot/AIWeek/LaserCannonBipedAgent),0.60000002,0,0
,Załogant (Spaceman/AIWeek/ShotgunSpacemanAgent),1,0,1
,Moa (BipedRobot/AIWeek/LaserCannonBipedAgent),0.60000002,0,1
,Anti Moa (BipedRobot/AIWeek/LaserDiscBipedAgent),1,2,1
,Załogant (Spaceman/AIWeek/RifleSpacemanAgent),1,0,2
,Anti Moa (BipedRobot/AIWeek/LaserDiscBipedAgent),1,2,2
,Moa (BipedRobot/AIWeek/LaserCannonBipedAgent),0.60000002,0,2
,Osprey-Tarcza (Drones/AIWeek/ShieldDroneAgent),1,3,2
,Załogant (Spaceman/AIWeek/RifleSpacemanAgent),1,0,3
,Oxium Osprey (Drones/AIWeek/SuicideDroneAgent),0.050000001,3,3
,Anti Moa (BipedRobot/AIWeek/LaserDiscBipedAgent),1,3,3
,Moa (BipedRobot/AIWeek/LaserCannonBipedAgent),0.60000002,0,3
,Osprey-Tarcza (Drones/AIWeek/ShieldDroneAgent),1,3,3
,Załogant (Spaceman/AIWeek/ShotgunSpacemanAgent),1,0,4
,Anti Moa (BipedRobot/AIWeek/LaserDiscBipedAgent),1,3,4
,Moa (BipedRobot/AIWeek/LaserCannonBipedAgent),0.60000002,0,4
,Osprey-Tarcza (Drones/AIWeek/ShieldDroneAgent),1,3,4
,Moa-Hybryda (BipedRobot/AIWeek/SuperMoaBipedAgent),1,3,4
,Załogant Z Nahajem (Spaceman/AIWeek/MeleeSpacemanAgent),0.25,6,4
,Załogant (Spaceman/AIWeek/RifleSpacemanAgent),1,0,5
,Anti Moa (BipedRobot/AIWeek/LaserDiscBipedAgent),1,3,5
,Moa (BipedRobot/AIWeek/LaserCannonBipedAgent),0.60000002,0,5
,Osprey-Tarcza (Drones/AIWeek/ShieldDroneAgent),1,4,5
,Oxium Osprey (Drones/AIWeek/SuicideDroneAgent),0.050000001,3,5
,Sejsmiczny Moa (BipedRobot/AIWeek/ShockwaveBipedAgent),1,3,5
,Załogant (Spaceman/AIWeek/RifleSpacemanAgent),1,0,6
,Anti Moa (BipedRobot/AIWeek/LaserDiscBipedAgent),1,4,6
,Moa (BipedRobot/AIWeek/LaserCannonBipedAgent),0.60000002,0,6
,Osprey-Tarcza (Drones/AIWeek/ShieldDroneAgent),1,4,6
,Technik Corpus (Spaceman/AIWeek/DeployableSpacemanAgent),1,3,6
,Załogant (Spaceman/AIWeek/RifleSpacemanAgent),1,0,7
,Anti Moa (BipedRobot/AIWeek/LaserDiscBipedAgent),1,4,7
,Moa (BipedRobot/AIWeek/LaserCannonBipedAgent),0.60000002,0,7
,Osprey-Tarcza (Drones/AIWeek/ShieldDroneAgent),1,5,7
,Moa Z Railgunem (BipedRobot/AIWeek/RailgunBipedAgent),1,3,7
,Elite Crewman (Spaceman/EliteSpacemanAgent),1,2,7
,Załogant (Spaceman/AIWeek/RifleSpacemanAgent),1,0,8
,Moa (BipedRobot/AIWeek/LaserCannonBipedAgent),0.60000002,0,8
,Oxium Osprey (Drones/AIWeek/SuicideDroneAgent),0.1,4,8
,Anti Moa (BipedRobot/AIWeek/LaserDiscBipedAgent),1,4,8
,Osprey-Tarcza (Drones/AIWeek/ShieldDroneAgent),1,5,8
,Moa-Hybryda (BipedRobot/AIWeek/SuperMoaBipedAgent),1,3,8
,Załogant Z Nahajem (Spaceman/AIWeek/MeleeSpacemanAgent),0.25,6,8
,Załogant (Spaceman/AIWeek/ShotgunSpacemanAgent),1,0,9
,Anti Moa (BipedRobot/AIWeek/LaserDiscBipedAgent),1,5,9
,Moa (BipedRobot/AIWeek/LaserCannonBipedAgent),0.60000002,0,9
,Osprey-Tarcza (Drones/AIWeek/ShieldDroneAgent),1,5,9
,Sejsmiczny Moa (BipedRobot/AIWeek/ShockwaveBipedAgent),1,2,9
,Technik Corpus (Spaceman/AIWeek/DeployableSpacemanAgent),1,2,9
,Elite Crewman (Spaceman/EliteSpacemanAgent),1,2,9
DesertGrineerDefenseA,Desert/RifleLancer,1,0,0
,Desert/EliteRifleLancer,1,0,0
,Desert/BladeSawmanNoCoverSurvival,0.5,5,0
,Desert/ShotgunLancer,0.25,0,0
,Desert/JetpackMarine,0.25,5,0
,Desert/MinigunBombard,0.050000001,2,1
,Desert/EvisceratorLancer,0.1,2,1
,AIWeek/GrineerFemale,0.5,4,1
,Desert/GrineerMarinePistol,0.15000001,0,1
,AIWeek/GrineerRollingDrone,0.2,2,2
,AIWeek/RocketBombard,0.025,2,2
,AIWeek/MacheteWomanNoCover,0.2,3,2
,AIWeek/FlameLancer,0.15000001,2,2
DesertGrineerSquadOne,Desert/RifleLancer,1,0,0
,Desert/EliteRifleLancer,1,0,0
,Desert/BladeSawman,0.30000001,0,0
,Desert/ShotgunLancer,0.25,0,0
,Desert/MinigunBombard,0.050000001,2,0
,Desert/EvisceratorLancer,0.1,2,0
,Desert/JetpackMarine,0.25,5,0
,Regulator (SpecialEvents/SurveillanceDroneAgent),0.050000001,0,0
,Desert/GrineerMarinePistol,0.050000001,0,0
,/Lotus/Types/NeutralCreatures/SandRayCreature,0.25,3,0
,AIWeek/GrineerFemale,0.1,4,0
EventCorpusSquadA,Załogant (Spaceman/AIWeek/RifleSpacemanAgent),1,0,0
,Elite Crewman (Spaceman/EliteSpacemanAgent),1,0,0
,Sejsmiczny Moa (BipedRobot/AIWeek/ShockwaveBipedAgent),0.2,0,0
,Osprey-Tarcza (Drones/AIWeek/ShieldDroneAgent),0.15000001,1,0
,Załogant Z Nahajem (Spaceman/AIWeek/MeleeSpacemanAgent),0.25,0,0
,Moa (BipedRobot/AIWeek/LaserCannonBipedAgent),0.5,0,0
,Moa-Hybryda (BipedRobot/AIWeek/SuperMoaBipedAgent),0.02,0,0
,Technik Corpus (Spaceman/AIWeek/DeployableSpacemanAgent),0.050000001,0,0
EventGrineerSquadOne,AIWeek/RifleLancer,1,0,0
,AIWeek/EliteRifleLancer,1,0,0
,AIWeek/MacheteWoman,0.2,0,0
,AIWeek/ShotgunLancer,0.25,0,0
,AIWeek/MinigunBombard,0.1,2,0
,AIWeek/RocketBombard,0.1,0,0
,GrineerMarinePistol,0.15000001,0,0
,AIWeek/GrineerFemale,0.1,0,0
,AIWeek/EviseratorLancer,0.1,0,0
,AIWeek/JetpackMarine,0.050000001,0,0
,SpecialEvents/Prosecutor,1,3,0
ForestBossGrineerSquadOne,Forest/RifleLancer,1,0,0
,Forest/BladeSawman,0.25,0,0
,Forest/ShotgunLancer,0.2,3,0
,Forest/JetpackMarine,0.25,1,0
,Forest/GrineerMarinePistol,0.050000001,3,0
,Forest/EliteRifleLancer,0.25,3,1
,Forest/EvisceratorLancer,0.1,1,1
,AIWeek/FlameLancer,0.1,1,2
ForestGrineerSquadOne,Forest/RifleLancer,1,0,0
,Forest/BladeSawman,0.25,0,0
,Forest/ShotgunLancer,0.2,3,0
,Forest/MinigunBombard,0.050000001,1,0
,AIWeek/GrineerFemale,0.1,1,0
,Forest/JetpackMarine,0.25,1,0
,Frontier Regulator (SpecialEvents/ForestDroneAgent),0.050000001,0,0
,Forest/GrineerMarinePistol,0.050000001,3,0
,Forest/EliteRifleLancer,0.25,3,1
,AIWeek/MacheteWoman,0.2,0,1
,Forest/EvisceratorLancer,0.1,1,1
,AIWeek/RocketBombard,0.1,1,2
,AIWeek/FlameLancer,0.1,1,2
,Forest/MinigunBombard,0.1,2,2
ForestGrineerSurvivalA,Forest/RifleLancer,1,0,0
,AIWeek/MacheteWomanNoCover,0.5,2,0
,Forest/BladeSawmanNoCover,0.5,0,0
,Forest/RifleLancer,1,0,1
,Forest/BladeSawmanNoCover,0.5,0,1
,Forest/JetpackMarine,0.25,1,1
,Forest/ShotgunLancer,0.25,1,1
,Forest/RifleLancer,1,0,2
,Forest/BladeSawmanNoCover,0.5,0,2
,Forest/GrineerMarinePistol,0.25,3,2
,Forest/JetpackMarine,0.25,1,2
,Frontier Regulator (SpecialEvents/ForestDroneAgent),1,2,2
,Forest/ShotgunLancer,1,2,2
,Forest/RifleLancer,1,0,3
,Forest/BladeSawmanNoCover,0.5,0,3
,Forest/GrineerMarinePistol,0.25,4,3
,Forest/JetpackMarine,0.25,1,3
,Frontier Regulator (SpecialEvents/ForestDroneAgent),1,2,3
,AIWeek/GrineerFemale,1,2,3
,Forest/RifleLancer,1,0,4
,Forest/BladeSawmanNoCover,0.5,0,4
,Forest/GrineerMarinePistol,0.25,3,4
,AIWeek/IncendiaryBombard,0.25,1,4
,Forest/JetpackMarine,0.25,1,4
,AIWeek/GrineerFemale,0.5,2,4
,Forest/RifleLancer,1,0,5
,Forest/BladeSawmanNoCover,0.25,0,5
,Forest/GrineerMarinePistol,0.25,3,5
,AIWeek/FlameLancer,0.2,1,5
,Forest/JetpackMarine,0.5,1,5
,Forest/ShotgunLancer,0.5,3,5
,Forest/RifleLancer,1,0,6
,Forest/EliteRifleLancer,0.5,3,6
,Forest/BladeSawmanNoCover,0.25,0,6
,Forest/GrineerMarinePistol,0.25,4,6
,Frontier Regulator (SpecialEvents/ForestDroneAgent),1,2,6
,Forest/ShotgunLancer,0.5,3,6
,Forest/RifleLancer,1,0,7
,Forest/EliteRifleLancer,0.25,0,7
,Forest/BladeSawmanNoCover,0.25,0,7
,Forest/GrineerMarinePistol,0.25,4,7
,Forest/JetpackMarine,0.25,2,7
,Forest/MinigunBombard,0.2,2,7
,Forest/ShotgunLancer,0.5,4,7
,AIWeek/GrineerFemale,0.25,3,7
,Forest/RifleLancer,1,0,8
,Forest/EliteRifleLancer,0.25,0,8
,Forest/BladeSawmanNoCover,0.25,0,8
,Forest/GrineerMarinePistol,1,0,8
,AIWeek/IncendiaryBombard,0.25,2,8
,Forest/JetpackMarine,0.25,2,8
,Frontier Regulator (SpecialEvents/ForestDroneAgent),1,2,8
,AIWeek/GrineerFemale,0.5,3,8
,Forest/RifleLancer,1,0,0
,Forest/EliteRifleLancer,0.5,0,9
,Forest/BladeSawmanNoCover,0.25,0,9
,Forest/GrineerMarinePistol,0.25,5,9
,AIWeek/FlameLancer,1,2,9
,AIWeek/RocketBombard,1,1,9
,Forest/MinigunBombard,1,2,9
,Forest/ShotgunLancer,0.5,4,9
ForestGrineerTerritoriesOne,Forest/RifleLancer,1,0,0
,Forest/BladeSawman,0.30000001,0,0
,Forest/ShotgunLancer,0.25,0,0
,Forest/MinigunBombard,0.050000001,2,0
,Forest/JetpackMarine,0.25,1,0
,Forest/GrineerMarinePistol,0.050000001,0,0
,Forest/EliteRifleLancer,0.5,0,1
,AIWeek/MacheteWoman,0.2,0,1
,Forest/EvisceratorLancer,0.15000001,1,1
,AIWeek/GrineerFemale,0.2,3,1
,AIWeek/ShieldLancer,0.1,0,1
,AIWeek/RocketBombard,0.1,1,2
,AIWeek/FlameLancer,0.1,2,2
,Forest/MinigunBombard,0.1,2,2
,Forest/EvisceratorLancer,0.2,2,2
ForestKubrowTestSquad,Forest/RifleLancer,1,0,0
,Forest/BladeSawman,0.25,0,0
,Forest/ShotgunLancer,0.2,3,0
,Forest/JetpackMarine,0.25,1,0
,Forest/GrineerMarinePistol,0.050000001,3,0
,Forest/EliteRifleLancer,0.25,3,1
,Forest/EvisceratorLancer,0.1,1,1
,AIWeek/FlameLancer,0.1,1,2
,Kubrow (/Lotus/Types/NeutralCreatures/Kubrow/KubrowAgent),1,0,0
GrineerDefenseA,AIWeek/RifleLancer,1,0,0
,AIWeek/EliteRifleLancer,1,0,0
,AIWeek/BladeSawmanNoCover,0.30000001,0,0
,AIWeek/ShotgunLancer,0.25,0,0
,AIWeek/MinigunBombard,0.050000001,2,1
,AIWeek/ShieldLancer,0.1,2,1
,AIWeek/GrineerRollingDrone,0.2,0,2
,AIWeek/RocketBombard,0.025,0,2
,GrineerMarinePistol,0.15000001,0,2
,AIWeek/MacheteWomanNoCover,0.2,0,2
,AIWeek/GrineerFemale,0.1,0,1
,AIWeek/FlameLancer,0.15000001,0,1
GrineerDefenseForest,Forest/RifleLancer,1,0,0
,Forest/BladeSawman,0.30000001,0,0
,Forest/ShotgunLancer,0.25,0,0
,Forest/EliteRifleLancer,0.5,0,1
,Forest/JetpackMarine,0.25,2,1
,Forest/MinigunBombard,0.050000001,2,1
,Forest/GrineerMarinePistol,0.1,2,1
,AIWeek/GrineerFemale,0.15000001,0,1
,AIWeek/FlameLancer,0.15000001,0,1
,AIWeek/GrineerRollingDrone,0.2,0,2
,AIWeek/RocketBombard,0.025,0,2
,Forest/GrineerMarinePistol,0.15000001,0,2
,AIWeek/MacheteWomanNoCover,0.2,0,2
,Forest/EvisceratorLancer,0.1,2,2
GrineerInfestedMix,AIWeek/RifleLancer,1,0,0
,AIWeek/EliteRifleLancer,1,0,0
,AIWeek/BladeSawman,0.30000001,0,0
,AIWeek/MacheteWoman,0.2,0,0
,AIWeek/ShotgunLancer,0.25,0,0
,AIWeek/MinigunBombard,0.050000001,2,0
,AIWeek/ShieldLancer,0.1,2,0
,Taran (AiWeek/Quadrupeds/Quadruped),1,0,0
,Biegacz (AiWeek/Runners/SuicideRunner),1,0,0
,Skoczek (AiWeek/Runners/LeapingRunner),0.25,0,0
,AiWeek/Ancients/MeleeAncient,0.1,0,0
,Uzdrawiający Starożytny (AiWeek/Ancients/HealingAncient),0.1,0,0
,Mutalist-Osprey (AiWeek/InfestedDrones/PoisonDroneAgent),0.2,0,0
,AIWeek/GrineerRollingDrone,0.1,0,0
,AIWeek/GrineerFemale,0.1,0,0
GrineerInfestedMixB,AIWeek/RifleLancer,1,0,0
,AIWeek/EliteRifleLancer,1,0,0
,AIWeek/PistonSawman,0.30000001,0,0
,AIWeek/RocketBombard,0.050000001,2,0
,AIWeek/BladeSawman,0.1,2,0
,Taran (AiWeek/Quadrupeds/Quadruped),1,0,0
,Skoczek (AiWeek/Runners/LeapingRunner),0.25,0,0
,Toksyczny Starożytny (AiWeek/Ancients/ToxicAncient),0.1,0,0
,Uzdrawiający Starożytny (AiWeek/Ancients/HealingAncient),0.1,0,0
,Mutalist-Osprey (AiWeek/InfestedDrones/PoisonDroneAgent),0.2,0,0
GrineerInfestedMixDesert,Desert/RifleLancer,1,0,0
,Desert/EliteRifleLancer,1,0,0
,Desert/BladeSawman,0.30000001,0,0
,Desert/ShotgunLancer,0.25,0,0
,Desert/MinigunBombard,0.050000001,2,0
,Desert/EvisceratorLancer,0.1,2,0
,Desert/JetpackMarine,0.25,0,0
,Desert/GrineerMarinePistol,0.050000001,0,0
,/Lotus/Types/NeutralCreatures/SandRayCreature,0.25,3,0
,AIWeek/GrineerFemale,0.1,4,0
,Taran (AiWeek/Quadrupeds/Quadruped),1,0,0
,Skoczek (AiWeek/Runners/LeapingRunner),0.75,0,0
,Biegacz (AiWeek/Runners/SuicideRunner),0.5,0,0
,AiWeek/Ancients/MeleeAncient,0.2,0,0
,Toksyczny Starożytny (AiWeek/Ancients/ToxicAncient),0.1,0,0
,Mutalist-Osprey (AiWeek/InfestedDrones/PoisonDroneAgent),0.25,0,0
GrineerInfestedMixForest,Forest/RifleLancer,1,0,0
,Forest/EliteRifleLancer,0.2,2,0
,Forest/BladeSawman,0.30000001,0,0
,Forest/ShotgunLancer,0.25,3,0
,Forest/MinigunBombard,0.050000001,2,0
,AIWeek/GrineerFemale,0.1,2,0
,Forest/JetpackMarine,0.25,1,0
,Forest/GrineerMarinePistol,0.050000001,0,0
,AIWeek/MacheteWoman,0.2,0,1
,Forest/EvisceratorLancer,0.1,1,1
,AIWeek/ShieldLancer,0.1,0,1
,AIWeek/RocketBombard,0.1,1,2
,AIWeek/FlameLancer,0.1,1,2
,Forest/MinigunBombard,0.1,2,2
,Taran (AiWeek/Quadrupeds/Quadruped),1,0,0
,Skoczek (AiWeek/Runners/LeapingRunner),0.75,0,0
,Biegacz (AiWeek/Runners/SuicideRunner),0.5,0,0
,AiWeek/Ancients/MeleeAncient,0.2,0,0
,Toksyczny Starożytny (AiWeek/Ancients/ToxicAncient),0.1,0,0
,Mutalist-Osprey (AiWeek/InfestedDrones/PoisonDroneAgent),0.25,0,0
GrineerSettlementSurvivalA,Desert/RifleLancer,1,0,0
,Desert/EliteRifleLancer,0.75,0,0
,Desert/BladeSawmanNoCoverSurvival,0.5,10,0
,Desert/RifleLancer,1,0,1
,Desert/EliteRifleLancer,0.75,0,1
,Desert/JetpackMarine,0.5,3,1
,Desert/BladeSawmanNoCoverSurvival,0.5,10,1
,Desert/EliteRifleLancer,1,0,2
,Desert/JetpackMarine,0.5,5,2
,Desert/EvisceratorLancer,0.5,2,2
,AIWeek/ShotgunLancer,1,3,2
,Regulator (SpecialEvents/SurveillanceDroneAgent),1,2,2
,AIWeek/GrineerFemale,0.5,4,3
,Desert/EliteRifleLancer,1,0,3
,Desert/JetpackMarine,0.5,5,3
,Desert/EvisceratorLancer,1,2,3
,AIWeek/ShieldLancer,1,5,3
,Desert/BladeSawmanNoCoverSurvival,0.5,8,3
,Desert/EliteRifleLancer,1,0,4
,Desert/JetpackMarine,0.5,5,4
,Desert/EvisceratorLancer,0.5,2,4
,AIWeek/IncendiaryBombard,0.5,2,4
,AIWeek/ShotgunLancer,1,4,4
,Regulator (SpecialEvents/SurveillanceDroneAgent),1,2,4
,Desert/EliteRifleLancer,1,0,5
,AIWeek/GrineerFemale,1,4,5
,Desert/JetpackMarine,0.5,5,5
,Desert/EvisceratorLancer,1,3,5
,AIWeek/FlameLancer,1,3,5
,AIWeek/ShieldLancer,1,5,5
,Desert/BladeSawmanNoCoverSurvival,0.5,8,5
,Desert/EliteRifleLancer,1,0,6
,Desert/JetpackMarine,0.5,6,6
,Desert/EvisceratorLancer,1,3,6
,AIWeek/RocketBombard,1,3,6
,AIWeek/ShotgunLancer,1,4,6
,AIWeek/ShieldLancer,1,6,6
,Regulator (SpecialEvents/SurveillanceDroneAgent),1,2,6
,Desert/EliteRifleLancer,1,0,7
,Desert/JetpackMarine,0.75,5,7
,Desert/EvisceratorLancer,1,4,7
,Desert/MinigunBombard,1,3,7
,AIWeek/GrineerFemale,1,6,7
,Desert/BladeSawmanNoCoverSurvival,0.5,8,7
,Desert/EliteRifleLancer,1,0,8
,Desert/JetpackMarine,1,6,8
,Desert/EvisceratorLancer,1,4,8
,AIWeek/IncendiaryBombard,1,3,8
,Desert/ShotgunLancer,1,5,8
,AIWeek/ShieldLancer,1,6,8
,Regulator (SpecialEvents/SurveillanceDroneAgent),1,2,8
,Desert/EliteRifleLancer,1,0,9
,Desert/JetpackMarine,1,6,9
,AIWeek/IncendiaryBombard,1,2,9
,AIWeek/FlameLancer,1,3,9
,AIWeek/RocketBombard,1,2,9
,Desert/MinigunBombard,1,2,9
,AIWeek/GrineerFemale,1,6,9
,AIWeek/ShieldLancer,1,7,9
GrineerSquadFive,AIWeek/RifleLancer,1,0,0
,AIWeek/EliteRifleLancer,1,0,0
,AIWeek/MacheteWoman,0.2,0,0
,AIWeek/BladeSawman,0.2,0,0
,AIWeek/ShotgunLancer,0.25,0,0
,AIWeek/MinigunBombard,0.050000001,2,0
,AIWeek/ShieldLancer,0.1,2,0
,AIWeek/GrineerRollingDrone,0.2,0,0
,AIWeek/RocketBombard,0.025,0,0
,GrineerMarinePistol,0.15000001,0,0
,AIWeek/GrineerFemale,0.1,0,0
,AIWeek/FlameLancer,0.1,0,0
GrineerSquadFour,AIWeek/RifleLancer,1,0,0
,AIWeek/EliteRifleLancer,1,0,0
,AIWeek/MacheteWoman,0.30000001,0,0
,AIWeek/ShotgunLancer,0.25,0,0
,AIWeek/MinigunBombard,0.050000001,2,0
,AIWeek/ShieldLancer,0.1,2,0
,AIWeek/GrineerRollingDrone,0.2,0,0
,AIWeek/GrineerFemale,0.1,0,0
,AIWeek/FlameLancer,0.2,0,0
,AIWeek/PistonSawman,0.30000001,0,0
GrineerSquadOne,AIWeek/RifleLancer,1,0,0
,AIWeek/EliteRifleLancer,1,0,0
,AIWeek/BladeSawman,0.30000001,0,0
,AIWeek/ShotgunLancer,0.25,0,0
,AIWeek/MinigunBombard,0.050000001,2,0
,AIWeek/ShieldLancer,0.1,2,0
GrineerSquadSabotageEvent,AIWeek/RifleLancer,1,0,0
,AIWeek/EliteRifleLancer,1,0,0
,AIWeek/MacheteWoman,0.2,0,0
,AIWeek/BladeSawman,0.2,0,0
,AIWeek/MinigunBombard,0.050000001,2,0
,AIWeek/ShieldLancer,0.1,2,0
,AIWeek/GrineerRollingDrone,0.2,0,0
,GrineerMarinePistol,0.15000001,0,0
,AIWeek/GrineerFemale,0.1,0,0
,AIWeek/EviseratorLancer,0.25,0,0
GrineerSquadSix,AIWeek/RifleLancer,1,0,0
,AIWeek/EliteRifleLancer,1,0,0
,AIWeek/MacheteWoman,0.2,0,0
,AIWeek/ShotgunLancer,0.25,0,0
,AIWeek/MinigunBombard,0.1,2,0
,AIWeek/RocketBombard,0.1,0,0
,GrineerMarinePistol,0.15000001,0,0
,AIWeek/GrineerFemale,0.1,0,0
,AIWeek/EviseratorLancer,0.1,0,0
,AIWeek/JetpackMarine,0.050000001,0,0
,AIWeek/PistonSawman,0.30000001,0,0
GrineerSquadThree,AIWeek/RifleLancer,1,0,0
,AIWeek/EliteRifleLancer,1,0,0
,AIWeek/BladeSawman,0.30000001,0,0
,AIWeek/MacheteWoman,0.1,0,0
,AIWeek/ShotgunLancer,0.25,0,0
,AIWeek/PistonSawman,0.1,0,0
,AIWeek/ShieldLancer,0.1,2,0
,AIWeek/IncendiaryBombard,0.050000001,2,0
,AIWeek/BlowtorchSawman,0.1,0,0
,GrineerMarinePistol,0.15000001,0,0
,AIWeek/FlameLancer,0.1,0,0
,AIWeek/PistonSawman,0.30000001,0,0
GrineerSquadTwo,AIWeek/RifleLancer,1,0,0
,AIWeek/EliteRifleLancer,1,0,0
,AIWeek/BladeSawman,0.2,0,0
,AIWeek/MacheteWoman,0.2,0,0
,AIWeek/ShotgunLancer,0.25,0,0
,AIWeek/RocketBombard,0.050000001,1,0
,AIWeek/PistonSawman,0.1,0,0
,AIWeek/ShieldLancer,0.1,2,0
,GrineerMarineLeader,0.050000001,1,0
,AIWeek/GrineerFemale,0.1,0,0
,AIWeek/FlameLancer,0.2,0,0
GrineerSurvivalA,AIWeek/RifleLancer,1,10,0
,AIWeek/EliteRifleLancer,1,15,0
,AIWeek/MacheteWomanNoCover,1,3,0
,AIWeek/BladeSawmanNoCoverSurvival,1,10,0
,AIWeek/EliteRifleLancer,1,20,1
,AIWeek/RifleLancer,1,20,1
,AIWeek/BladeSawmanNoCoverSurvival,1,10,1
,Forest/ShotgunLancer,1,2,1
,AIWeek/RifleLancer,1,20,2
,AIWeek/EliteRifleLancer,1,20,2
,AIWeek/BladeSawmanNoCoverSurvival,1,20,2
,AIWeek/ShieldLancer,0.5,3,2
,Forest/ShotgunLancer,1,2,2
,AIWeek/EliteRifleLancer,1,20,3
,AIWeek/RifleLancer,1,20,3
,AIWeek/BladeSawmanNoCoverSurvival,1,20,3
,AIWeek/ShieldLancer,0.5,3,3
,AIWeek/GrineerFemale,1,3,3
,AIWeek/EliteRifleLancer,1,20,4
,AIWeek/BladeSawmanNoCoverSurvival,1,20,4
,AIWeek/ShieldLancer,0.5,3,4
,AIWeek/IncendiaryBombard,1,3,4
,AIWeek/GrineerFemale,1,4,4
,AIWeek/EliteRifleLancer,1,20,5
,AIWeek/BladeSawmanNoCoverSurvival,1,20,5
,AIWeek/ShieldLancer,0.5,4,5
,AIWeek/FlameLancer,1,3,5
,Forest/ShotgunLancer,1,3,5
,AIWeek/EliteRifleLancer,1,20,6
,AIWeek/BladeSawmanNoCoverSurvival,1,20,6
,AIWeek/ShieldLancer,0.5,4,6
,AIWeek/RocketBombard,1,3,6
,Forest/ShotgunLancer,1,4,6
,AIWeek/EliteRifleLancer,1,20,7
,AIWeek/BladeSawmanNoCoverSurvival,1,15,7
,AIWeek/ShieldLancer,0.5,5,7
,AIWeek/MinigunBombard,1,3,7
,AIWeek/GrineerFemale,1,5,7
,Forest/ShotgunLancer,1,5,7
,AIWeek/EliteRifleLancer,1,20,8
,AIWeek/BladeSawmanNoCoverSurvival,1,10,8
,AIWeek/ShieldLancer,0.5,5,8
,AIWeek/IncendiaryBombard,1,3,8
,AIWeek/GrineerFemale,1,6,8
,AIWeek/EliteRifleLancer,1,20,9
,AIWeek/BladeSawmanNoCoverSurvival,0.5,10,9
,AIWeek/ShieldLancer,0.5,5,9
,AIWeek/FlameLancer,1,2,9
,AIWeek/RocketBombard,1,2,9
,AIWeek/MinigunBombard,1,2,9
GrineerSurvivalMercury,AIWeek/RifleLancer,1,10,0
,AIWeek/EliteRifleLancer,1,15,0
,AIWeek/MacheteWomanNoCover,1,3,0
,AIWeek/BladeSawmanNoCoverSurvival,1,10,0
,AIWeek/EliteRifleLancer,1,20,1
,AIWeek/RifleLancer,1,20,1
,AIWeek/BladeSawmanNoCoverSurvival,1,10,1
,AIWeek/RifleLancer,1,20,2
,AIWeek/EliteRifleLancer,1,20,2
,AIWeek/BladeSawmanNoCoverSurvival,1,20,2
,AIWeek/ShieldLancer,0.5,2,2
,AIWeek/EliteRifleLancer,1,20,3
,AIWeek/RifleLancer,1,20,3
,AIWeek/BladeSawmanNoCoverSurvival,1,20,3
,AIWeek/ShieldLancer,0.5,2,3
,AIWeek/EliteRifleLancer,1,20,4
,AIWeek/BladeSawmanNoCoverSurvival,1,20,4
,AIWeek/ShieldLancer,0.5,2,4
,AIWeek/MinigunBombard,1,1,4
,AIWeek/EliteRifleLancer,1,20,5
,AIWeek/BladeSawmanNoCoverSurvival,1,20,5
,AIWeek/ShieldLancer,0.5,3,5
,AIWeek/MinigunBombard,1,2,5
,AIWeek/EliteRifleLancer,1,20,6
,AIWeek/BladeSawmanNoCoverSurvival,1,20,6
,AIWeek/ShieldLancer,0.5,3,6
,AIWeek/RocketBombard,1,2,6
,AIWeek/EliteRifleLancer,1,20,7
,AIWeek/BladeSawmanNoCoverSurvival,1,20,7
,AIWeek/ShieldLancer,0.5,3,7
,AIWeek/MinigunBombard,1,3,7
,AIWeek/EliteRifleLancer,1,20,8
,AIWeek/BladeSawmanNoCoverSurvival,1,20,8
,AIWeek/ShieldLancer,0.5,3,8
,AIWeek/IncendiaryBombard,1,3,8
,AIWeek/EliteRifleLancer,1,20,9
,AIWeek/BladeSawmanNoCoverSurvival,1,20,9
,AIWeek/ShieldLancer,0.5,3,9
,AIWeek/FlameLancer,1,2,9
,AIWeek/RocketBombard,1,2,9
,AIWeek/MinigunBombard,1,2,9
InfestedCorpusMixSquadA,Taran (AiWeek/Quadrupeds/Quadruped),1,0,0
,Skoczek (AiWeek/Runners/LeapingRunner),0.75,0,0
,Biegacz (AiWeek/Runners/SuicideRunner),0.5,0,0
,AiWeek/Ancients/MeleeAncient,0.2,0,0
,Toksyczny Starożytny (AiWeek/Ancients/ToxicAncient),0.1,0,0
,Mutalist-Osprey (AiWeek/InfestedDrones/PoisonDroneAgent),0.2,0,0
,Załogant (Spaceman/AIWeek/RifleSpacemanAgent),1,0,0
,Elite Crewman (Spaceman/EliteSpacemanAgent),1,0,0
,Załogant Z Nahajem (Spaceman/AIWeek/MeleeSpacemanAgent),1,0,0
,Osprey-Tarcza (Drones/AIWeek/ShieldDroneAgent),0.15000001,0,0
,Sejsmiczny Moa (BipedRobot/AIWeek/ShockwaveBipedAgent),0.2,0,0
,Moa-Hybryda (BipedRobot/AIWeek/SuperMoaBipedAgent),0.02,0,0
InfestedDefenseA,Taran (AiWeek/Quadrupeds/Quadruped),0.69999999,0,0
,Biegacz (AiWeek/Runners/SuicideRunner),1,0,0
,Skoczek (AiWeek/Runners/LeapingRunner),0.2,0,0
,Uzdrawiający Starożytny (AiWeek/Ancients/HealingAncient),0.1,0,1
,AiWeek/Ancients/MeleeAncient,0.1,0,1
,Toksyczny Starożytny (AiWeek/Ancients/ToxicAncient),0.2,0,2
,AiWeek/Ancients/MeleeAncient,0.25,0,2
,AiWeek/Crawlers/MeleeCrawler,0.1,0,0
,AiWeek/Crawlers/LightningCrawler,0.025,0,1
,AiWeek/Crawlers/GrenadeCrawler,0.0099999998,0,2
InfestedDefenseCorpusA,Taran (AiWeek/Quadrupeds/Quadruped),0.69999999,0,0
,Biegacz (AiWeek/Runners/SuicideRunner),1,0,0
,Skoczek (AiWeek/Runners/LeapingRunner),0.2,0,0
,Uzdrawiający Starożytny (AiWeek/Ancients/HealingAncient),0.1,0,1
,AiWeek/Ancients/MeleeAncient,0.1,0,1
,Toksyczny Starożytny (AiWeek/Ancients/ToxicAncient),0.2,0,2
,AiWeek/Ancients/MeleeAncient,0.25,0,2
,AiWeek/Crawlers/MeleeCrawler,0.1,0,0
,AiWeek/Crawlers/LightningCrawler,0.025,0,1
,AiWeek/Crawlers/GrenadeCrawler,0.0099999998,0,2
,Załogant (Spaceman/AIWeek/RifleSpacemanAgent),1,0,0
,Elite Crewman (Spaceman/EliteSpacemanAgent),1,0,0
,Załogant Z Nahajem (Spaceman/AIWeek/MeleeSpacemanAgent),1,0,0
,Osprey-Tarcza (Drones/AIWeek/ShieldDroneAgent),0.15000001,0,0
,Sejsmiczny Moa (BipedRobot/AIWeek/ShockwaveBipedAgent),0.2,0,0
,Moa-Hybryda (BipedRobot/AIWeek/SuperMoaBipedAgent),0.02,0,0
,Technik Corpus (Spaceman/AIWeek/DeployableSpacemanAgent),0.050000001,0,0
InfestedDefenseGrineerA,Taran (AiWeek/Quadrupeds/Quadruped),0.69999999,0,0
,Biegacz (AiWeek/Runners/SuicideRunner),1,0,0
,Skoczek (AiWeek/Runners/LeapingRunner),0.2,0,0
,Uzdrawiający Starożytny (AiWeek/Ancients/HealingAncient),0.1,0,1
,AiWeek/Ancients/MeleeAncient,0.1,0,1
,Toksyczny Starożytny (AiWeek/Ancients/ToxicAncient),0.2,0,2
,AiWeek/Ancients/MeleeAncient,0.25,0,2
,AiWeek/Crawlers/MeleeCrawler,0.1,0,0
,AiWeek/Crawlers/LightningCrawler,0.025,0,1
,AiWeek/Crawlers/GrenadeCrawler,0.0099999998,0,2
,AIWeek/RifleLancer,1,0,0
,AIWeek/EliteRifleLancer,1,0,0
,AIWeek/RocketBombard,0.25,0,0
,AIWeek/FlameLancer,0.25,0,0
,AIWeek/BladeSawman,0.25,0,0
InfestedGrineerMixSquadA,Taran (AiWeek/Quadrupeds/Quadruped),1,0,0
,Skoczek (AiWeek/Runners/LeapingRunner),0.75,0,0
,Biegacz (AiWeek/Runners/SuicideRunner),0.5,0,0
,AiWeek/Ancients/MeleeAncient,0.2,0,0
,Toksyczny Starożytny (AiWeek/Ancients/ToxicAncient),0.1,0,0
,Mutalist-Osprey (AiWeek/InfestedDrones/PoisonDroneAgent),0.2,0,0
,AIWeek/RifleLancer,1,0,0
,AIWeek/EliteRifleLancer,1,0,0
,AIWeek/RocketBombard,0.050000001,0,0
,AIWeek/IncendiaryBombard,0.050000001,0,0
,AIWeek/FlameLancer,0.25,0,0
,AIWeek/BladeSawman,0.5,0,0
InfestedSquadA,Taran (AiWeek/Quadrupeds/Quadruped),1,0,0
,Skoczek (AiWeek/Runners/LeapingRunner),0.75,0,0
,Biegacz (AiWeek/Runners/SuicideRunner),0.5,0,0
,AiWeek/Ancients/MeleeAncient,0.2,0,0
,Toksyczny Starożytny (AiWeek/Ancients/ToxicAncient),0.1,0,0
,AiWeek/Crawlers/MeleeCrawler,0.1,0,0
,Trujący Pełzacz (AiWeek/Crawlers/NoxiousCrawler),0.050000001,0,0
,Mutalist-Osprey (AiWeek/InfestedDrones/PoisonDroneAgent),0.2,0,0
InfestedSquadB,Taran (AiWeek/Quadrupeds/Quadruped),1,0,0
,Biegacz (AiWeek/Runners/SuicideRunner),1,0,0
,Skoczek (AiWeek/Runners/LeapingRunner),0.2,0,0
,Trujący Pełzacz (AiWeek/Crawlers/NoxiousCrawler),0.5,0,0
,Toksyczny Starożytny (AiWeek/Ancients/ToxicAncient),0.1,0,0
,AiWeek/Crawlers/LightningCrawler,0.050000001,0,0
,AiWeek/Crawlers/MeleeCrawler,0.1,0,0
,Mutalist-Osprey (AiWeek/InfestedDrones/PoisonDroneAgent),0.3,0,0
InfestedSquadC,Taran (AiWeek/Quadrupeds/Quadruped),1,0,0
,Biegacz (AiWeek/Runners/SuicideRunner),1,0,0
,Skoczek (AiWeek/Runners/LeapingRunner),0.2,0,0
,Rzygający Pełzacz (AiWeek/Crawlers/GraspingCrawler),0.15000001,0,0
,Uzdrawiający Starożytny (AiWeek/Ancients/HealingAncient),0.1,0,0
,AiWeek/Ancients/MeleeAncient,0.1,0,0
,Mutalist-Osprey (AiWeek/InfestedDrones/PoisonDroneAgent),0.2,0,0
InfestedSurvivalA,Taran (AiWeek/Quadrupeds/Quadruped),1,0,0
,AiWeek/Runners/MeleeRunner,0.5,0,0
,AiWeek/Crawlers/MeleeCrawler,0.2,6,0
,Taran (AiWeek/Quadrupeds/Quadruped),1,0,1
,Biegacz (AiWeek/Runners/SuicideRunner),0.25,8,1
,AiWeek/Runners/MeleeRunner,0.5,0,1
,AiWeek/Crawlers/MeleeCrawler,0.2,6,0
,Taran (AiWeek/Quadrupeds/Quadruped),1,20,2
,Mutalist-Osprey (AiWeek/InfestedDrones/PoisonDroneAgent),0.05,0,1
,Mutalist-Osprey (AiWeek/InfestedDrones/PoisonDroneAgent),0.2,0,3
,Biegacz (AiWeek/Runners/SuicideRunner),0.25,8,2
,Skoczek (AiWeek/Runners/LeapingRunner),0.25,0,2
,Trujący Pełzacz (AiWeek/Crawlers/NoxiousCrawler),0.2,4,2
,Taran (AiWeek/Quadrupeds/Quadruped),1,0,3
,Biegacz (AiWeek/Runners/SuicideRunner),0.25,8,3
,Skoczek (AiWeek/Runners/LeapingRunner),0.25,0,3
,AiWeek/Runners/MeleeRunner,0.25,0,3
,AiWeek/Crawlers/MeleeCrawler,0.2,6,3
,Taran (AiWeek/Quadrupeds/Quadruped),1,0,4
,Biegacz (AiWeek/Runners/SuicideRunner),0.25,8,4
,Skoczek (AiWeek/Runners/LeapingRunner),0.25,0,4
,Uzdrawiający Starożytny (AiWeek/Ancients/HealingAncient),1,3,4
,AiWeek/Crawlers/LightningCrawler,0.2,4,4
,Taran (AiWeek/Quadrupeds/Quadruped),1,0,5
,Biegacz (AiWeek/Runners/SuicideRunner),0.25,8,5
,Skoczek (AiWeek/Runners/LeapingRunner),0.25,0,5
,Uzdrawiający Starożytny (AiWeek/Ancients/HealingAncient),1,3,5
,AiWeek/Runners/MeleeRunner,0.25,0,5
,AiWeek/Crawlers/MeleeCrawler,0.2,6,5
,Taran (AiWeek/Quadrupeds/Quadruped),1,0,6
,Biegacz (AiWeek/Runners/SuicideRunner),0.25,8,6
,Skoczek (AiWeek/Runners/LeapingRunner),0.25,0,6
,AiWeek/Ancients/MeleeAncient,1,3,6
,AiWeek/Crawlers/GrenadeCrawler,0.2,4,6
,Taran (AiWeek/Quadrupeds/Quadruped),1,0,7
,Biegacz (AiWeek/Runners/SuicideRunner),0.25,8,7
,Skoczek (AiWeek/Runners/LeapingRunner),0.25,0,7
,AiWeek/Ancients/MeleeAncient,1,3,7
,Uzdrawiający Starożytny (AiWeek/Ancients/HealingAncient),1,2,7
,AiWeek/Crawlers/GrenadeCrawler,0.2,4,7
,Taran (AiWeek/Quadrupeds/Quadruped),1,0,8
,Biegacz (AiWeek/Runners/SuicideRunner),0.25,8,8
,Skoczek (AiWeek/Runners/LeapingRunner),0.25,0,8
,Toksyczny Starożytny (AiWeek/Ancients/ToxicAncient),1,2,8
,Uzdrawiający Starożytny (AiWeek/Ancients/HealingAncient),1,2,8
,AiWeek/Ancients/MeleeAncient,1,1,8
,AiWeek/Crawlers/LightningCrawler,0.2,4,8
,Taran (AiWeek/Quadrupeds/Quadruped),1,0,9
,Biegacz (AiWeek/Runners/SuicideRunner),0.25,8,9
,Skoczek (AiWeek/Runners/LeapingRunner),0.25,0,9
,Uzdrawiający Starożytny (AiWeek/Ancients/HealingAncient),1,2,9
,AiWeek/Ancients/MeleeAncient,1,2,9
,Toksyczny Starożytny (AiWeek/Ancients/ToxicAncient),1,2,9
,Trujący Pełzacz (AiWeek/Crawlers/NoxiousCrawler),0.2,4,9
InfestedSurvivalACorpus,Załogant (Spaceman/AIWeek/RifleSpacemanAgent),1,4,0
,Elite Crewman (Spaceman/EliteSpacemanAgent),0.5,1,0
,Załogant Z Nahajem (Spaceman/AIWeek/MeleeSpacemanAgent),0.2,2,0
,Osprey-Tarcza (Drones/AIWeek/ShieldDroneAgent),0.5,1,0
,Sejsmiczny Moa (BipedRobot/AIWeek/ShockwaveBipedAgent),0.1,1,0
,Moa-Hybryda (BipedRobot/AIWeek/SuperMoaBipedAgent),0.02,1,0
,Technik Corpus (Spaceman/AIWeek/DeployableSpacemanAgent),0.1,1,0
,Taran (AiWeek/Quadrupeds/Quadruped),1,0,0
,AiWeek/Runners/MeleeRunner,0.5,0,0
,Taran (AiWeek/Quadrupeds/Quadruped),1,0,1
,Biegacz (AiWeek/Runners/SuicideRunner),0.25,8,1
,AiWeek/Runners/MeleeRunner,0.5,0,1
,Taran (AiWeek/Quadrupeds/Quadruped),1,20,2
,Mutalist-Osprey (AiWeek/InfestedDrones/PoisonDroneAgent),0.05,0,1
,Mutalist-Osprey (AiWeek/InfestedDrones/PoisonDroneAgent),0.2,0,3
,Biegacz (AiWeek/Runners/SuicideRunner),0.25,8,2
,Skoczek (AiWeek/Runners/LeapingRunner),0.25,0,2
,Taran (AiWeek/Quadrupeds/Quadruped),1,0,3
,Biegacz (AiWeek/Runners/SuicideRunner),0.25,8,3
,Skoczek (AiWeek/Runners/LeapingRunner),0.25,0,3
,AiWeek/Runners/MeleeRunner,0.25,0,3
,Taran (AiWeek/Quadrupeds/Quadruped),1,0,4
,Biegacz (AiWeek/Runners/SuicideRunner),0.25,8,4
,Skoczek (AiWeek/Runners/LeapingRunner),0.25,0,4
,Uzdrawiający Starożytny (AiWeek/Ancients/HealingAncient),1,3,4
,Taran (AiWeek/Quadrupeds/Quadruped),1,0,5
,Biegacz (AiWeek/Runners/SuicideRunner),0.25,8,5
,Skoczek (AiWeek/Runners/LeapingRunner),0.25,0,5
,Uzdrawiający Starożytny (AiWeek/Ancients/HealingAncient),1,3,5
,AiWeek/Runners/MeleeRunner,0.25,0,5
,Taran (AiWeek/Quadrupeds/Quadruped),1,0,6
,Biegacz (AiWeek/Runners/SuicideRunner),0.25,8,6
,Skoczek (AiWeek/Runners/LeapingRunner),0.25,0,6
,AiWeek/Ancients/MeleeAncient,1,3,6
,Taran (AiWeek/Quadrupeds/Quadruped),1,0,7
,Biegacz (AiWeek/Runners/SuicideRunner),0.25,8,7
,Skoczek (AiWeek/Runners/LeapingRunner),0.25,0,7
,Uzdrawiający Starożytny (AiWeek/Ancients/HealingAncient),1,2,7
,AiWeek/Ancients/MeleeAncient,1,2,7
,Taran (AiWeek/Quadrupeds/Quadruped),1,0,8
,Biegacz (AiWeek/Runners/SuicideRunner),0.25,8,8
,Skoczek (AiWeek/Runners/LeapingRunner),0.25,0,8
,Toksyczny Starożytny (AiWeek/Ancients/ToxicAncient),1,2,8
,Uzdrawiający Starożytny (AiWeek/Ancients/HealingAncient),1,1,8
,AiWeek/Ancients/MeleeAncient,1,1,8
,Taran (AiWeek/Quadrupeds/Quadruped),1,0,9
,Biegacz (AiWeek/Runners/SuicideRunner),0.25,8,9
,Skoczek (AiWeek/Runners/LeapingRunner),0.25,0,9
,Uzdrawiający Starożytny (AiWeek/Ancients/HealingAncient),1,2,9
,AiWeek/Ancients/MeleeAncient,1,2,9
,Toksyczny Starożytny (AiWeek/Ancients/ToxicAncient),1,2,9
InfestedSurvivalAGrineer,AIWeek/RifleLancer,1,3,0
,AIWeek/EliteRifleLancer,1,1,0
,AIWeek/RocketBombard,0.1,1,0
,AIWeek/FlameLancer,0.1,2,0
,AIWeek/BladeSawman,1,2,0
,AIWeek/MinigunBombard,0.1,1,0
,AIWeek/ShotgunLancer,0.1,1,0
,Taran (AiWeek/Quadrupeds/Quadruped),1,0,0
,AiWeek/Runners/MeleeRunner,0.5,0,0
,Taran (AiWeek/Quadrupeds/Quadruped),1,0,1
,Biegacz (AiWeek/Runners/SuicideRunner),0.25,8,1
,AiWeek/Runners/MeleeRunner,0.5,0,1
,Taran (AiWeek/Quadrupeds/Quadruped),1,20,2
,Mutalist-Osprey (AiWeek/InfestedDrones/PoisonDroneAgent),0.05,0,1
,Mutalist-Osprey (AiWeek/InfestedDrones/PoisonDroneAgent),0.2,0,3
,Biegacz (AiWeek/Runners/SuicideRunner),0.25,8,2
,Skoczek (AiWeek/Runners/LeapingRunner),0.25,0,2
,Taran (AiWeek/Quadrupeds/Quadruped),1,0,3
,Biegacz (AiWeek/Runners/SuicideRunner),0.25,8,3
,Skoczek (AiWeek/Runners/LeapingRunner),0.25,0,3
,AiWeek/Runners/MeleeRunner,0.25,0,3
,Taran (AiWeek/Quadrupeds/Quadruped),1,0,4
,Biegacz (AiWeek/Runners/SuicideRunner),0.25,8,4
,Skoczek (AiWeek/Runners/LeapingRunner),0.25,0,4
,Uzdrawiający Starożytny (AiWeek/Ancients/HealingAncient),1,3,4
,Taran (AiWeek/Quadrupeds/Quadruped),1,0,5
,Biegacz (AiWeek/Runners/SuicideRunner),0.25,8,5
,Skoczek (AiWeek/Runners/LeapingRunner),0.25,0,5
,Uzdrawiający Starożytny (AiWeek/Ancients/HealingAncient),1,3,5
,AiWeek/Runners/MeleeRunner,0.25,0,5
,Taran (AiWeek/Quadrupeds/Quadruped),1,0,6
,Biegacz (AiWeek/Runners/SuicideRunner),0.25,8,6
,Skoczek (AiWeek/Runners/LeapingRunner),0.25,0,6
,AiWeek/Ancients/MeleeAncient,1,3,6
,Taran (AiWeek/Quadrupeds/Quadruped),1,0,7
,Biegacz (AiWeek/Runners/SuicideRunner),0.25,8,7
,Skoczek (AiWeek/Runners/LeapingRunner),0.25,0,7
,Uzdrawiający Starożytny (AiWeek/Ancients/HealingAncient),1,2,7
,AiWeek/Ancients/MeleeAncient,1,2,7
,Taran (AiWeek/Quadrupeds/Quadruped),1,0,8
,Biegacz (AiWeek/Runners/SuicideRunner),0.25,8,8
,Skoczek (AiWeek/Runners/LeapingRunner),0.25,0,8
,Toksyczny Starożytny (AiWeek/Ancients/ToxicAncient),1,2,8
,Uzdrawiający Starożytny (AiWeek/Ancients/HealingAncient),1,1,8
,AiWeek/Ancients/MeleeAncient,1,1,8
,Taran (AiWeek/Quadrupeds/Quadruped),1,0,9
,Biegacz (AiWeek/Runners/SuicideRunner),0.25,8,9
,Skoczek (AiWeek/Runners/LeapingRunner),0.25,0,9
,Uzdrawiający Starożytny (AiWeek/Ancients/HealingAncient),1,2,9
,AiWeek/Ancients/MeleeAncient,1,2,9
,Toksyczny Starożytny (AiWeek/Ancients/ToxicAncient),1,2,9
InfestedHiveSquadA,Taran (AiWeek/Quadrupeds/Quadruped),1,0,0
,Skoczek (AiWeek/Runners/LeapingRunner),0.75,0,0
,Biegacz (AiWeek/Runners/SuicideRunner),0.5,0,1
,AiWeek/Ancients/MeleeAncient,0.2,0,1
,Toksyczny Starożytny (AiWeek/Ancients/ToxicAncient),0.1,0,2
,AiWeek/Crawlers/MeleeCrawler,0.25,0,0
,Trujący Pełzacz (AiWeek/Crawlers/NoxiousCrawler),0.050000001,0,1
,Mutalist-Osprey (AiWeek/InfestedDrones/PoisonDroneAgent),0.2,0,0
OrokinDefenseSquad,Corrupted Lancer (RifleLancer),0.75,0,0
,Corrupted Crewman (RifleSpacemanAgent),0.75,0,0
,Corrupted Ancient (OrokinHealingAncient),0.5,0,2
,OrokinMinigunBombard,0.25,0,2
,Orokin Drone (OrokinShieldDroneAgent),0.25,0,1
,Corrupted Moa (OrokinMoaBipedAgent),0.5,0,1
OrokinSabotageGrineer,Corrupted Lancer (RifleLancer),0.75,0,0
,Corrupted Crewman (RifleSpacemanAgent),0.75,0,0
,Corrupted Ancient (OrokinHealingAncient),0.1,0,0
,OrokinMinigunBombard,0.2,0,0
,Orokin Drone (OrokinShieldDroneAgent),0.30000001,0,0
,Corrupted Moa (OrokinMoaBipedAgent),0.1,0,0
,AIWeek/EliteRifleLancer,0.1,0,0
,AIWeek/MinigunBombard,0.050000001,0,0
,AIWeek/ShotgunLancer,0.050000001,0,0
,AIWeek/EliteRifleLancer,1,0,1
,AIWeek/BladeSawmanNoCoverSurvival,0.2,3,1
,AIWeek/ShotgunLancer,0.25,0,1
,AIWeek/MinigunBombard,0.050000001,2,1
,AIWeek/ShieldLancer,1,3,1
,AIWeek/GrineerFemale,0.1,2,1
,AIWeek/RocketBombard,0.0024999999,1,1
,AIWeek/MinigunBombard,1,0,2
,AIWeek/RocketBombard,1,0,2
,AIWeek/JetpackMarine,1,0,2
,AIWeek/IncendiaryBombard,1,0,2
OrokinSquadOne,Corrupted Lancer (RifleLancer),0.75,0,0
,Corrupted Crewman (RifleSpacemanAgent),0.75,0,0
,Corrupted Ancient (OrokinHealingAncient),0.1,0,0
,OrokinMinigunBombard,0.2,0,0
,Orokin Drone (OrokinShieldDroneAgent),0.30000001,0,0
,Corrupted Moa (OrokinMoaBipedAgent),0.1,0,0
OrokinSurvivalA,Corrupted Lancer (RifleLancer),1,0,0
,Corrupted Crewman (RifleSpacemanAgent),0.5,0,0
,Corrupted Lancer (RifleLancer),1,0,1
,Corrupted Crewman (RifleSpacemanAgent),1,0,1
,Corrupted Lancer (RifleLancer),1,0,2
,Corrupted Crewman (RifleSpacemanAgent),1,0,2
,Orokin Drone (OrokinShieldDroneAgent),1,2,2
,Corrupted Lancer (RifleLancer),1,0,3
,Corrupted Crewman (RifleSpacemanAgent),1,0,3
,Orokin Drone (OrokinShieldDroneAgent),1,2,3
,Corrupted Lancer (RifleLancer),1,0,4
,Corrupted Crewman (RifleSpacemanAgent),1,0,4
,Orokin Drone (OrokinShieldDroneAgent),1,2,4
,OrokinMinigunBombard,1,2,4
,Corrupted Lancer (RifleLancer),1,0,5
,Corrupted Crewman (RifleSpacemanAgent),1,0,5
,Orokin Drone (OrokinShieldDroneAgent),1,2,5
,Corrupted Ancient (OrokinHealingAncient),1,2,5
,Corrupted Lancer (RifleLancer),1,0,6
,Corrupted Crewman (RifleSpacemanAgent),1,0,6
,Orokin Drone (OrokinShieldDroneAgent),1,3,6
,OrokinMinigunBombard,1,3,6
,Corrupted Lancer (RifleLancer),1,0,7
,Corrupted Crewman (RifleSpacemanAgent),1,0,7
,Orokin Drone (OrokinShieldDroneAgent),1,3,7
,Corrupted Ancient (OrokinHealingAncient),1,1,7
,Corrupted Moa (OrokinMoaBipedAgent),1,1,7
,OrokinMinigunBombard,1,1,7
,Corrupted Lancer (RifleLancer),1,0,8
,Corrupted Crewman (RifleSpacemanAgent),1,0,8
,Orokin Drone (OrokinShieldDroneAgent),1,3,8
,Corrupted Ancient (OrokinHealingAncient),1,2,8
,OrokinMinigunBombard,1,2,8
,Corrupted Lancer (RifleLancer),1,0,9
,Corrupted Crewman (RifleSpacemanAgent),1,0,9
,Orokin Drone (OrokinShieldDroneAgent),1,3,9
,Corrupted Ancient (OrokinHealingAncient),1,2,9
,Corrupted Moa (OrokinMoaBipedAgent),1,2,9
,OrokinMinigunBombard,1,2,9
SupCorpusInfestedMix,Załogant (Spaceman/AIWeek/RifleSpacemanAgent),1,0,0
,Sejsmiczny Moa (BipedRobot/AIWeek/ShockwaveBipedAgent),0.2,0,0
,Osprey-Tarcza (Drones/AIWeek/ShieldDroneAgent),0.15000001,1,0
,Załogant Z Nahajem (Spaceman/AIWeek/MeleeSpacemanAgent),0.25,0,0
,Moa-Hybryda (BipedRobot/AIWeek/SuperMoaBipedAgent),0.25,0,0
,Moa (BipedRobot/AIWeek/LaserCannonBipedAgent),0.5,0,0
,Taran (AiWeek/Quadrupeds/Quadruped),1,0,0
,Biegacz (AiWeek/Runners/SuicideRunner),1,0,0
,Skoczek (AiWeek/Runners/LeapingRunner),0.25,0,0
,AiWeek/Ancients/MeleeAncient,0.1,0,0
,Trujący Pełzacz (AiWeek/Crawlers/NoxiousCrawler),0.025,0,0
,AiWeek/Crawlers/GrenadeCrawler,0.1,0,0
,Mutalist-Osprey (AiWeek/InfestedDrones/PoisonDroneAgent),0.30000001,0,0
TestSectorGrineer,AIWeek/RifleLancer,1,0,0
GrineerShipyardsA,AIWeek/RifleLancer,1,0,0
,AIWeek/EliteRifleLancer,1,0,0
,AIWeek/MacheteWoman,0.2,0,0
,AIWeek/ShotgunLancer,0.25,0,0
,AIWeek/MinigunBombard,0.1,2,0
,AIWeek/RocketBombard,0.1,0,0
,GrineerMarinePistol,0.15000001,0,0
,AIWeek/GrineerFemale,0.1,0,0
,AIWeek/EviseratorLancer,0.1,0,0
,AIWeek/JetpackMarine,0.050000001,0,0
,AIWeek/GrineerMeleeStaffAgent,0.2,0,0
CorpusGrineerInvasionEasy,Załogant (Spaceman/AIWeek/RifleSpacemanAgent),1,0,0
,Elite Crewman (Spaceman/EliteSpacemanAgent),1,0,0
,Moa (BipedRobot/AIWeek/LaserCannonBipedAgent),0.69999999,0,0
,Sejsmiczny Moa (BipedRobot/AIWeek/ShockwaveBipedAgent),0.2,0,0
,Oxium Osprey (Drones/AIWeek/SuicideDroneAgent),0.1,0,0
,Osprey-Tarcza (Drones/AIWeek/ShieldDroneAgent),0.15000001,1,0
,Załogant Z Nahajem (Spaceman/AIWeek/MeleeSpacemanAgent),0.25,0,0
,AIWeek/RifleLancer,1,0,0
,AIWeek/EliteRifleLancer,1,0,0
,AIWeek/BladeSawman,0.30000001,0,0
,AIWeek/ShotgunLancer,0.25,0,0
,AIWeek/MinigunBombard,0.1,0,0
,AIWeek/ShieldLancer,0.1,0,0
CorpusGrineerInvasionHard,Załogant (Spaceman/AIWeek/RifleSpacemanAgent),1,0,0
,Elite Crewman (Spaceman/EliteSpacemanAgent),1,0,0
,Moa (BipedRobot/AIWeek/LaserCannonBipedAgent),0.69999999,0,0
,Sejsmiczny Moa (BipedRobot/AIWeek/ShockwaveBipedAgent),0.2,0,0
,Oxium Osprey (Drones/AIWeek/SuicideDroneAgent),0.050000001,0,0
,Osprey-Tarcza (Drones/AIWeek/ShieldDroneAgent),0.15000001,1,0
,Załogant Z Nahajem (Spaceman/AIWeek/MeleeSpacemanAgent),0.25,0,0
,AIWeek/RifleLancer,1,0,0
,AIWeek/EliteRifleLancer,1,0,0
,AIWeek/BladeSawman,0.30000001,0,0
,AIWeek/ShotgunLancer,0.25,0,0
,AIWeek/MinigunBombard,0.1,0,0
,AIWeek/ShieldLancer,0.1,0,0
ExtremeCorpusInvasion,Załogant (Spaceman/AIWeek/RifleSpacemanAgent),1,0,0
,Elite Crewman (Spaceman/EliteSpacemanAgent),1,0,0
,Moa (BipedRobot/AIWeek/LaserCannonBipedAgent),0.30000001,0,0
,Sejsmiczny Moa (BipedRobot/AIWeek/ShockwaveBipedAgent),0.5,0,0
,Załogant Z Nahajem (Spaceman/AIWeek/MeleeSpacemanAgent),0.1,0,0
,Moa-Hybryda (BipedRobot/AIWeek/SuperMoaBipedAgent),0.60000002,0,0
,Moa Z Railgunem (BipedRobot/AIWeek/RailgunBipedAgent),0.40000001,0,0
,Osprey-Tarcza (Drones/AIWeek/ShieldDroneAgent),0.40000001,0,0
,Technik Corpus (Spaceman/AIWeek/DeployableSpacemanAgent),0.60000002,0,0
,Snajper (Spaceman/AIWeek/SniperSpacemanAgent),0.25,0,0
,AIWeek/RifleLancer,1,0,0
,AIWeek/EliteRifleLancer,1,0,0
,AIWeek/BladeSawman,0.30000001,0,0
,AIWeek/MinigunBombard,0.1,0,0
,AIWeek/EviseratorLancer,0.25,0,0
ExtremeGrineerInvasion,Załogant (Spaceman/AIWeek/RifleSpacemanAgent),1,0,0
,Elite Crewman (Spaceman/EliteSpacemanAgent),1,0,0
,Moa (BipedRobot/AIWeek/LaserCannonBipedAgent),0.69999999,0,0
,Sejsmiczny Moa (BipedRobot/AIWeek/ShockwaveBipedAgent),0.2,0,0
,Załogant Z Nahajem (Spaceman/AIWeek/MeleeSpacemanAgent),0.25,0,0
,AIWeek/RifleLancer,1,0,0
,AIWeek/EliteRifleLancer,1,0,0
,AIWeek/MacheteWoman,0.30000001,0,0
,AIWeek/MinigunBombard,0.25,0,0
,AIWeek/EviseratorLancer,0.25,0,0
,AIWeek/IncendiaryBombard,0.25,0,0
,AIWeek/GrineerRollingDrone,0.25,0,0
,AIWeek/FlameLancer,0.30000001,0,0
,AIWeek/ShieldLancer,0.1,0,0
ExtremeInvasion,Załogant (Spaceman/AIWeek/RifleSpacemanAgent),1,0,0
,Elite Crewman (Spaceman/EliteSpacemanAgent),1,0,0
,Moa (BipedRobot/AIWeek/LaserCannonBipedAgent),0.30000001,0,0
,Sejsmiczny Moa (BipedRobot/AIWeek/ShockwaveBipedAgent),0.5,0,0
,Załogant Z Nahajem (Spaceman/AIWeek/MeleeSpacemanAgent),0.1,0,0
,Moa-Hybryda (BipedRobot/AIWeek/SuperMoaBipedAgent),0.60000002,0,0
,Moa Z Railgunem (BipedRobot/AIWeek/RailgunBipedAgent),0.40000001,0,0
,Osprey-Tarcza (Drones/AIWeek/ShieldDroneAgent),0.40000001,0,0
,Technik Corpus (Spaceman/AIWeek/DeployableSpacemanAgent),0.60000002,0,0
,Snajper (Spaceman/AIWeek/SniperSpacemanAgent),0.25,0,0
,AIWeek/RifleLancer,1,0,0
,AIWeek/EliteRifleLancer,1,0,0
,AIWeek/MacheteWoman,0.30000001,0,0
,AIWeek/MinigunBombard,0.25,0,0
,AIWeek/EviseratorLancer,0.25,0,0
,AIWeek/IncendiaryBombard,0.25,0,0
,AIWeek/GrineerRollingDrone,0.25,0,0
,AIWeek/FlameLancer,0.2,0,0
,AIWeek/ShieldLancer,0.1,0,0
GrineerShipyardsDefenseA,AIWeek/RifleLancer,1,0,0
,AIWeek/EliteRifleLancer,1,0,0
,AIWeek/BladeSawmanNoCover,0.30000001,0,0
,AIWeek/ShotgunLancer,0.25,0,0
,AIWeek/MinigunBombard,0.050000001,2,1
,AIWeek/ShieldLancer,0.1,2,1
,AIWeek/GrineerRollingDrone,0.2,0,2
,AIWeek/RocketBombard,0.025,0,2
,GrineerMarinePistol,0.15000001,0,2
,AIWeek/MacheteWomanNoCover,0.2,0,2
,AIWeek/GrineerFemale,0.1,0,1
,AIWeek/FlameLancer,0.15000001,0,1
,AIWeek/GrineerMeleeStaffAgent,0.2,0,1
GrineerShipyardsSurvivalA,AIWeek/RifleLancer,1,10,0
,AIWeek/EliteRifleLancer,1,15,0
,AIWeek/MacheteWomanNoCover,1,3,0
,AIWeek/BladeSawmanNoCoverSurvival,1,10,0
,AIWeek/EliteRifleLancer,1,20,1
,AIWeek/RifleLancer,1,20,1
,AIWeek/BladeSawmanNoCoverSurvival,1,10,1
,Forest/ShotgunLancer,1,2,1
,AIWeek/RifleLancer,1,20,2
,AIWeek/EliteRifleLancer,1,20,2
,AIWeek/BladeSawmanNoCoverSurvival,1,20,2
,AIWeek/ShieldLancer,0.5,3,2
,Forest/ShotgunLancer,1,2,2
,AIWeek/EliteRifleLancer,1,20,3
,AIWeek/RifleLancer,1,20,3
,AIWeek/BladeSawmanNoCoverSurvival,1,20,3
,AIWeek/ShieldLancer,0.5,3,3
,AIWeek/GrineerFemale,1,3,3
,AIWeek/EliteRifleLancer,1,20,4
,AIWeek/BladeSawmanNoCoverSurvival,1,20,4
,AIWeek/ShieldLancer,0.5,4,4
,AIWeek/IncendiaryBombard,1,3,4
,AIWeek/GrineerFemale,1,4,4
,AIWeek/EliteRifleLancer,1,20,5
,AIWeek/BladeSawmanNoCoverSurvival,1,20,5
,AIWeek/ShieldLancer,0.5,4,5
,AIWeek/FlameLancer,1,1,5
,Forest/ShotgunLancer,1,3,5
,AIWeek/EliteRifleLancer,1,20,6
,AIWeek/BladeSawmanNoCoverSurvival,1,20,6
,AIWeek/ShieldLancer,0.5,5,6
,AIWeek/RocketBombard,1,3,6
,Forest/ShotgunLancer,1,4,6
,AIWeek/EliteRifleLancer,1,20,7
,AIWeek/BladeSawmanNoCoverSurvival,1,15,7
,AIWeek/ShieldLancer,0.5,5,7
,AIWeek/MinigunBombard,1,3,7
,AIWeek/GrineerFemale,1,5,7
,Forest/ShotgunLancer,1,5,7
,AIWeek/EliteRifleLancer,1,20,8
,AIWeek/BladeSawmanNoCoverSurvival,1,10,8
,AIWeek/ShieldLancer,0.5,6,8
,AIWeek/IncendiaryBombard,1,3,8
,AIWeek/GrineerFemale,1,6,8
,AIWeek/EliteRifleLancer,1,20,9
,AIWeek/BladeSawmanNoCoverSurvival,0.5,10,9
,AIWeek/ShieldLancer,0.5,7,9
,AIWeek/RocketBombard,1,1,9
,AIWeek/MinigunBombard,1,2,9
