Mob Name,Mods,,,,,,,,,,,,,,,,,
"Jackal" (QuadRobot/QuadRobot),/Lotus/Language/Items/Pistolbeamdistancemod (/Lotus/Upgrades/Mods/Pistol/WeaponBeamDistanceMod),Kompresja Naboju (/Lotus/Upgrades/Mods/Shotgun/WeaponAmmoMaxMod),Garłacz (/Lotus/Upgrades/Mods/Shotgun/WeaponCritChanceMod),Taktyczny Podajnik (/Lotus/Upgrades/Mods/Shotgun/WeaponReloadSpeedMod),Amortyzacja (/Lotus/Upgrades/Mods/Warframe/AvatarDamageResistanceKnockdown),Wybicie (/Lotus/Upgrades/Mods/Warframe/AvatarKnockdownRecoveryMod),,,,,,,,,,,,
/Lotus/Language/Bosses/Bossseargentnefanyo (Spaceman/Vip/SniperBoss),Wstrząsajacy Dotyk (/Lotus/Upgrades/Mods/Melee/WeaponElectricityDamageMod),Spirala Reakcji (/Lotus/Upgrades/Mods/Melee/WeaponMeleeChargeRateMod),Magazynek Łukowy (/Lotus/Upgrades/Mods/Rifle/WeaponClipMaxMod),Złodziejski Zmysł (/Lotus/Upgrades/Mods/Warframe/AvatarLootRadarMod),,,,,,,,,,,,,,
/Lotus/Language/Enemyleaders/Prosecutorgenericname (AIWeek/GrineerMeleeStaff),Common Rdzeń Fuzyjny (/Lotus/Upgrades/Mods/Fusers/CommonModFuser),Rare Rdzeń Fuzyjny (/Lotus/Upgrades/Mods/Fusers/RareModFuser),Uncommon Rdzeń Fuzyjny (/Lotus/Upgrades/Mods/Fusers/UncommonModFuser),Północny Wiatr (/Lotus/Upgrades/Mods/Melee/WeaponFreezeDamageMod),Spirala Reakcji (/Lotus/Upgrades/Mods/Melee/WeaponMeleeChargeRateMod),Punkt Nacisku (/Lotus/Upgrades/Mods/Melee/WeaponMeleeDamageMod),Uderzenie Grineer (/Lotus/Upgrades/Mods/Melee/WeaponMeleeFactionDamageGrineer),Precyzyjny Strzał (/Lotus/Upgrades/Mods/Rifle/WeaponCritChanceMod),Szybkie Ręce (/Lotus/Upgrades/Mods/Rifle/WeaponReloadSpeedMod),Przepływ (/Lotus/Upgrades/Mods/Warframe/AvatarPowerMaxMod),,,,,,,,
/Lotus/Language/Enemyleaders/Prosecutorleaderdeltaelecname (AIWeek/DeltaProsecutorLeader),Common Rdzeń Fuzyjny (/Lotus/Upgrades/Mods/Fusers/CommonModFuser),Rare Rdzeń Fuzyjny (/Lotus/Upgrades/Mods/Fusers/RareModFuser),Uncommon Rdzeń Fuzyjny (/Lotus/Upgrades/Mods/Fusers/UncommonModFuser),Szybki Mag. (/Lotus/Upgrades/Mods/Pistol/WeaponAmmoMaxMod),Grom (/Lotus/Upgrades/Mods/Rifle/WeaponStunChanceMod),Czystka Corpus (/Lotus/Upgrades/Mods/Shotgun/WeaponShotgunFactionDamageCorpus),Ogniotrwałość (/Lotus/Upgrades/Mods/Warframe/AvatarDamageResistanceFire),Wyczucie Wroga (/Lotus/Upgrades/Mods/Warframe/AvatarEnemyRadarMod),,,,,,,,,,
/Lotus/Language/Enemyleaders/Prosecutorleaderelecname (AIWeek/GrineerMeleeStaffLeader),Common Rdzeń Fuzyjny (/Lotus/Upgrades/Mods/Fusers/CommonModFuser),Rare Rdzeń Fuzyjny (/Lotus/Upgrades/Mods/Fusers/RareModFuser),Uncommon Rdzeń Fuzyjny (/Lotus/Upgrades/Mods/Fusers/UncommonModFuser),Szybki Mag. (/Lotus/Upgrades/Mods/Pistol/WeaponAmmoMaxMod),Grom (/Lotus/Upgrades/Mods/Rifle/WeaponStunChanceMod),Czystka Corpus (/Lotus/Upgrades/Mods/Shotgun/WeaponShotgunFactionDamageCorpus),Ogniotrwałość (/Lotus/Upgrades/Mods/Warframe/AvatarDamageResistanceFire),Wyczucie Wroga (/Lotus/Upgrades/Mods/Warframe/AvatarEnemyRadarMod),,,,,,,,,,
/Lotus/Language/G1quests/Spyquestboilerminiboss (AiWeek/Ancients/SpawningAncientMiniboss),Common Rdzeń Fuzyjny (/Lotus/Upgrades/Mods/Fusers/CommonModFuser),Uncommon Rdzeń Fuzyjny (/Lotus/Upgrades/Mods/Fusers/UncommonModFuser),Uszkodzenia Wewnętrzne (/Lotus/Upgrades/Mods/Melee/WeaponCritDamageMod),Mag. Ślizgowy (/Lotus/Upgrades/Mods/Pistol/WeaponClipMaxMod),Uderzenie Szerszenia (/Lotus/Upgrades/Mods/Pistol/WeaponDamageAmountMod),/Lotus/Language/Items/Uniqueweaponmodexplosionradius (/Lotus/Upgrades/Mods/Rifle/WeaponIncreaseRadialExplosionMod),Szybkie Odbicie (/Lotus/Upgrades/Mods/Sentinel/SentinelShieldRechargeRateMod),/Lotus/Language/Items/Slashdamageshotgunmod (/Lotus/Upgrades/Mods/Shotgun/WeaponSlashDamageMod),Płaszcz Ciepła (/Lotus/Upgrades/Mods/Warframe/AvatarMissionSpecificResistanceIce),/Lotus/Language/Items/Punchkickstanceb (/Lotus/Weapons/Tenno/Melee/MeleeTrees/PunchKickCmbTwoMeleeTree),,,,,,,,
/Lotus/Language/Game/Aladv (Vip/AladV/AladBoss),Mag. Ślizgowy (/Lotus/Upgrades/Mods/Pistol/WeaponClipMaxMod),Gorący Ładunek (/Lotus/Upgrades/Mods/Pistol/WeaponFireDamageMod),Rewolwerowiec (/Lotus/Upgrades/Mods/Pistol/WeaponFireRateMod),Szybkie Dobycie (/Lotus/Upgrades/Mods/Pistol/WeaponReloadSpeedMod),Skupienie (/Lotus/Upgrades/Mods/Warframe/AvatarAbilityStrengthMod),Witalność (/Lotus/Upgrades/Mods/Warframe/AvatarHealthMaxMod),,,,,,,,,,,,
/Lotus/Language/Game/Bossambulas (BipedRobot/Vip/BossBiped),Ognisty Cios (/Lotus/Upgrades/Mods/Melee/WeaponFireDamageMod),Punkt Nacisku (/Lotus/Upgrades/Mods/Melee/WeaponMeleeDamageMod),Gorący Ładunek (/Lotus/Upgrades/Mods/Pistol/WeaponFireDamageMod),Magazynek Łukowy (/Lotus/Upgrades/Mods/Rifle/WeaponClipMaxMod),Ogień Piekielny (/Lotus/Upgrades/Mods/Rifle/WeaponFireDamageMod),Szybkie Odbicie (/Lotus/Upgrades/Mods/Warframe/AvatarShieldRechargeRateMod),,,,,,,,,,,,
/Lotus/Language/Game/Controlriotmoaname (BipedRobot/AIWeek/RiotBipedControl),Pomsta (/Lotus/Types/Sentinels/SentinelPrecepts/Revenge),Common Rdzeń Fuzyjny (/Lotus/Upgrades/Mods/Fusers/CommonModFuser),/Lotus/Language/Items/Channelvampiremod (/Lotus/Upgrades/Mods/Melee/Channel/ChannelVampireMod),Północny Wiatr (/Lotus/Upgrades/Mods/Melee/WeaponFreezeDamageMod),Uderzenie Grineer (/Lotus/Upgrades/Mods/Melee/WeaponMeleeFactionDamageGrineer),Magazynek Bębnowy (/Lotus/Upgrades/Mods/Rifle/WeaponAmmoMaxMod),,,,,,,,,,,,
/Lotus/Language/Game/Corpusflakshipname (SpaceBattles/Ships/FlakShip),/Lotus/Language/Items/Archwingmeleefireratemod (/Lotus/Upgrades/Mods/Archwing/Melee/ArchwingMeleeFireRateMod),/Lotus/Language/Items/Archwingsuithealthmaxmod (/Lotus/Upgrades/Mods/Archwing/Suit/ArchwingSuitHealthMaxMod),/Lotus/Language/Items/Archwingsuitshieldrechargeratemod (/Lotus/Upgrades/Mods/Archwing/Suit/ArchwingSuitShieldRechargeRateMod),Common Rdzeń Fuzyjny (/Lotus/Upgrades/Mods/Fusers/CommonModFuser),Uncommon Rdzeń Fuzyjny (/Lotus/Upgrades/Mods/Fusers/UncommonModFuser),,,,,,,,,,,,,
/Lotus/Language/Game/Corpusjetspacemanname (SpaceBattles/CrewMan/JetpackMarine),/Lotus/Language/Items/Archwingmeleecritchancemod (/Lotus/Upgrades/Mods/Archwing/Melee/ArchwingMeleeCritChanceMod),/Lotus/Language/Items/Archwingmeleedamagemod (/Lotus/Upgrades/Mods/Archwing/Melee/ArchwingMeleeDamageMod),/Lotus/Language/Items/Archwingriflecritchancemod (/Lotus/Upgrades/Mods/Archwing/Rifle/ArchwingRifleCritChanceMod),/Lotus/Language/Items/Archwingriflecritdamagemod (/Lotus/Upgrades/Mods/Archwing/Rifle/ArchwingRifleCritDamageMod),Common Rdzeń Fuzyjny (/Lotus/Upgrades/Mods/Fusers/CommonModFuser),Uncommon Rdzeń Fuzyjny (/Lotus/Upgrades/Mods/Fusers/UncommonModFuser),,,,,,,,,,,,
/Lotus/Language/Game/Corpusjetspacemanthreename (SpaceBattles/CrewMan/JetpackMarineThree),/Lotus/Language/Items/Archwingmeleecritchancemod (/Lotus/Upgrades/Mods/Archwing/Melee/ArchwingMeleeCritChanceMod),/Lotus/Language/Items/Archwingmeleedamagemod (/Lotus/Upgrades/Mods/Archwing/Melee/ArchwingMeleeDamageMod),/Lotus/Language/Items/Archwingriflecritchancemod (/Lotus/Upgrades/Mods/Archwing/Rifle/ArchwingRifleCritChanceMod),/Lotus/Language/Items/Archwingriflecritdamagemod (/Lotus/Upgrades/Mods/Archwing/Rifle/ArchwingRifleCritDamageMod),Common Rdzeń Fuzyjny (/Lotus/Upgrades/Mods/Fusers/CommonModFuser),Uncommon Rdzeń Fuzyjny (/Lotus/Upgrades/Mods/Fusers/UncommonModFuser),,,,,,,,,,,,
/Lotus/Language/Game/Corpusjetspacemantwoname (SpaceBattles/CrewMan/JetpackMarineTwo),/Lotus/Language/Items/Archwingmeleecritchancemod (/Lotus/Upgrades/Mods/Archwing/Melee/ArchwingMeleeCritChanceMod),/Lotus/Language/Items/Archwingmeleedamagemod (/Lotus/Upgrades/Mods/Archwing/Melee/ArchwingMeleeDamageMod),/Lotus/Language/Items/Archwingriflecritchancemod (/Lotus/Upgrades/Mods/Archwing/Rifle/ArchwingRifleCritChanceMod),/Lotus/Language/Items/Archwingriflecritdamagemod (/Lotus/Upgrades/Mods/Archwing/Rifle/ArchwingRifleCritDamageMod),Common Rdzeń Fuzyjny (/Lotus/Upgrades/Mods/Fusers/CommonModFuser),Uncommon Rdzeń Fuzyjny (/Lotus/Upgrades/Mods/Fusers/UncommonModFuser),,,,,,,,,,,,
/Lotus/Language/Game/Corpuslasershipname (SpaceBattles/Ships/LaserShip),/Lotus/Language/Items/Archwingmeleecritchancemod (/Lotus/Upgrades/Mods/Archwing/Melee/ArchwingMeleeCritChanceMod),/Lotus/Language/Items/Archwingmeleedamagemod (/Lotus/Upgrades/Mods/Archwing/Melee/ArchwingMeleeDamageMod),/Lotus/Language/Items/Archwingriflecritchancemod (/Lotus/Upgrades/Mods/Archwing/Rifle/ArchwingRifleCritChanceMod),/Lotus/Language/Items/Archwingriflecritdamagemod (/Lotus/Upgrades/Mods/Archwing/Rifle/ArchwingRifleCritDamageMod),Common Rdzeń Fuzyjny (/Lotus/Upgrades/Mods/Fusers/CommonModFuser),Uncommon Rdzeń Fuzyjny (/Lotus/Upgrades/Mods/Fusers/UncommonModFuser),,,,,,,,,,,,
/Lotus/Language/Game/Corpusminijackal (QuadRobot/MiniBoss/QuadRobotMiniBoss),Common Rdzeń Fuzyjny (/Lotus/Upgrades/Mods/Fusers/CommonModFuser),Rare Rdzeń Fuzyjny (/Lotus/Upgrades/Mods/Fusers/RareModFuser),Uszkodzenia Wewnętrzne (/Lotus/Upgrades/Mods/Melee/WeaponCritDamageMod),Zwiastun Burzy (/Lotus/Upgrades/Mods/Rifle/WeaponElectricityDamageMod),,,,,,,,,,,,,,
/Lotus/Language/Game/Corpuspodname (SpaceBattles/Ships/CrpPod),/Lotus/Language/Items/Archwingmeleefireratemod (/Lotus/Upgrades/Mods/Archwing/Melee/ArchwingMeleeFireRateMod),/Lotus/Language/Items/Archwingsuithealthmaxmod (/Lotus/Upgrades/Mods/Archwing/Suit/ArchwingSuitHealthMaxMod),/Lotus/Language/Items/Archwingsuitshieldrechargeratemod (/Lotus/Upgrades/Mods/Archwing/Suit/ArchwingSuitShieldRechargeRateMod),Common Rdzeń Fuzyjny (/Lotus/Upgrades/Mods/Fusers/CommonModFuser),Uncommon Rdzeń Fuzyjny (/Lotus/Upgrades/Mods/Fusers/UncommonModFuser),,,,,,,,,,,,,
/Lotus/Language/Game/Corpusswarmdronename (SpaceBattles/Drones/SwarmDrone),/Lotus/Language/Items/Archwingmeleestatuschancemod (/Lotus/Upgrades/Mods/Archwing/Melee/ArchwingMeleeStatusChanceMod),/Lotus/Language/Items/Archwingrifledamageamountmod (/Lotus/Upgrades/Mods/Archwing/Rifle/ArchwingRifleDamageAmountMod),/Lotus/Language/Items/Archwingsuitsprintspeedmod (/Lotus/Upgrades/Mods/Archwing/Suit/ArchwingSuitSprintSpeedMod),Common Rdzeń Fuzyjny (/Lotus/Upgrades/Mods/Fusers/CommonModFuser),Uncommon Rdzeń Fuzyjny (/Lotus/Upgrades/Mods/Fusers/UncommonModFuser),,,,,,,,,,,,,
/Lotus/Language/Game/Corpusswarmshipname (SpaceBattles/Ships/SwarmShip),/Lotus/Language/Items/Archwingmeleefireratemod (/Lotus/Upgrades/Mods/Archwing/Melee/ArchwingMeleeFireRateMod),/Lotus/Language/Items/Archwingriflefireratemod (/Lotus/Upgrades/Mods/Archwing/Rifle/ArchwingRifleFireRateMod),/Lotus/Language/Items/Archwingweapontoxicdamagerifle (/Lotus/Upgrades/Mods/Archwing/Rifle/ArchwingWeaponToxinDamageMod),/Lotus/Language/Items/Archwingsuitarmourmod (/Lotus/Upgrades/Mods/Archwing/Suit/ArchwingSuitArmourMod),Common Rdzeń Fuzyjny (/Lotus/Upgrades/Mods/Fusers/CommonModFuser),Uncommon Rdzeń Fuzyjny (/Lotus/Upgrades/Mods/Fusers/UncommonModFuser),,,,,,,,,,,,
/Lotus/Language/Game/Corruptedancient (OrokinHealingAncient),Common Rdzeń Fuzyjny (/Lotus/Upgrades/Mods/Fusers/CommonModFuser),Uncommon Rdzeń Fuzyjny (/Lotus/Upgrades/Mods/Fusers/UncommonModFuser),/Lotus/Language/Items/Meleemodcritfireratebonus (/Lotus/Upgrades/Mods/Melee/WeaponCritFireRateBonusMod),/Lotus/Language/Items/Warframemodparryreflect (/Lotus/Upgrades/Mods/Warframe/AvatarParryReflectMod),/Lotus/Language/Items/Warframemodpowertohealthondeath (/Lotus/Upgrades/Mods/Warframe/AvatarPowerToHealthOnDeathMod),/Lotus/Language/Items/Warframemodslideboost (/Lotus/Upgrades/Mods/Warframe/AvatarSlideBoostMod),/Lotus/Language/Items/Staffstancea (/Lotus/Weapons/Tenno/Melee/MeleeTrees/StaffCmbOneMeleeTree),,,,,,,,,,,
/Lotus/Language/Game/Corruptedcrewman (RifleSpaceman),Common Rdzeń Fuzyjny (/Lotus/Upgrades/Mods/Fusers/CommonModFuser),Glaive Reflection (/Lotus/Upgrades/Mods/Melee/WeaponGlaiveReflectionDecreaseMod),/Lotus/Language/Items/Pistolmodnoisereduction (/Lotus/Upgrades/Mods/Pistol/WeaponNoiseReductionMod),/Lotus/Language/Items/Pistolmodrecoilreduction (/Lotus/Upgrades/Mods/Pistol/WeaponRecoilReductionMod),/Lotus/Language/Items/Sentinelmodoverheatdamage (/Lotus/Upgrades/Mods/Sentinel/SentinelOverheatDamageMod),/Lotus/Language/Items/Whipstanceb (/Lotus/Weapons/Tenno/Melee/MeleeTrees/WhipCmbTwoMeleeTree),,,,,,,,,,,,
/Lotus/Language/Game/Corruptedheavygunner (OrokinHeavyFemale),Rare Rdzeń Fuzyjny (/Lotus/Upgrades/Mods/Fusers/RareModFuser),Uncommon Rdzeń Fuzyjny (/Lotus/Upgrades/Mods/Fusers/UncommonModFuser),Whirlwind (/Lotus/Upgrades/Mods/Melee/WeaponGlaiveSpeedMod),/Lotus/Language/Items/Sentinelmoddropchance (/Lotus/Upgrades/Mods/Sentinel/SentinelDropChanceMod),/Lotus/Language/Items/Warframemodtimelimitincrease (/Lotus/Upgrades/Mods/Warframe/AvatarTimeLimitIncreaseMod),/Lotus/Language/Items/Staffstanceb (/Lotus/Weapons/Tenno/Melee/MeleeTrees/StaffCmbTwoMeleeTree),,,,,,,,,,,,
/Lotus/Language/Game/Corruptedlancer (RifleLancer),/Lotus/Language/Items/Itemvacuumstoreitemname (/Lotus/Types/Sentinels/SentinelPrecepts/ItemVacum),/Lotus/Language/Items/Djinnprimarypreceptname (/Lotus/Types/Sentinels/SentinelPrecepts/Thumper),Uncommon Rdzeń Fuzyjny (/Lotus/Upgrades/Mods/Fusers/UncommonModFuser),Wzmocniony Rzut Glaive (/Lotus/Upgrades/Mods/Melee/WeaponGlaivePowerthrowMod),/Lotus/Language/Items/Meleemodfinisherdamage (/Lotus/Upgrades/Mods/Melee/WeaponMeleeFinisherDamageMod),/Lotus/Language/Items/Poisondamageriflemod (/Lotus/Upgrades/Mods/Rifle/WeaponToxinDamageMod),/Lotus/Language/Items/Whipstancea (/Lotus/Weapons/Tenno/Melee/MeleeTrees/WhipCmbOneMeleeTree),,,,,,,,,,,
/Lotus/Language/Game/Corruptedmoa (OrokinMoaBiped),/Lotus/Language/Items/Baitstoreitemname (/Lotus/Types/Sentinels/SentinelPrecepts/Bait),/Lotus/Language/Items/Carrierprimarypreceptname (/Lotus/Types/Sentinels/SentinelPrecepts/BoomStick),Common Rdzeń Fuzyjny (/Lotus/Upgrades/Mods/Fusers/CommonModFuser),/Lotus/Language/Items/Meleemodstaminabonus (/Lotus/Upgrades/Mods/Melee/WeaponStaminaBonusMod),/Lotus/Language/Items/Warframemodautoparry (/Lotus/Upgrades/Mods/Warframe/AvatarAutoParryMod),/Lotus/Language/Items/Polearmstanceb (/Lotus/Weapons/Tenno/Melee/MeleeTrees/PolearmCmbTwoMeleeTree),/Lotus/Language/Items/Tonfastancea (/Lotus/Weapons/Tenno/Melee/MeleeTrees/TonfaCmbOneMeleeTree),,,,,,,,,,,
/Lotus/Language/Game/Crpexcavationcarrier (Spaceman/AIWeek/CarrierSpaceman),Common Rdzeń Fuzyjny (/Lotus/Upgrades/Mods/Fusers/CommonModFuser),Rare Rdzeń Fuzyjny (/Lotus/Upgrades/Mods/Fusers/RareModFuser),Furia (/Lotus/Upgrades/Mods/Melee/WeaponFireRateMod),Zasięg (/Lotus/Upgrades/Mods/Melee/WeaponMeleeRangeIncMod),Bez Powrotu (/Lotus/Upgrades/Mods/Pistol/WeaponArmorPiercingDamageMod),Magazynek Bębnowy (/Lotus/Upgrades/Mods/Rifle/WeaponAmmoMaxMod),/Lotus/Language/Items/Scythestancea (/Lotus/Weapons/Tenno/Melee/MeleeTrees/ScytheCmbOneMeleeTree),,,,,,,,,,,
/Lotus/Language/Game/Deathsquadaname (DeathSquad/DeathSquadA),Rare Rdzeń Fuzyjny (/Lotus/Upgrades/Mods/Fusers/RareModFuser),Dyfuzja Lufy (/Lotus/Upgrades/Mods/Pistol/WeaponFireIterationsMod),Dzielona Komora (/Lotus/Upgrades/Mods/Rifle/WeaponFireIterationsMod),Piekielna Komora (/Lotus/Upgrades/Mods/Shotgun/WeaponFireIterationsMod),/Lotus/Language/Items/Warframemodcastingspeed (/Lotus/Upgrades/Mods/Warframe/AvatarCastingSpeedMod),,,,,,,,,,,,,
/Lotus/Language/Game/Deathsquadbname (DeathSquad/DeathSquadB),Rare Rdzeń Fuzyjny (/Lotus/Upgrades/Mods/Fusers/RareModFuser),Dyfuzja Lufy (/Lotus/Upgrades/Mods/Pistol/WeaponFireIterationsMod),Dzielona Komora (/Lotus/Upgrades/Mods/Rifle/WeaponFireIterationsMod),Piekielna Komora (/Lotus/Upgrades/Mods/Shotgun/WeaponFireIterationsMod),/Lotus/Language/Items/Warframemodcastingspeed (/Lotus/Upgrades/Mods/Warframe/AvatarCastingSpeedMod),,,,,,,,,,,,,
/Lotus/Language/Game/Deathsquadcname (DeathSquad/DeathSquadC),Rare Rdzeń Fuzyjny (/Lotus/Upgrades/Mods/Fusers/RareModFuser),Dyfuzja Lufy (/Lotus/Upgrades/Mods/Pistol/WeaponFireIterationsMod),Dzielona Komora (/Lotus/Upgrades/Mods/Rifle/WeaponFireIterationsMod),Piekielna Komora (/Lotus/Upgrades/Mods/Shotgun/WeaponFireIterationsMod),/Lotus/Language/Items/Warframemodcastingspeed (/Lotus/Upgrades/Mods/Warframe/AvatarCastingSpeedMod),,,,,,,,,,,,,
/Lotus/Language/Game/Discosprey (Drones/AIWeek/DiscDrone),Rozproszenie Tłumu (/Lotus/Types/Sentinels/SentinelPrecepts/CrowdDispersion),Common Rdzeń Fuzyjny (/Lotus/Upgrades/Mods/Fusers/CommonModFuser),Rare Rdzeń Fuzyjny (/Lotus/Upgrades/Mods/Fusers/RareModFuser),Magazynek Łukowy (/Lotus/Upgrades/Mods/Rifle/WeaponClipMaxMod),Dzielona Komora (/Lotus/Upgrades/Mods/Rifle/WeaponFireIterationsMod),Rozciągnięcie (/Lotus/Upgrades/Mods/Warframe/AvatarAbilityRangeMod),Diamentowa Skóra (/Lotus/Upgrades/Mods/Warframe/AvatarDamageResistanceLaser),/Lotus/Language/Items/Glaivestancea (/Lotus/Weapons/Tenno/Melee/MeleeTrees/GlaiveCmbOneMeleeTree),,,,,,,,,,
/Lotus/Language/Game/Dispersionriotmoaname (BipedRobot/AIWeek/RiotBipedDispersion),Pomsta (/Lotus/Types/Sentinels/SentinelPrecepts/Revenge),Common Rdzeń Fuzyjny (/Lotus/Upgrades/Mods/Fusers/CommonModFuser),Ognisty Cios (/Lotus/Upgrades/Mods/Melee/WeaponFireDamageMod),Uderzenie Grineer (/Lotus/Upgrades/Mods/Melee/WeaponMeleeFactionDamageGrineer),Magazynek Bębnowy (/Lotus/Upgrades/Mods/Rifle/WeaponAmmoMaxMod),/Lotus/Language/Items/Axestancec (/Lotus/Weapons/Tenno/Melee/MeleeTrees/AxeCmbThreeMeleeTree),,,,,,,,,,,,
/Lotus/Language/Game/Elitespaceman (Spaceman/EliteSpaceman),Common Rdzeń Fuzyjny (/Lotus/Upgrades/Mods/Fusers/CommonModFuser),Rare Rdzeń Fuzyjny (/Lotus/Upgrades/Mods/Fusers/RareModFuser),Uncommon Rdzeń Fuzyjny (/Lotus/Upgrades/Mods/Fusers/UncommonModFuser),Furia (/Lotus/Upgrades/Mods/Melee/WeaponFireRateMod),/Lotus/Language/Items/Slashdamagemeleemod (/Lotus/Upgrades/Mods/Melee/WeaponSlashDamageMod),Bez Powrotu (/Lotus/Upgrades/Mods/Pistol/WeaponArmorPiercingDamageMod),/Lotus/Language/Items/Poisondamageriflemod (/Lotus/Upgrades/Mods/Rifle/WeaponToxinDamageMod),/Lotus/Language/Items/Dualdaggerstanceb (/Lotus/Weapons/Tenno/Melee/MeleeTrees/DualDaggerCmbTwoMeleeTree),,,,,,,,,,
/Lotus/Language/Game/Grineerbeastmastername (AIWeek/BeastMaster),Common Rdzeń Fuzyjny (/Lotus/Upgrades/Mods/Fusers/CommonModFuser),Rare Rdzeń Fuzyjny (/Lotus/Upgrades/Mods/Fusers/RareModFuser),Uncommon Rdzeń Fuzyjny (/Lotus/Upgrades/Mods/Fusers/UncommonModFuser),Północny Wiatr (/Lotus/Upgrades/Mods/Melee/WeaponFreezeDamageMod),Spirala Reakcji (/Lotus/Upgrades/Mods/Melee/WeaponMeleeChargeRateMod),Punkt Nacisku (/Lotus/Upgrades/Mods/Melee/WeaponMeleeDamageMod),Uderzenie Grineer (/Lotus/Upgrades/Mods/Melee/WeaponMeleeFactionDamageGrineer),Precyzyjny Strzał (/Lotus/Upgrades/Mods/Rifle/WeaponCritChanceMod),Szybkie Ręce (/Lotus/Upgrades/Mods/Rifle/WeaponReloadSpeedMod),Przepływ (/Lotus/Upgrades/Mods/Warframe/AvatarPowerMaxMod),,,,,,,,
/Lotus/Language/Game/Grineerbladesawmandesert (Desert/BladeSawman),Uncommon Rdzeń Fuzyjny (/Lotus/Upgrades/Mods/Fusers/UncommonModFuser),Północny Wiatr (/Lotus/Upgrades/Mods/Melee/WeaponFreezeDamageMod),Spirala Reakcji (/Lotus/Upgrades/Mods/Melee/WeaponMeleeChargeRateMod),/Lotus/Language/Items/Poisondamagemeleemod (/Lotus/Upgrades/Mods/Melee/WeaponToxinDamageMod),/Lotus/Language/Items/Pistolproctimemod (/Lotus/Upgrades/Mods/Pistol/WeaponProcTimeMod),Grom (/Lotus/Upgrades/Mods/Rifle/WeaponStunChanceMod),Garłacz (/Lotus/Upgrades/Mods/Shotgun/WeaponCritChanceMod),Przepływ (/Lotus/Upgrades/Mods/Warframe/AvatarPowerMaxMod),/Lotus/Language/Items/Katanastancea (/Lotus/Weapons/Tenno/Melee/MeleeTrees/KatanaCmbOneMeleeTree),,,,,,,,,
/Lotus/Language/Game/Grineerbladesawmanforest (Forest/BladeSawman),Uncommon Rdzeń Fuzyjny (/Lotus/Upgrades/Mods/Fusers/UncommonModFuser),Północny Wiatr (/Lotus/Upgrades/Mods/Melee/WeaponFreezeDamageMod),Spirala Reakcji (/Lotus/Upgrades/Mods/Melee/WeaponMeleeChargeRateMod),/Lotus/Language/Items/Poisondamagemeleemod (/Lotus/Upgrades/Mods/Melee/WeaponToxinDamageMod),/Lotus/Language/Items/Pistolproctimemod (/Lotus/Upgrades/Mods/Pistol/WeaponProcTimeMod),Grom (/Lotus/Upgrades/Mods/Rifle/WeaponStunChanceMod),Garłacz (/Lotus/Upgrades/Mods/Shotgun/WeaponCritChanceMod),Przepływ (/Lotus/Upgrades/Mods/Warframe/AvatarPowerMaxMod),/Lotus/Language/Items/Katanastancea (/Lotus/Weapons/Tenno/Melee/MeleeTrees/KatanaCmbOneMeleeTree),,,,,,,,,
/Lotus/Language/Game/Grineerbombardminigundesert (Desert/HeavyFemaleGrineerDesert),Common Rdzeń Fuzyjny (/Lotus/Upgrades/Mods/Fusers/CommonModFuser),Rare Rdzeń Fuzyjny (/Lotus/Upgrades/Mods/Fusers/RareModFuser),Uncommon Rdzeń Fuzyjny (/Lotus/Upgrades/Mods/Fusers/UncommonModFuser),Mag. Ślizgowy (/Lotus/Upgrades/Mods/Pistol/WeaponClipMaxMod),Magazynek Łukowy (/Lotus/Upgrades/Mods/Rifle/WeaponClipMaxMod),Kompresja Naboju (/Lotus/Upgrades/Mods/Shotgun/WeaponAmmoMaxMod),Garłacz (/Lotus/Upgrades/Mods/Shotgun/WeaponCritChanceMod),/Lotus/Language/Items/Katanastanceb (/Lotus/Weapons/Tenno/Melee/MeleeTrees/KatanaCmbTwoMeleeTree),,,,,,,,,,
/Lotus/Language/Game/Grineercombatpodname (SpaceBattles/Pods/CombatPod),/Lotus/Language/Items/Archwingmeleedamagemod (/Lotus/Upgrades/Mods/Archwing/Melee/ArchwingMeleeDamageMod),/Lotus/Language/Items/Archwingweapontoxicdamagemelee (/Lotus/Upgrades/Mods/Archwing/Melee/ArchwingWeaponToxinDamageMod),/Lotus/Language/Items/Archwingriflefireiterationsmod (/Lotus/Upgrades/Mods/Archwing/Rifle/ArchwingRifleFireIterationsMod),/Lotus/Language/Items/Archwingsuitabilityefficiencymod (/Lotus/Upgrades/Mods/Archwing/Suit/ArchwingSuitAbilityEfficiencyMod),Common Rdzeń Fuzyjny (/Lotus/Upgrades/Mods/Fusers/CommonModFuser),Uncommon Rdzeń Fuzyjny (/Lotus/Upgrades/Mods/Fusers/UncommonModFuser),,,,,,,,,,,,
/Lotus/Language/Game/Grineereliteriflelancerdesert (Desert/EliteRifleLancer),Pomsta (/Lotus/Types/Sentinels/SentinelPrecepts/Revenge),Uncommon Rdzeń Fuzyjny (/Lotus/Upgrades/Mods/Fusers/UncommonModFuser),Szybkie Dobycie (/Lotus/Upgrades/Mods/Pistol/WeaponReloadSpeedMod),/Lotus/Language/Items/Slashdamagepistolmod (/Lotus/Upgrades/Mods/Pistol/WeaponSlashDamageMod),Piorun (/Lotus/Upgrades/Mods/Rifle/BowExplosionChanceMod),/Lotus/Language/Items/Warframemodbleedoutmodifier (/Lotus/Upgrades/Mods/Warframe/AvatarBleedoutDelayMod),Przekierowanie (/Lotus/Upgrades/Mods/Warframe/AvatarShieldMaxMod),/Lotus/Language/Items/Dualswordstanceb (/Lotus/Weapons/Tenno/Melee/MeleeTrees/DualSwordCmbTwoMeleeTree),,,,,,,,,,
/Lotus/Language/Game/Grineereliteriflelancerforest (Forest/EliteRifleLancer),Pomsta (/Lotus/Types/Sentinels/SentinelPrecepts/Revenge),Uncommon Rdzeń Fuzyjny (/Lotus/Upgrades/Mods/Fusers/UncommonModFuser),Szybkie Dobycie (/Lotus/Upgrades/Mods/Pistol/WeaponReloadSpeedMod),/Lotus/Language/Items/Slashdamagepistolmod (/Lotus/Upgrades/Mods/Pistol/WeaponSlashDamageMod),Piorun (/Lotus/Upgrades/Mods/Rifle/BowExplosionChanceMod),/Lotus/Language/Items/Warframemodbleedoutmodifier (/Lotus/Upgrades/Mods/Warframe/AvatarBleedoutDelayMod),Przekierowanie (/Lotus/Upgrades/Mods/Warframe/AvatarShieldMaxMod),/Lotus/Language/Items/Dualswordstanceb (/Lotus/Weapons/Tenno/Melee/MeleeTrees/DualSwordCmbTwoMeleeTree),,,,,,,,,,
/Lotus/Language/Game/Grineerevisceratorlancerdesert (Desert/EvisceratorLancer),Rare Rdzeń Fuzyjny (/Lotus/Upgrades/Mods/Fusers/RareModFuser),Wstrząsajacy Dotyk (/Lotus/Upgrades/Mods/Melee/WeaponElectricityDamageMod),Ogłuszająca Siła (/Lotus/Upgrades/Mods/Melee/WeaponStunChanceMod),Gambit Pistoletowy (/Lotus/Upgrades/Mods/Pistol/WeaponCritChanceMod),/Lotus/Language/Items/Impactdamageshotgunmod (/Lotus/Upgrades/Mods/Shotgun/WeaponImpactDamageMod),/Lotus/Language/Items/Shotgunproctimemod (/Lotus/Upgrades/Mods/Shotgun/WeaponProcTimeMod),/Lotus/Language/Items/Machetestancea (/Lotus/Weapons/Tenno/Melee/MeleeTrees/MacheteCmbOneMeleeTree),,,,,,,,,,,
/Lotus/Language/Game/Grineerevisceratorlancerforest (Forest/EvisceratorLancer),Rare Rdzeń Fuzyjny (/Lotus/Upgrades/Mods/Fusers/RareModFuser),Wstrząsajacy Dotyk (/Lotus/Upgrades/Mods/Melee/WeaponElectricityDamageMod),Ogłuszająca Siła (/Lotus/Upgrades/Mods/Melee/WeaponStunChanceMod),Gambit Pistoletowy (/Lotus/Upgrades/Mods/Pistol/WeaponCritChanceMod),/Lotus/Language/Items/Impactdamageshotgunmod (/Lotus/Upgrades/Mods/Shotgun/WeaponImpactDamageMod),/Lotus/Language/Items/Shotgunproctimemod (/Lotus/Upgrades/Mods/Shotgun/WeaponProcTimeMod),/Lotus/Language/Items/Machetestancea (/Lotus/Weapons/Tenno/Melee/MeleeTrees/MacheteCmbOneMeleeTree),,,,,,,,,,,
/Lotus/Language/Game/Grineerheavygunnerforest (Forest/HeavyFemaleGrineerDesert),Rare Rdzeń Fuzyjny (/Lotus/Upgrades/Mods/Fusers/RareModFuser),/Lotus/Language/Items/Impactdamagemeleemod (/Lotus/Upgrades/Mods/Melee/WeaponImpactDamageMod),Punkt Nacisku (/Lotus/Upgrades/Mods/Melee/WeaponMeleeDamageMod),Gorący Ładunek (/Lotus/Upgrades/Mods/Pistol/WeaponFireDamageMod),Zmniejszony Opór (/Lotus/Upgrades/Mods/Warframe/AvatarAbilityEfficiencyMod),Diamentowa Skóra (/Lotus/Upgrades/Mods/Warframe/AvatarDamageResistanceLaser),Witalność (/Lotus/Upgrades/Mods/Warframe/AvatarHealthMaxMod),/Lotus/Language/Items/Ironphoenix (/Lotus/Weapons/Tenno/Melee/MeleeTrees/IronPhoenixMeleeTree),,,,,,,,,,
/Lotus/Language/Game/Grineerjetpackcarriername (AIWeek/JetpackMarineCarrier),Common Rdzeń Fuzyjny (/Lotus/Upgrades/Mods/Fusers/CommonModFuser),Rare Rdzeń Fuzyjny (/Lotus/Upgrades/Mods/Fusers/RareModFuser),Furia (/Lotus/Upgrades/Mods/Melee/WeaponFireRateMod),Zasięg (/Lotus/Upgrades/Mods/Melee/WeaponMeleeRangeIncMod),Bez Powrotu (/Lotus/Upgrades/Mods/Pistol/WeaponArmorPiercingDamageMod),Magazynek Bębnowy (/Lotus/Upgrades/Mods/Rifle/WeaponAmmoMaxMod),/Lotus/Language/Items/Scythestancea (/Lotus/Weapons/Tenno/Melee/MeleeTrees/ScytheCmbOneMeleeTree),,,,,,,,,,,
/Lotus/Language/Game/Grineerjetpackmarinedesert (Desert/JetpackMarine),Rare Rdzeń Fuzyjny (/Lotus/Upgrades/Mods/Fusers/RareModFuser),/Lotus/Language/Items/Impactdamagemeleemod (/Lotus/Upgrades/Mods/Melee/WeaponImpactDamageMod),Punkt Nacisku (/Lotus/Upgrades/Mods/Melee/WeaponMeleeDamageMod),Gorący Ładunek (/Lotus/Upgrades/Mods/Pistol/WeaponFireDamageMod),Zmniejszony Opór (/Lotus/Upgrades/Mods/Warframe/AvatarAbilityEfficiencyMod),Diamentowa Skóra (/Lotus/Upgrades/Mods/Warframe/AvatarDamageResistanceLaser),Witalność (/Lotus/Upgrades/Mods/Warframe/AvatarHealthMaxMod),/Lotus/Language/Items/Ironphoenix (/Lotus/Weapons/Tenno/Melee/MeleeTrees/IronPhoenixMeleeTree),,,,,,,,,,
/Lotus/Language/Game/Grineerjetpackmarineforest (Forest/JetpackMarine),Rare Rdzeń Fuzyjny (/Lotus/Upgrades/Mods/Fusers/RareModFuser),/Lotus/Language/Items/Impactdamagemeleemod (/Lotus/Upgrades/Mods/Melee/WeaponImpactDamageMod),Punkt Nacisku (/Lotus/Upgrades/Mods/Melee/WeaponMeleeDamageMod),Gorący Ładunek (/Lotus/Upgrades/Mods/Pistol/WeaponFireDamageMod),Zmniejszony Opór (/Lotus/Upgrades/Mods/Warframe/AvatarAbilityEfficiencyMod),Diamentowa Skóra (/Lotus/Upgrades/Mods/Warframe/AvatarDamageResistanceLaser),Witalność (/Lotus/Upgrades/Mods/Warframe/AvatarHealthMaxMod),/Lotus/Language/Items/Ironphoenix (/Lotus/Weapons/Tenno/Melee/MeleeTrees/IronPhoenixMeleeTree),,,,,,,,,,
/Lotus/Language/Game/Grineerjetpackmelee (AIWeek/JetpackMelee),Common Rdzeń Fuzyjny (/Lotus/Upgrades/Mods/Fusers/CommonModFuser),Rare Rdzeń Fuzyjny (/Lotus/Upgrades/Mods/Fusers/RareModFuser),Uszkodzenia Wewnętrzne (/Lotus/Upgrades/Mods/Melee/WeaponCritDamageMod),Zwiastun Burzy (/Lotus/Upgrades/Mods/Rifle/WeaponElectricityDamageMod),/Lotus/Language/Items/Rifleproctimemod (/Lotus/Upgrades/Mods/Rifle/WeaponProcTimeMod),/Lotus/Language/Items/Rifleprojectilespeedmod (/Lotus/Upgrades/Mods/Rifle/WeaponProjectileSpeedMod),,,,,,,,,,,,
/Lotus/Language/Game/Grineerjetpackname (AIWeek/JetpackMarine),Rare Rdzeń Fuzyjny (/Lotus/Upgrades/Mods/Fusers/RareModFuser),/Lotus/Language/Items/Impactdamagemeleemod (/Lotus/Upgrades/Mods/Melee/WeaponImpactDamageMod),Punkt Nacisku (/Lotus/Upgrades/Mods/Melee/WeaponMeleeDamageMod),Gorący Ładunek (/Lotus/Upgrades/Mods/Pistol/WeaponFireDamageMod),Zmniejszony Opór (/Lotus/Upgrades/Mods/Warframe/AvatarAbilityEfficiencyMod),Diamentowa Skóra (/Lotus/Upgrades/Mods/Warframe/AvatarDamageResistanceLaser),Witalność (/Lotus/Upgrades/Mods/Warframe/AvatarHealthMaxMod),/Lotus/Language/Items/Ironphoenix (/Lotus/Weapons/Tenno/Melee/MeleeTrees/IronPhoenixMeleeTree),,,,,,,,,,
/Lotus/Language/Game/Grineerjetpacksniper (AIWeek/JetpackSniper),Common Rdzeń Fuzyjny (/Lotus/Upgrades/Mods/Fusers/CommonModFuser),Rare Rdzeń Fuzyjny (/Lotus/Upgrades/Mods/Fusers/RareModFuser),Uszkodzenia Wewnętrzne (/Lotus/Upgrades/Mods/Melee/WeaponCritDamageMod),Zwiastun Burzy (/Lotus/Upgrades/Mods/Rifle/WeaponElectricityDamageMod),/Lotus/Language/Items/Rifleproctimemod (/Lotus/Upgrades/Mods/Rifle/WeaponProcTimeMod),/Lotus/Language/Items/Rifleprojectilespeedmod (/Lotus/Upgrades/Mods/Rifle/WeaponProjectileSpeedMod),,,,,,,,,,,,
/Lotus/Language/Game/Grineerkubrowname (AIWeek/CombatKubrow),/Lotus/Language/Items/Kubrowchargepreceptname (/Lotus/Types/Friendly/Pets/KubrowPetPrecepts/KubrowChargePrecept),/Lotus/Language/Items/Kubrowcloakpreceptname (/Lotus/Types/Friendly/Pets/KubrowPetPrecepts/KubrowCloakPrecept),/Lotus/Language/Items/Kubrowdigpreceptname (/Lotus/Types/Friendly/Pets/KubrowPetPrecepts/KubrowDigPrecept),/Lotus/Language/Items/Kubrowfearpreceptname (/Lotus/Types/Friendly/Pets/KubrowPetPrecepts/KubrowFearPrecept),/Lotus/Language/Items/Kubrowsanctuarystoreitemname (/Lotus/Types/Friendly/Pets/KubrowPetPrecepts/KubrowSanctuary),/Lotus/Language/Items/Kubrowshieldpreceptname (/Lotus/Types/Friendly/Pets/KubrowPetPrecepts/KubrowShieldPrecept),/Lotus/Language/Items/Kubrowthiefpreceptname (/Lotus/Types/Friendly/Pets/KubrowPetPrecepts/KubrowThiefPrecept),/Lotus/Language/Items/Kubrowvipchasepreceptname (/Lotus/Types/Friendly/Pets/KubrowPetPrecepts/KubrowVipChasePrecept),/Lotus/Language/Items/Kubrowfinisherpreceptname (/Lotus/Upgrades/Mods/Sentinel/Kubrow/KubrowClonedFinisherMod),/Lotus/Language/Items/Kubrowhunterattackpreceptname (/Lotus/Upgrades/Mods/Sentinel/Kubrow/KubrowCritMod),/Lotus/Language/Items/Kubrowfinishermodname (/Lotus/Upgrades/Mods/Sentinel/Kubrow/KubrowFinisherMod),/Lotus/Language/Items/Kubrowarmorlinkmodname (/Lotus/Upgrades/Mods/Sentinel/Kubrow/KubrowLinkArmourMaxMod),/Lotus/Language/Items/Kubrowhealthlinkmodname (/Lotus/Upgrades/Mods/Sentinel/Kubrow/KubrowLinkHealthMaxMod),/Lotus/Language/Items/Kubrowshieldslinkmodname (/Lotus/Upgrades/Mods/Sentinel/Kubrow/KubrowLinkShieldMaxMod),/Lotus/Language/Items/Kubrowbleedoutmodname (/Lotus/Upgrades/Mods/Sentinel/Kubrow/KubrowMasterBleedoutMod),/Lotus/Language/Items/Kubrowadventurerattackpreceptname (/Lotus/Upgrades/Mods/Sentinel/Kubrow/KubrowMeleeDamageMod),/Lotus/Language/Items/Kubrowpackleadermod (/Lotus/Upgrades/Mods/Sentinel/Kubrow/KubrowPackLeaderMod),/Lotus/Language/Items/Kubrowshieldregenmodname (/Lotus/Upgrades/Mods/Sentinel/Kubrow/KubrowShieldRechargeRateMod)
/Lotus/Language/Game/Grineerlaserdronename (SpaceBattles/Drones/LaserDrone),/Lotus/Language/Items/Archwingmeleerangeincmod (/Lotus/Upgrades/Mods/Archwing/Melee/ArchwingMeleeRangeIncMod),/Lotus/Language/Items/Archwingweaponelectricitydamagerifle (/Lotus/Upgrades/Mods/Archwing/Rifle/ArchwingWeaponElectricityDamageMod),/Lotus/Language/Items/Archwingweapontoxicdamagerifle (/Lotus/Upgrades/Mods/Archwing/Rifle/ArchwingWeaponToxinDamageMod),/Lotus/Language/Items/Archwingsuitabilityrangemod (/Lotus/Upgrades/Mods/Archwing/Suit/ArchwingSuitAbilityRangeMod),Common Rdzeń Fuzyjny (/Lotus/Upgrades/Mods/Fusers/CommonModFuser),Uncommon Rdzeń Fuzyjny (/Lotus/Upgrades/Mods/Fusers/UncommonModFuser),,,,,,,,,,,,
/Lotus/Language/Game/Grineermanicbombard (AIWeek/ManicRocketBombard),Sanktuarium (/Lotus/Types/Sentinels/SentinelPrecepts/Sanctuary),Common Rdzeń Fuzyjny (/Lotus/Upgrades/Mods/Fusers/CommonModFuser),Rare Rdzeń Fuzyjny (/Lotus/Upgrades/Mods/Fusers/RareModFuser),Prawdziwa Stal (/Lotus/Upgrades/Mods/Melee/WeaponCritChanceMod),Zagłada Grineer (/Lotus/Upgrades/Mods/Pistol/WeaponPistolFactionDamageGrineer),Taktyczny Podajnik (/Lotus/Upgrades/Mods/Shotgun/WeaponReloadSpeedMod),Stabilna Postawa (/Lotus/Upgrades/Mods/Warframe/AvatarKnockdownResistanceMod),Płaszcz Ciepła (/Lotus/Upgrades/Mods/Warframe/AvatarMissionSpecificResistanceIce),/Lotus/Language/Items/Clawstanceb (/Lotus/Weapons/Tenno/Melee/MeleeTrees/ClawCmbTwoMeleeTree),,,,,,,,,
/Lotus/Language/Game/Grineermarinepistoldesert (Desert/GrineerMarinePistol),Rare Rdzeń Fuzyjny (/Lotus/Upgrades/Mods/Fusers/RareModFuser),Śmiertelny Cios (/Lotus/Upgrades/Mods/Melee/WeaponMeleeHeavyDamageMod),Dyfuzja Lufy (/Lotus/Upgrades/Mods/Pistol/WeaponFireIterationsMod),/Lotus/Language/Items/Slashdamageriflemod (/Lotus/Upgrades/Mods/Rifle/WeaponSlashDamageMod),Szybkie Odbicie (/Lotus/Upgrades/Mods/Sentinel/SentinelShieldRechargeRateMod),/Lotus/Language/Items/Hammerstanceb (/Lotus/Weapons/Tenno/Melee/MeleeTrees/HammerCmbTwoMeleeTree),/Lotus/Language/Items/Polearmstancea (/Lotus/Weapons/Tenno/Melee/MeleeTrees/PolearmCmbOneMeleeTree),,,,,,,,,,,
/Lotus/Language/Game/Grineermarinepistolforest (Forest/GrineerMarinePistol),Rare Rdzeń Fuzyjny (/Lotus/Upgrades/Mods/Fusers/RareModFuser),Śmiertelny Cios (/Lotus/Upgrades/Mods/Melee/WeaponMeleeHeavyDamageMod),Dyfuzja Lufy (/Lotus/Upgrades/Mods/Pistol/WeaponFireIterationsMod),/Lotus/Language/Items/Slashdamageriflemod (/Lotus/Upgrades/Mods/Rifle/WeaponSlashDamageMod),Szybkie Odbicie (/Lotus/Upgrades/Mods/Sentinel/SentinelShieldRechargeRateMod),/Lotus/Language/Items/Hammerstanceb (/Lotus/Weapons/Tenno/Melee/MeleeTrees/HammerCmbTwoMeleeTree),/Lotus/Language/Items/Polearmstancea (/Lotus/Weapons/Tenno/Melee/MeleeTrees/PolearmCmbOneMeleeTree),,,,,,,,,,,
/Lotus/Language/Game/Grineermissileplatformname (SpaceBattles/GrineerMissilePlat),/Lotus/Language/Items/Archwingmeleestatuschancemod (/Lotus/Upgrades/Mods/Archwing/Melee/ArchwingMeleeStatusChanceMod),/Lotus/Language/Items/Archwingrifleclipmaxmod (/Lotus/Upgrades/Mods/Archwing/Rifle/ArchwingRifleClipMaxMod),/Lotus/Language/Items/Archwingriflestatuschancemod (/Lotus/Upgrades/Mods/Archwing/Rifle/ArchwingRifleStatusChanceMod),/Lotus/Language/Items/Archwingsuithealthmaxmod (/Lotus/Upgrades/Mods/Archwing/Suit/ArchwingSuitHealthMaxMod),Common Rdzeń Fuzyjny (/Lotus/Upgrades/Mods/Fusers/CommonModFuser),Uncommon Rdzeń Fuzyjny (/Lotus/Upgrades/Mods/Fusers/UncommonModFuser),,,,,,,,,,,,
/Lotus/Language/Game/Grineermissileshieldskiffname (SpaceBattles/Skiffs/MissileShieldSkiff),/Lotus/Language/Items/Archwingmeleecritdamagemod (/Lotus/Upgrades/Mods/Archwing/Melee/ArchwingMeleeCritDamageMod),/Lotus/Language/Items/Archwingweaponfiredamagemelee (/Lotus/Upgrades/Mods/Archwing/Melee/ArchwingWeaponFireDamageMod),/Lotus/Language/Items/Archwingriflefireiterationsmod (/Lotus/Upgrades/Mods/Archwing/Rifle/ArchwingRifleFireIterationsMod),/Lotus/Language/Items/Archwingsuitabilityrangemod (/Lotus/Upgrades/Mods/Archwing/Suit/ArchwingSuitAbilityRangeMod),Common Rdzeń Fuzyjny (/Lotus/Upgrades/Mods/Fusers/CommonModFuser),Uncommon Rdzeń Fuzyjny (/Lotus/Upgrades/Mods/Fusers/UncommonModFuser),,,,,,,,,,,,
/Lotus/Language/Game/Grineermissileskiffname (SpaceBattles/Skiffs/MissileSkiff),/Lotus/Language/Items/Archwingmeleerangeincmod (/Lotus/Upgrades/Mods/Archwing/Melee/ArchwingMeleeRangeIncMod),/Lotus/Language/Items/Archwingmeleestatuschancemod (/Lotus/Upgrades/Mods/Archwing/Melee/ArchwingMeleeStatusChanceMod),/Lotus/Language/Items/Archwingrifledamageamountmod (/Lotus/Upgrades/Mods/Archwing/Rifle/ArchwingRifleDamageAmountMod),/Lotus/Language/Items/Archwingsuitabilityefficiencymod (/Lotus/Upgrades/Mods/Archwing/Suit/ArchwingSuitAbilityEfficiencyMod),Common Rdzeń Fuzyjny (/Lotus/Upgrades/Mods/Fusers/CommonModFuser),Uncommon Rdzeń Fuzyjny (/Lotus/Upgrades/Mods/Fusers/UncommonModFuser),,,,,,,,,,,,
/Lotus/Language/Game/Grineerregulatorforest (SpecialEvents/ForestDrone),Common Rdzeń Fuzyjny (/Lotus/Upgrades/Mods/Fusers/CommonModFuser),Rare Rdzeń Fuzyjny (/Lotus/Upgrades/Mods/Fusers/RareModFuser),Uncommon Rdzeń Fuzyjny (/Lotus/Upgrades/Mods/Fusers/UncommonModFuser),Furia (/Lotus/Upgrades/Mods/Melee/WeaponFireRateMod),Ogłuszająca Siła (/Lotus/Upgrades/Mods/Melee/WeaponStunChanceMod),Konwulsja (/Lotus/Upgrades/Mods/Pistol/WeaponElectricityDamageMod),Piekielna Komora (/Lotus/Upgrades/Mods/Shotgun/WeaponFireIterationsMod),Witalność (/Lotus/Upgrades/Mods/Warframe/AvatarHealthMaxMod),,,,,,,,,,
/Lotus/Language/Game/Grineerregulatorname (SpecialEvents/SurveillanceDrone),Common Rdzeń Fuzyjny (/Lotus/Upgrades/Mods/Fusers/CommonModFuser),Rare Rdzeń Fuzyjny (/Lotus/Upgrades/Mods/Fusers/RareModFuser),Uncommon Rdzeń Fuzyjny (/Lotus/Upgrades/Mods/Fusers/UncommonModFuser),Furia (/Lotus/Upgrades/Mods/Melee/WeaponFireRateMod),Ogłuszająca Siła (/Lotus/Upgrades/Mods/Melee/WeaponStunChanceMod),Konwulsja (/Lotus/Upgrades/Mods/Pistol/WeaponElectricityDamageMod),Piekielna Komora (/Lotus/Upgrades/Mods/Shotgun/WeaponFireIterationsMod),Witalność (/Lotus/Upgrades/Mods/Warframe/AvatarHealthMaxMod),,,,,,,,,,
/Lotus/Language/Game/Grineerriflelancerdesert (Desert/RifleLancer),Rare Rdzeń Fuzyjny (/Lotus/Upgrades/Mods/Fusers/RareModFuser),/Lotus/Language/Items/Impactdamagemeleemod (/Lotus/Upgrades/Mods/Melee/WeaponImpactDamageMod),Punkt Nacisku (/Lotus/Upgrades/Mods/Melee/WeaponMeleeDamageMod),Gorący Ładunek (/Lotus/Upgrades/Mods/Pistol/WeaponFireDamageMod),Zmniejszony Opór (/Lotus/Upgrades/Mods/Warframe/AvatarAbilityEfficiencyMod),Diamentowa Skóra (/Lotus/Upgrades/Mods/Warframe/AvatarDamageResistanceLaser),Witalność (/Lotus/Upgrades/Mods/Warframe/AvatarHealthMaxMod),/Lotus/Language/Items/Ironphoenix (/Lotus/Weapons/Tenno/Melee/MeleeTrees/IronPhoenixMeleeTree),,,,,,,,,,
/Lotus/Language/Game/Grineerriflelancerforest (Forest/RifleLancer),Rare Rdzeń Fuzyjny (/Lotus/Upgrades/Mods/Fusers/RareModFuser),/Lotus/Language/Items/Impactdamagemeleemod (/Lotus/Upgrades/Mods/Melee/WeaponImpactDamageMod),Punkt Nacisku (/Lotus/Upgrades/Mods/Melee/WeaponMeleeDamageMod),Gorący Ładunek (/Lotus/Upgrades/Mods/Pistol/WeaponFireDamageMod),Zmniejszony Opór (/Lotus/Upgrades/Mods/Warframe/AvatarAbilityEfficiencyMod),Diamentowa Skóra (/Lotus/Upgrades/Mods/Warframe/AvatarDamageResistanceLaser),Witalność (/Lotus/Upgrades/Mods/Warframe/AvatarHealthMaxMod),/Lotus/Language/Items/Ironphoenix (/Lotus/Weapons/Tenno/Melee/MeleeTrees/IronPhoenixMeleeTree),,,,,,,,,,
/Lotus/Language/Game/Grineershieldskiffname (SpaceBattles/Skiffs/ShieldSkiff),/Lotus/Language/Items/Archwingmeleefireratemod (/Lotus/Upgrades/Mods/Archwing/Melee/ArchwingMeleeFireRateMod),/Lotus/Language/Items/Archwingweaponelectricitydamagemelee (/Lotus/Upgrades/Mods/Archwing/Melee/ArchwingWeaponElectricityDamageMod),/Lotus/Language/Items/Archwingsuitpowermaxmod (/Lotus/Upgrades/Mods/Archwing/Suit/ArchwingSuitPowerMaxMod),/Lotus/Language/Items/Archwingsuitshieldmaxmod (/Lotus/Upgrades/Mods/Archwing/Suit/ArchwingSuitShieldMaxMod),Common Rdzeń Fuzyjny (/Lotus/Upgrades/Mods/Fusers/CommonModFuser),Uncommon Rdzeń Fuzyjny (/Lotus/Upgrades/Mods/Fusers/UncommonModFuser),,,,,,,,,,,,
/Lotus/Language/Game/Grineershotgunlancerdesert (Desert/ShotgunLancer),Rare Rdzeń Fuzyjny (/Lotus/Upgrades/Mods/Fusers/RareModFuser),Wstrząsajacy Dotyk (/Lotus/Upgrades/Mods/Melee/WeaponElectricityDamageMod),Ogłuszająca Siła (/Lotus/Upgrades/Mods/Melee/WeaponStunChanceMod),Gambit Pistoletowy (/Lotus/Upgrades/Mods/Pistol/WeaponCritChanceMod),/Lotus/Language/Items/Impactdamageshotgunmod (/Lotus/Upgrades/Mods/Shotgun/WeaponImpactDamageMod),/Lotus/Language/Items/Shotgunproctimemod (/Lotus/Upgrades/Mods/Shotgun/WeaponProcTimeMod),/Lotus/Language/Items/Machetestancea (/Lotus/Weapons/Tenno/Melee/MeleeTrees/MacheteCmbOneMeleeTree),,,,,,,,,,,
/Lotus/Language/Game/Grineershotgunlancerforest (Forest/ShotgunLancer),Rare Rdzeń Fuzyjny (/Lotus/Upgrades/Mods/Fusers/RareModFuser),Wstrząsajacy Dotyk (/Lotus/Upgrades/Mods/Melee/WeaponElectricityDamageMod),Ogłuszająca Siła (/Lotus/Upgrades/Mods/Melee/WeaponStunChanceMod),Gambit Pistoletowy (/Lotus/Upgrades/Mods/Pistol/WeaponCritChanceMod),/Lotus/Language/Items/Impactdamageshotgunmod (/Lotus/Upgrades/Mods/Shotgun/WeaponImpactDamageMod),/Lotus/Language/Items/Shotgunproctimemod (/Lotus/Upgrades/Mods/Shotgun/WeaponProcTimeMod),/Lotus/Language/Items/Machetestancea (/Lotus/Weapons/Tenno/Melee/MeleeTrees/MacheteCmbOneMeleeTree),,,,,,,,,,,
/Lotus/Language/Game/Grineerskiffname (SpaceBattles/Skiffs/GrineerSpaceMarine),/Lotus/Language/Items/Archwingmeleecritdamagemod (/Lotus/Upgrades/Mods/Archwing/Melee/ArchwingMeleeCritDamageMod),/Lotus/Language/Items/Archwingweaponfreezedamagemelee (/Lotus/Upgrades/Mods/Archwing/Melee/ArchwingWeaponFreezeDamageMod),/Lotus/Language/Items/Archwingrifleclipmaxmod (/Lotus/Upgrades/Mods/Archwing/Rifle/ArchwingRifleClipMaxMod),/Lotus/Language/Items/Archwingriflestatuschancemod (/Lotus/Upgrades/Mods/Archwing/Rifle/ArchwingRifleStatusChanceMod),/Lotus/Language/Items/Archwingsuitabilitydurationmod (/Lotus/Upgrades/Mods/Archwing/Suit/ArchwingSuitAbilityDurationMod),Common Rdzeń Fuzyjny (/Lotus/Upgrades/Mods/Fusers/CommonModFuser),Uncommon Rdzeń Fuzyjny (/Lotus/Upgrades/Mods/Fusers/UncommonModFuser),,,,,,,,,,,
/Lotus/Language/Game/Grineerspacedronename (SpaceBattles/Drones/GrineerSpaceDrone),/Lotus/Language/Items/Archwingmeleedamagemod (/Lotus/Upgrades/Mods/Archwing/Melee/ArchwingMeleeDamageMod),/Lotus/Language/Items/Archwingriflecritchancemod (/Lotus/Upgrades/Mods/Archwing/Rifle/ArchwingRifleCritChanceMod),/Lotus/Language/Items/Archwingweaponfiredamagerifle (/Lotus/Upgrades/Mods/Archwing/Rifle/ArchwingWeaponFireDamageMod),/Lotus/Language/Items/Archwingsuitarmourmod (/Lotus/Upgrades/Mods/Archwing/Suit/ArchwingSuitArmourMod),Common Rdzeń Fuzyjny (/Lotus/Upgrades/Mods/Fusers/CommonModFuser),Uncommon Rdzeń Fuzyjny (/Lotus/Upgrades/Mods/Fusers/UncommonModFuser),,,,,,,,,,,,
/Lotus/Language/Game/Grineerstasisdronename (SpaceBattles/Drones/StasisDrone),/Lotus/Language/Items/Archwingmeleerangeincmod (/Lotus/Upgrades/Mods/Archwing/Melee/ArchwingMeleeRangeIncMod),/Lotus/Language/Items/Archwingriflecritchancemod (/Lotus/Upgrades/Mods/Archwing/Rifle/ArchwingRifleCritChanceMod),/Lotus/Language/Items/Archwingweaponfreezedamagerifle (/Lotus/Upgrades/Mods/Archwing/Rifle/ArchwingWeaponFreezeDamageMod),/Lotus/Language/Items/Archwingsuitabilitystrengthmod (/Lotus/Upgrades/Mods/Archwing/Suit/ArchwingSuitAbilityStrengthMod),Common Rdzeń Fuzyjny (/Lotus/Upgrades/Mods/Fusers/CommonModFuser),Uncommon Rdzeń Fuzyjny (/Lotus/Upgrades/Mods/Fusers/UncommonModFuser),,,,,,,,,,,,
/Lotus/Language/Game/Grnexcavationcarrier (AIWeek/CarrierRifleLancer),Common Rdzeń Fuzyjny (/Lotus/Upgrades/Mods/Fusers/CommonModFuser),Rare Rdzeń Fuzyjny (/Lotus/Upgrades/Mods/Fusers/RareModFuser),Furia (/Lotus/Upgrades/Mods/Melee/WeaponFireRateMod),Zasięg (/Lotus/Upgrades/Mods/Melee/WeaponMeleeRangeIncMod),Bez Powrotu (/Lotus/Upgrades/Mods/Pistol/WeaponArmorPiercingDamageMod),Magazynek Bębnowy (/Lotus/Upgrades/Mods/Rifle/WeaponAmmoMaxMod),/Lotus/Language/Items/Scythestancea (/Lotus/Weapons/Tenno/Melee/MeleeTrees/ScytheCmbOneMeleeTree),,,,,,,,,,,
/Lotus/Language/Game/Hyenaelecname (Vip/Hyena/HyenaElec),Prawdziwa Stal (/Lotus/Upgrades/Mods/Melee/WeaponCritChanceMod),Północny Wiatr (/Lotus/Upgrades/Mods/Melee/WeaponFreezeDamageMod),Szybki Mag. (/Lotus/Upgrades/Mods/Pistol/WeaponAmmoMaxMod),Mistrz Złodziejski (/Lotus/Upgrades/Mods/Warframe/AvatarChanceToLoot),,,,,,,,,,,,,,
/Lotus/Language/Game/Hyenafirename (Vip/Hyena/HyenaFire),Prawdziwa Stal (/Lotus/Upgrades/Mods/Melee/WeaponCritChanceMod),Północny Wiatr (/Lotus/Upgrades/Mods/Melee/WeaponFreezeDamageMod),Szybki Mag. (/Lotus/Upgrades/Mods/Pistol/WeaponAmmoMaxMod),Mistrz Złodziejski (/Lotus/Upgrades/Mods/Warframe/AvatarChanceToLoot),,,,,,,,,,,,,,
/Lotus/Language/Game/Hyenagunname (Vip/Hyena/HyenaGun),Prawdziwa Stal (/Lotus/Upgrades/Mods/Melee/WeaponCritChanceMod),Północny Wiatr (/Lotus/Upgrades/Mods/Melee/WeaponFreezeDamageMod),Szybki Mag. (/Lotus/Upgrades/Mods/Pistol/WeaponAmmoMaxMod),Mistrz Złodziejski (/Lotus/Upgrades/Mods/Warframe/AvatarChanceToLoot),,,,,,,,,,,,,,
/Lotus/Language/Game/Hyenaicename (Vip/Hyena/HyenaIce),Prawdziwa Stal (/Lotus/Upgrades/Mods/Melee/WeaponCritChanceMod),Północny Wiatr (/Lotus/Upgrades/Mods/Melee/WeaponFreezeDamageMod),Szybki Mag. (/Lotus/Upgrades/Mods/Pistol/WeaponAmmoMaxMod),Mistrz Złodziejski (/Lotus/Upgrades/Mods/Warframe/AvatarChanceToLoot),,,,,,,,,,,,,,
/Lotus/Language/Game/Infestedaladv (Vip/InfestedAladV/InfestedAladBoss),Mag. Ślizgowy (/Lotus/Upgrades/Mods/Pistol/WeaponClipMaxMod),Gorący Ładunek (/Lotus/Upgrades/Mods/Pistol/WeaponFireDamageMod),Rewolwerowiec (/Lotus/Upgrades/Mods/Pistol/WeaponFireRateMod),Szybkie Dobycie (/Lotus/Upgrades/Mods/Pistol/WeaponReloadSpeedMod),Skupienie (/Lotus/Upgrades/Mods/Warframe/AvatarAbilityStrengthMod),Witalność (/Lotus/Upgrades/Mods/Warframe/AvatarHealthMaxMod),,,,,,,,,,,,
/Lotus/Language/Game/Infestedancientdiseased (AiWeek/Ancients/DiseasedAncient),Rare Rdzeń Fuzyjny (/Lotus/Upgrades/Mods/Fusers/RareModFuser),/Lotus/Language/Items/Meleeproctimemod (/Lotus/Upgrades/Mods/Melee/WeaponProcTimeMod),Zagłada Plagi (/Lotus/Upgrades/Mods/Pistol/WeaponPistolFactionDamageInfested),Strzałki (/Lotus/Upgrades/Mods/Shotgun/WeaponArmorPiercingDamageMod),Przekierowanie (/Lotus/Upgrades/Mods/Warframe/AvatarShieldMaxMod),/Lotus/Language/Items/Gunbladestancea (/Lotus/Weapons/Tenno/Melee/MeleeTrees/GunbladeCmbOneMeleeTree),,,,,,,,,,,,
/Lotus/Language/Game/Infestedancientpuss (AiWeek/Ancients/SpawningAncient),Common Rdzeń Fuzyjny (/Lotus/Upgrades/Mods/Fusers/CommonModFuser),Uncommon Rdzeń Fuzyjny (/Lotus/Upgrades/Mods/Fusers/UncommonModFuser),Uszkodzenia Wewnętrzne (/Lotus/Upgrades/Mods/Melee/WeaponCritDamageMod),Mag. Ślizgowy (/Lotus/Upgrades/Mods/Pistol/WeaponClipMaxMod),Uderzenie Szerszenia (/Lotus/Upgrades/Mods/Pistol/WeaponDamageAmountMod),/Lotus/Language/Items/Uniqueweaponmodexplosionradius (/Lotus/Upgrades/Mods/Rifle/WeaponIncreaseRadialExplosionMod),Szybkie Odbicie (/Lotus/Upgrades/Mods/Sentinel/SentinelShieldRechargeRateMod),/Lotus/Language/Items/Slashdamageshotgunmod (/Lotus/Upgrades/Mods/Shotgun/WeaponSlashDamageMod),Płaszcz Ciepła (/Lotus/Upgrades/Mods/Warframe/AvatarMissionSpecificResistanceIce),/Lotus/Language/Items/Punchkickstanceb (/Lotus/Weapons/Tenno/Melee/MeleeTrees/PunchKickCmbTwoMeleeTree),,,,,,,,
/Lotus/Language/Game/Infestedgrenadecrawler (AiWeek/Crawlers/Grenade),Common Rdzeń Fuzyjny (/Lotus/Upgrades/Mods/Fusers/CommonModFuser),Rare Rdzeń Fuzyjny (/Lotus/Upgrades/Mods/Fusers/RareModFuser),Uncommon Rdzeń Fuzyjny (/Lotus/Upgrades/Mods/Fusers/UncommonModFuser),Punkt Nacisku (/Lotus/Upgrades/Mods/Melee/WeaponMeleeDamageMod),Szybki Mag. (/Lotus/Upgrades/Mods/Pistol/WeaponAmmoMaxMod),Garłacz (/Lotus/Upgrades/Mods/Shotgun/WeaponCritChanceMod),Ciężki Upadek (/Lotus/Upgrades/Mods/Warframe/AvatarFallingImpactMod),,,,,,,,,,,
/Lotus/Language/Game/Infestedlightningcrawler (AiWeek/Crawlers/Lightning),Rare Rdzeń Fuzyjny (/Lotus/Upgrades/Mods/Fusers/RareModFuser),Uncommon Rdzeń Fuzyjny (/Lotus/Upgrades/Mods/Fusers/UncommonModFuser),Moc Obalająca (/Lotus/Upgrades/Mods/Pistol/WeaponStunChanceMod),Gwintowanie (/Lotus/Upgrades/Mods/Rifle/WeaponDamageAmountMod),/Lotus/Language/Items/Impactdamageriflemod (/Lotus/Upgrades/Mods/Rifle/WeaponImpactDamageMod),/Lotus/Language/Items/Poisondamageshotgunmod (/Lotus/Upgrades/Mods/Shotgun/WeaponToxinDamageMod),,,,,,,,,,,,
/Lotus/Language/Game/Infestedmesaname (TennoReplicants/TennoReplicantGunslinger),/Lotus/Language/Items/Meleemodcritfireratebonus (/Lotus/Upgrades/Mods/Melee/WeaponCritFireRateBonusMod),Mistrz Złodziejski (/Lotus/Upgrades/Mods/Warframe/AvatarChanceToLoot),Szał (/Lotus/Upgrades/Mods/Warframe/AvatarDamageToEnergyMod),Przepływ (/Lotus/Upgrades/Mods/Warframe/AvatarPowerMaxMod),/Lotus/Language/Items/Katanastanceb (/Lotus/Weapons/Tenno/Melee/MeleeTrees/KatanaCmbTwoMeleeTree),,,,,,,,,,,,,
/Lotus/Language/Game/Infestedmoagoo (AiWeek/InfestedMoas/SlowBombBiped),Rare Rdzeń Fuzyjny (/Lotus/Upgrades/Mods/Fusers/RareModFuser),/Lotus/Language/Items/Meleeproctimemod (/Lotus/Upgrades/Mods/Melee/WeaponProcTimeMod),Zagłada Plagi (/Lotus/Upgrades/Mods/Pistol/WeaponPistolFactionDamageInfested),Strzałki (/Lotus/Upgrades/Mods/Shotgun/WeaponArmorPiercingDamageMod),Przekierowanie (/Lotus/Upgrades/Mods/Warframe/AvatarShieldMaxMod),/Lotus/Language/Items/Axestanceb (/Lotus/Weapons/Tenno/Melee/MeleeTrees/AxeCmbTwoMeleeTree),,,,,,,,,,,,
/Lotus/Language/Game/Infestedmoananite (AiWeek/InfestedMoas/NaniteCloudBiped),Common Rdzeń Fuzyjny (/Lotus/Upgrades/Mods/Fusers/CommonModFuser),Rare Rdzeń Fuzyjny (/Lotus/Upgrades/Mods/Fusers/RareModFuser),Uncommon Rdzeń Fuzyjny (/Lotus/Upgrades/Mods/Fusers/UncommonModFuser),Poszukiwacz (/Lotus/Upgrades/Mods/Pistol/WeaponPunctureDepthMod),Piorunochron (/Lotus/Upgrades/Mods/Warframe/AvatarDamageResistanceElectricity),Ogniotrwałość (/Lotus/Upgrades/Mods/Warframe/AvatarDamageResistanceFire),,,,,,,,,,,,
/Lotus/Language/Game/Juggernautbossname (AiWeek/Quadrupeds/JuggernautBoss),Regeneracja (/Lotus/Types/Sentinels/SentinelPrecepts/Regen),Common Rdzeń Fuzyjny (/Lotus/Upgrades/Mods/Fusers/CommonModFuser),Rare Rdzeń Fuzyjny (/Lotus/Upgrades/Mods/Fusers/RareModFuser),Konwulsja (/Lotus/Upgrades/Mods/Pistol/WeaponElectricityDamageMod),Szybki Spust (/Lotus/Upgrades/Mods/Rifle/WeaponFireRateMod),/Lotus/Language/Items/Impactdamageriflemod (/Lotus/Upgrades/Mods/Rifle/WeaponImpactDamageMod),Przekierowanie (/Lotus/Upgrades/Mods/Sentinel/SentinelShieldMaxMod),/Lotus/Language/Items/Fiststancea (/Lotus/Weapons/Tenno/Melee/MeleeTrees/FistCmbOneMeleeTree),,,,,,,,,,
/Lotus/Language/Game/Juggernautname (AiWeek/Quadrupeds/Juggernaut),Regeneracja (/Lotus/Types/Sentinels/SentinelPrecepts/Regen),Common Rdzeń Fuzyjny (/Lotus/Upgrades/Mods/Fusers/CommonModFuser),Rare Rdzeń Fuzyjny (/Lotus/Upgrades/Mods/Fusers/RareModFuser),Konwulsja (/Lotus/Upgrades/Mods/Pistol/WeaponElectricityDamageMod),Szybki Spust (/Lotus/Upgrades/Mods/Rifle/WeaponFireRateMod),/Lotus/Language/Items/Impactdamageriflemod (/Lotus/Upgrades/Mods/Rifle/WeaponImpactDamageMod),Przekierowanie (/Lotus/Upgrades/Mods/Sentinel/SentinelShieldMaxMod),/Lotus/Language/Items/Fiststancea (/Lotus/Weapons/Tenno/Melee/MeleeTrees/FistCmbOneMeleeTree),,,,,,,,,,
/Lotus/Language/Game/Keladethaym (Vip/HeavyRocketFemale),Ognisty Cios (/Lotus/Upgrades/Mods/Melee/WeaponFireDamageMod),Śmiertelny Cios (/Lotus/Upgrades/Mods/Melee/WeaponMeleeHeavyDamageMod),Skupione Uderzenie (/Lotus/Upgrades/Mods/Melee/WeaponPowerDamageMod),Krioamunicja (/Lotus/Upgrades/Mods/Rifle/WeaponFreezeDamageMod),Rozciągnięcie (/Lotus/Upgrades/Mods/Warframe/AvatarAbilityRangeMod),,,,,,,,,,,,,
/Lotus/Language/Game/Kubrowname (/Lotus/Types/NeutralCreatures/Kubrow/Kubrow),/Lotus/Language/Items/Kubrowchargepreceptname (/Lotus/Types/Friendly/Pets/KubrowPetPrecepts/KubrowChargePrecept),/Lotus/Language/Items/Kubrowcloakpreceptname (/Lotus/Types/Friendly/Pets/KubrowPetPrecepts/KubrowCloakPrecept),/Lotus/Language/Items/Kubrowdigpreceptname (/Lotus/Types/Friendly/Pets/KubrowPetPrecepts/KubrowDigPrecept),/Lotus/Language/Items/Kubrowfearpreceptname (/Lotus/Types/Friendly/Pets/KubrowPetPrecepts/KubrowFearPrecept),/Lotus/Language/Items/Kubrowsanctuarystoreitemname (/Lotus/Types/Friendly/Pets/KubrowPetPrecepts/KubrowSanctuary),/Lotus/Language/Items/Kubrowshieldpreceptname (/Lotus/Types/Friendly/Pets/KubrowPetPrecepts/KubrowShieldPrecept),/Lotus/Language/Items/Kubrowthiefpreceptname (/Lotus/Types/Friendly/Pets/KubrowPetPrecepts/KubrowThiefPrecept),/Lotus/Language/Items/Kubrowvipchasepreceptname (/Lotus/Types/Friendly/Pets/KubrowPetPrecepts/KubrowVipChasePrecept),/Lotus/Language/Items/Kubrowfinisherpreceptname (/Lotus/Upgrades/Mods/Sentinel/Kubrow/KubrowClonedFinisherMod),/Lotus/Language/Items/Kubrowhunterattackpreceptname (/Lotus/Upgrades/Mods/Sentinel/Kubrow/KubrowCritMod),/Lotus/Language/Items/Kubrowfinishermodname (/Lotus/Upgrades/Mods/Sentinel/Kubrow/KubrowFinisherMod),/Lotus/Language/Items/Kubrowarmorlinkmodname (/Lotus/Upgrades/Mods/Sentinel/Kubrow/KubrowLinkArmourMaxMod),/Lotus/Language/Items/Kubrowhealthlinkmodname (/Lotus/Upgrades/Mods/Sentinel/Kubrow/KubrowLinkHealthMaxMod),/Lotus/Language/Items/Kubrowshieldslinkmodname (/Lotus/Upgrades/Mods/Sentinel/Kubrow/KubrowLinkShieldMaxMod),/Lotus/Language/Items/Kubrowbleedoutmodname (/Lotus/Upgrades/Mods/Sentinel/Kubrow/KubrowMasterBleedoutMod),/Lotus/Language/Items/Kubrowadventurerattackpreceptname (/Lotus/Upgrades/Mods/Sentinel/Kubrow/KubrowMeleeDamageMod),/Lotus/Language/Items/Kubrowpackleadermod (/Lotus/Upgrades/Mods/Sentinel/Kubrow/KubrowPackLeaderMod),/Lotus/Language/Items/Kubrowshieldregenmodname (/Lotus/Upgrades/Mods/Sentinel/Kubrow/KubrowShieldRechargeRateMod)
/Lotus/Language/Game/Laserdiscbiped (BipedRobot/AIWeek/LaserDiscBiped),/Lotus/Language/Items/Poisondamagepistolmod (/Lotus/Upgrades/Mods/Pistol/WeaponToxinDamageMod),Witalność (/Lotus/Upgrades/Mods/Sentinel/SentinelHealthMaxMod),Kontrola Tłumu (/Lotus/Upgrades/Mods/Shotgun/WeaponStunChanceMod),Złodziejski Zmysł (/Lotus/Upgrades/Mods/Warframe/AvatarLootRadarMod),/Lotus/Language/Items/Dualswordstancea (/Lotus/Weapons/Tenno/Melee/MeleeTrees/DualSwordCmbOneMeleeTree),,,,,,,,,,,,,
/Lotus/Language/Game/Manicgrineername (AIWeek/ManicGrineer),Common Rdzeń Fuzyjny (/Lotus/Upgrades/Mods/Fusers/CommonModFuser),Rare Rdzeń Fuzyjny (/Lotus/Upgrades/Mods/Fusers/RareModFuser),Uncommon Rdzeń Fuzyjny (/Lotus/Upgrades/Mods/Fusers/UncommonModFuser),Północny Wiatr (/Lotus/Upgrades/Mods/Melee/WeaponFreezeDamageMod),Spirala Reakcji (/Lotus/Upgrades/Mods/Melee/WeaponMeleeChargeRateMod),Punkt Nacisku (/Lotus/Upgrades/Mods/Melee/WeaponMeleeDamageMod),Precyzyjny Strzał (/Lotus/Upgrades/Mods/Rifle/WeaponCritChanceMod),Szybkie Ręce (/Lotus/Upgrades/Mods/Rifle/WeaponReloadSpeedMod),Przepływ (/Lotus/Upgrades/Mods/Warframe/AvatarPowerMaxMod),/Lotus/Language/Items/Fiststancec (/Lotus/Weapons/Tenno/Melee/MeleeTrees/ClawCmbThreeMeleeTree),,,,,,,,
/Lotus/Language/Game/Minijackaldrone (QuadRobot/MiniBoss/ShieldDroneMiniBoss),Common Rdzeń Fuzyjny (/Lotus/Upgrades/Mods/Fusers/CommonModFuser),Rare Rdzeń Fuzyjny (/Lotus/Upgrades/Mods/Fusers/RareModFuser),Uncommon Rdzeń Fuzyjny (/Lotus/Upgrades/Mods/Fusers/UncommonModFuser),Prawdziwa Stal (/Lotus/Upgrades/Mods/Melee/WeaponCritChanceMod),Szybki Mag. (/Lotus/Upgrades/Mods/Pistol/WeaponAmmoMaxMod),Ogień Piekielny (/Lotus/Upgrades/Mods/Rifle/WeaponFireDamageMod),Witalność (/Lotus/Upgrades/Mods/Sentinel/SentinelHealthMaxMod),Szybkie Odbicie (/Lotus/Upgrades/Mods/Warframe/AvatarShieldRechargeRateMod),,,,,,,,,,
/Lotus/Language/Game/Minijackalturret (QuadRobot/MiniBoss/TurretQuadMiniBoss),Common Rdzeń Fuzyjny (/Lotus/Upgrades/Mods/Fusers/CommonModFuser),Rare Rdzeń Fuzyjny (/Lotus/Upgrades/Mods/Fusers/RareModFuser),Uncommon Rdzeń Fuzyjny (/Lotus/Upgrades/Mods/Fusers/UncommonModFuser),Prawdziwa Stal (/Lotus/Upgrades/Mods/Melee/WeaponCritChanceMod),Szybki Mag. (/Lotus/Upgrades/Mods/Pistol/WeaponAmmoMaxMod),Ogień Piekielny (/Lotus/Upgrades/Mods/Rifle/WeaponFireDamageMod),Witalność (/Lotus/Upgrades/Mods/Sentinel/SentinelHealthMaxMod),Szybkie Odbicie (/Lotus/Upgrades/Mods/Warframe/AvatarShieldRechargeRateMod),,,,,,,,,,
/Lotus/Language/Game/Nullifyspaceman (Spaceman/AIWeek/NullifySpaceman),Wojownik (/Lotus/Types/Sentinels/SentinelPrecepts/Warrior),Rare Rdzeń Fuzyjny (/Lotus/Upgrades/Mods/Fusers/RareModFuser),Uncommon Rdzeń Fuzyjny (/Lotus/Upgrades/Mods/Fusers/UncommonModFuser),Pustoszyciel (/Lotus/Upgrades/Mods/Shotgun/WeaponCritDamageMod),Płaszcz Zapalający (/Lotus/Upgrades/Mods/Shotgun/WeaponFireDamageMod),/Lotus/Language/Items/Scythestanceb (/Lotus/Weapons/Tenno/Melee/MeleeTrees/ScytheCmbTwoMeleeTree),,,,,,,,,,,,
/Lotus/Language/Game/Orokinbladesawman (OrokinBladeSawman),/Lotus/Language/Items/Itemvacuumstoreitemname (/Lotus/Types/Sentinels/SentinelPrecepts/ItemVacum),/Lotus/Language/Items/Djinnprimarypreceptname (/Lotus/Types/Sentinels/SentinelPrecepts/Thumper),Uncommon Rdzeń Fuzyjny (/Lotus/Upgrades/Mods/Fusers/UncommonModFuser),Wzmocniony Rzut Glaive (/Lotus/Upgrades/Mods/Melee/WeaponGlaivePowerthrowMod),/Lotus/Language/Items/Meleemodfinisherdamage (/Lotus/Upgrades/Mods/Melee/WeaponMeleeFinisherDamageMod),/Lotus/Language/Items/Poisondamageriflemod (/Lotus/Upgrades/Mods/Rifle/WeaponToxinDamageMod),/Lotus/Language/Items/Whipstancea (/Lotus/Weapons/Tenno/Melee/MeleeTrees/WhipCmbOneMeleeTree),,,,,,,,,,,
/Lotus/Language/Game/Orokinbombardrocket (OrokinRocketBombard),Rare Rdzeń Fuzyjny (/Lotus/Upgrades/Mods/Fusers/RareModFuser),Uncommon Rdzeń Fuzyjny (/Lotus/Upgrades/Mods/Fusers/UncommonModFuser),Whirlwind (/Lotus/Upgrades/Mods/Melee/WeaponGlaiveSpeedMod),/Lotus/Language/Items/Sentinelmoddropchance (/Lotus/Upgrades/Mods/Sentinel/SentinelDropChanceMod),/Lotus/Language/Items/Warframemodtimelimitincrease (/Lotus/Upgrades/Mods/Warframe/AvatarTimeLimitIncreaseMod),/Lotus/Language/Items/Staffstanceb (/Lotus/Weapons/Tenno/Melee/MeleeTrees/StaffCmbTwoMeleeTree),,,,,,,,,,,,
/Lotus/Language/Game/Orokindrone (OrokinShieldDrone),/Lotus/Language/Items/Coolantleakstoreitemname (/Lotus/Types/Sentinels/SentinelPrecepts/CoolantLeak),Common Rdzeń Fuzyjny (/Lotus/Upgrades/Mods/Fusers/CommonModFuser),Rare Rdzeń Fuzyjny (/Lotus/Upgrades/Mods/Fusers/RareModFuser),Uncommon Rdzeń Fuzyjny (/Lotus/Upgrades/Mods/Fusers/UncommonModFuser),/Lotus/Language/Items/Riflemodnoisereduction (/Lotus/Upgrades/Mods/Rifle/WeaponNoiseReductionMod),/Lotus/Language/Items/Sentinelmodoverheatdamage (/Lotus/Upgrades/Mods/Sentinel/SentinelOverheatDamageMod),,,,,,,,,,,,
/Lotus/Language/Game/Orokinnullifier (OrokinNullifySpaceman),Rare Rdzeń Fuzyjny (/Lotus/Upgrades/Mods/Fusers/RareModFuser),Uncommon Rdzeń Fuzyjny (/Lotus/Upgrades/Mods/Fusers/UncommonModFuser),Whirlwind (/Lotus/Upgrades/Mods/Melee/WeaponGlaiveSpeedMod),/Lotus/Language/Items/Sentinelmoddropchance (/Lotus/Upgrades/Mods/Sentinel/SentinelDropChanceMod),/Lotus/Language/Items/Warframemodtimelimitincrease (/Lotus/Upgrades/Mods/Warframe/AvatarTimeLimitIncreaseMod),/Lotus/Language/Items/Staffstanceb (/Lotus/Weapons/Tenno/Melee/MeleeTrees/StaffCmbTwoMeleeTree),,,,,,,,,,,,
/Lotus/Language/Game/Phorid (Vip/QuadrupedVIP),Ognisty Cios (/Lotus/Upgrades/Mods/Melee/WeaponFireDamageMod),Śmiertelny Cios (/Lotus/Upgrades/Mods/Melee/WeaponMeleeHeavyDamageMod),Skupione Uderzenie (/Lotus/Upgrades/Mods/Melee/WeaponPowerDamageMod),Krioamunicja (/Lotus/Upgrades/Mods/Rifle/WeaponFreezeDamageMod),Rozciągnięcie (/Lotus/Upgrades/Mods/Warframe/AvatarAbilityRangeMod),,,,,,,,,,,,,
/Lotus/Language/Game/Preventionriotmoaname (BipedRobot/AIWeek/RiotBipedPrevention),Pomsta (/Lotus/Types/Sentinels/SentinelPrecepts/Revenge),Common Rdzeń Fuzyjny (/Lotus/Upgrades/Mods/Fusers/CommonModFuser),Wstrząsajacy Dotyk (/Lotus/Upgrades/Mods/Melee/WeaponElectricityDamageMod),Uderzenie Grineer (/Lotus/Upgrades/Mods/Melee/WeaponMeleeFactionDamageGrineer),Magazynek Bębnowy (/Lotus/Upgrades/Mods/Rifle/WeaponAmmoMaxMod),/Lotus/Language/Items/Glaivestanceb (/Lotus/Weapons/Tenno/Melee/MeleeTrees/GlaiveCmbTwoMeleeTree),,,,,,,,,,,,
/Lotus/Language/Game/Sargasruk (Vip/SargasRuk/SargasRukNew),Punkt Nacisku (/Lotus/Upgrades/Mods/Melee/WeaponMeleeDamageMod),Ogłuszająca Siła (/Lotus/Upgrades/Mods/Melee/WeaponStunChanceMod),Dzielona Komora (/Lotus/Upgrades/Mods/Rifle/WeaponFireIterationsMod),Kontrola Tłumu (/Lotus/Upgrades/Mods/Shotgun/WeaponStunChanceMod),Ciągłość (/Lotus/Upgrades/Mods/Warframe/AvatarAbilityDurationMod),/Lotus/Language/Items/Hammerstancea (/Lotus/Weapons/Tenno/Melee/MeleeTrees/HammerCmbOneMeleeTree),,,,,,,,,,,,
/Lotus/Language/Game/Scavengerdronename (Drones/AIWeek/VacDrone),Prawdziwa Stal (/Lotus/Upgrades/Mods/Melee/WeaponCritChanceMod),Rewolwerowiec (/Lotus/Upgrades/Mods/Pistol/WeaponFireRateMod),/Lotus/Language/Items/Poisondamageshotgunmod (/Lotus/Upgrades/Mods/Shotgun/WeaponToxinDamageMod),Przekierowanie (/Lotus/Upgrades/Mods/Warframe/AvatarShieldMaxMod),,,,,,,,,,,,,,
/Lotus/Language/Game/Sensorregulatorname (AIWeek/CameraDrone),Common Rdzeń Fuzyjny (/Lotus/Upgrades/Mods/Fusers/CommonModFuser),Rare Rdzeń Fuzyjny (/Lotus/Upgrades/Mods/Fusers/RareModFuser),Uncommon Rdzeń Fuzyjny (/Lotus/Upgrades/Mods/Fusers/UncommonModFuser),Furia (/Lotus/Upgrades/Mods/Melee/WeaponFireRateMod),Ogłuszająca Siła (/Lotus/Upgrades/Mods/Melee/WeaponStunChanceMod),Konwulsja (/Lotus/Upgrades/Mods/Pistol/WeaponElectricityDamageMod),Piekielna Komora (/Lotus/Upgrades/Mods/Shotgun/WeaponFireIterationsMod),Witalność (/Lotus/Upgrades/Mods/Warframe/AvatarHealthMaxMod),,,,,,,,,,
/Lotus/Language/Game/Suicidedronename (Drones/AIWeek/SuicideDrone),Common Rdzeń Fuzyjny (/Lotus/Upgrades/Mods/Fusers/CommonModFuser),Rare Rdzeń Fuzyjny (/Lotus/Upgrades/Mods/Fusers/RareModFuser),Uncommon Rdzeń Fuzyjny (/Lotus/Upgrades/Mods/Fusers/UncommonModFuser),Furia (/Lotus/Upgrades/Mods/Melee/WeaponFireRateMod),Ogłuszająca Siła (/Lotus/Upgrades/Mods/Melee/WeaponStunChanceMod),Konwulsja (/Lotus/Upgrades/Mods/Pistol/WeaponElectricityDamageMod),Piekielna Komora (/Lotus/Upgrades/Mods/Shotgun/WeaponFireIterationsMod),Witalność (/Lotus/Upgrades/Mods/Warframe/AvatarHealthMaxMod),,,,,,,,,,
/Lotus/Language/Game/Toxicdronename (AiWeek/InfestedDrones/PoisonDrone),Common Rdzeń Fuzyjny (/Lotus/Upgrades/Mods/Fusers/CommonModFuser),Rare Rdzeń Fuzyjny (/Lotus/Upgrades/Mods/Fusers/RareModFuser),Uncommon Rdzeń Fuzyjny (/Lotus/Upgrades/Mods/Fusers/UncommonModFuser),Punkt Nacisku (/Lotus/Upgrades/Mods/Melee/WeaponMeleeDamageMod),/Lotus/Language/Items/Riflebeamdistancemod (/Lotus/Upgrades/Mods/Rifle/WeaponBeamDistanceMod),Wiertło (/Lotus/Upgrades/Mods/Rifle/WeaponPunctureDepthMod),,,,,,,,,,,,
/Lotus/Language/Game/Tylregor (Vip/NinjaLeader),Prawdziwa Stal (/Lotus/Upgrades/Mods/Melee/WeaponCritChanceMod),Wstrząsajacy Dotyk (/Lotus/Upgrades/Mods/Melee/WeaponElectricityDamageMod),/Lotus/Language/Items/Pistolprojectilespeedmod (/Lotus/Upgrades/Mods/Pistol/WeaponProjectileSpeedMod),Krioamunicja (/Lotus/Upgrades/Mods/Rifle/WeaponFreezeDamageMod),Stalowe Włókna (/Lotus/Upgrades/Mods/Warframe/AvatarArmourMod),Witalność (/Lotus/Upgrades/Mods/Warframe/AvatarHealthMaxMod),,,,,,,,,,,,
/Lotus/Language/Game/Vayhekdronename (Vip/Hek/HekDrone),Common Rdzeń Fuzyjny (/Lotus/Upgrades/Mods/Fusers/CommonModFuser),Rare Rdzeń Fuzyjny (/Lotus/Upgrades/Mods/Fusers/RareModFuser),Uncommon Rdzeń Fuzyjny (/Lotus/Upgrades/Mods/Fusers/UncommonModFuser),Ognisty Cios (/Lotus/Upgrades/Mods/Melee/WeaponFireDamageMod),Śmiertelny Cios (/Lotus/Upgrades/Mods/Melee/WeaponMeleeHeavyDamageMod),Skupione Uderzenie (/Lotus/Upgrades/Mods/Melee/WeaponPowerDamageMod),Krioamunicja (/Lotus/Upgrades/Mods/Rifle/WeaponFreezeDamageMod),Rozciągnięcie (/Lotus/Upgrades/Mods/Warframe/AvatarAbilityRangeMod),,,,,,,,,,
/Lotus/Language/Game/Vayhekframename (Vip/Hek/HekBiped),Common Rdzeń Fuzyjny (/Lotus/Upgrades/Mods/Fusers/CommonModFuser),Rare Rdzeń Fuzyjny (/Lotus/Upgrades/Mods/Fusers/RareModFuser),Uncommon Rdzeń Fuzyjny (/Lotus/Upgrades/Mods/Fusers/UncommonModFuser),Ognisty Cios (/Lotus/Upgrades/Mods/Melee/WeaponFireDamageMod),Śmiertelny Cios (/Lotus/Upgrades/Mods/Melee/WeaponMeleeHeavyDamageMod),Skupione Uderzenie (/Lotus/Upgrades/Mods/Melee/WeaponPowerDamageMod),Krioamunicja (/Lotus/Upgrades/Mods/Rifle/WeaponFreezeDamageMod),Rozciągnięcie (/Lotus/Upgrades/Mods/Warframe/AvatarAbilityRangeMod),,,,,,,,,,
/Lotus/Language/Game/Vortwo (Vip/VorTwo/VorTwoBoss),/Lotus/Language/Items/Poisoneventmeleemod (/Lotus/Upgrades/Mods/Melee/DualStat/PoisonEventMeleeMod),/Lotus/Language/Items/Poisoneventpistolmod (/Lotus/Upgrades/Mods/Pistol/DualStat/PoisonEventPistolMod),/Lotus/Language/Items/Poisoneventriflemod (/Lotus/Upgrades/Mods/Rifle/DualStat/PoisonEventRifleMod),/Lotus/Language/Items/Poisoneventshotgunmod (/Lotus/Upgrades/Mods/Shotgun/DualStat/PoisonEventShotgunMod),,,,,,,,,,,,,,
/Lotus/Language/Game/Wardencorpus (Gamemodes/DeployableSpacemanWarden),Common Rdzeń Fuzyjny (/Lotus/Upgrades/Mods/Fusers/CommonModFuser),Uncommon Rdzeń Fuzyjny (/Lotus/Upgrades/Mods/Fusers/UncommonModFuser),Precyzyjny Strzał (/Lotus/Upgrades/Mods/Rifle/WeaponCritChanceMod),Elektryczny Nabój (/Lotus/Upgrades/Mods/Shotgun/WeaponElectricityDamageMod),Czystka Grineer (/Lotus/Upgrades/Mods/Shotgun/WeaponShotgunFactionDamageGrineer),Wybicie (/Lotus/Upgrades/Mods/Warframe/AvatarKnockdownRecoveryMod),Maraton (/Lotus/Upgrades/Mods/Warframe/AvatarStaminaMaxMod),/Lotus/Language/Items/Dualswordstancea (/Lotus/Weapons/Tenno/Melee/MeleeTrees/DualSwordCmbOneMeleeTree),,,,,,,,,,
/Lotus/Language/Game/Wardencorpus (Gamemodes/DeployableSpacemanWardenLeader),Common Rdzeń Fuzyjny (/Lotus/Upgrades/Mods/Fusers/CommonModFuser),Uncommon Rdzeń Fuzyjny (/Lotus/Upgrades/Mods/Fusers/UncommonModFuser),Precyzyjny Strzał (/Lotus/Upgrades/Mods/Rifle/WeaponCritChanceMod),Elektryczny Nabój (/Lotus/Upgrades/Mods/Shotgun/WeaponElectricityDamageMod),Czystka Grineer (/Lotus/Upgrades/Mods/Shotgun/WeaponShotgunFactionDamageGrineer),Wybicie (/Lotus/Upgrades/Mods/Warframe/AvatarKnockdownRecoveryMod),Maraton (/Lotus/Upgrades/Mods/Warframe/AvatarStaminaMaxMod),/Lotus/Language/Items/Dualswordstancea (/Lotus/Weapons/Tenno/Melee/MeleeTrees/DualSwordCmbOneMeleeTree),,,,,,,,,,
/Lotus/Language/Game/Wardengrineer (Gamemodes/WardenGrineerHeavy),Common Rdzeń Fuzyjny (/Lotus/Upgrades/Mods/Fusers/CommonModFuser),Rare Rdzeń Fuzyjny (/Lotus/Upgrades/Mods/Fusers/RareModFuser),Uncommon Rdzeń Fuzyjny (/Lotus/Upgrades/Mods/Fusers/UncommonModFuser),Mag. Ślizgowy (/Lotus/Upgrades/Mods/Pistol/WeaponClipMaxMod),Magazynek Łukowy (/Lotus/Upgrades/Mods/Rifle/WeaponClipMaxMod),Kompresja Naboju (/Lotus/Upgrades/Mods/Shotgun/WeaponAmmoMaxMod),Garłacz (/Lotus/Upgrades/Mods/Shotgun/WeaponCritChanceMod),/Lotus/Language/Items/Katanastanceb (/Lotus/Weapons/Tenno/Melee/MeleeTrees/KatanaCmbTwoMeleeTree),,,,,,,,,,
/Lotus/Language/Game/Wardengrineer (Gamemodes/WardenGrineerHeavyLeader),Common Rdzeń Fuzyjny (/Lotus/Upgrades/Mods/Fusers/CommonModFuser),Rare Rdzeń Fuzyjny (/Lotus/Upgrades/Mods/Fusers/RareModFuser),Uncommon Rdzeń Fuzyjny (/Lotus/Upgrades/Mods/Fusers/UncommonModFuser),Mag. Ślizgowy (/Lotus/Upgrades/Mods/Pistol/WeaponClipMaxMod),Magazynek Łukowy (/Lotus/Upgrades/Mods/Rifle/WeaponClipMaxMod),Kompresja Naboju (/Lotus/Upgrades/Mods/Shotgun/WeaponAmmoMaxMod),Garłacz (/Lotus/Upgrades/Mods/Shotgun/WeaponCritChanceMod),/Lotus/Language/Items/Katanastanceb (/Lotus/Weapons/Tenno/Melee/MeleeTrees/KatanaCmbTwoMeleeTree),,,,,,,,,,
/Lotus/Language/Items/Chromaname (TennoReplicants/TennoReplicantChroma),/Lotus/Language/Items/Meleemodcritfireratebonus (/Lotus/Upgrades/Mods/Melee/WeaponCritFireRateBonusMod),Mistrz Złodziejski (/Lotus/Upgrades/Mods/Warframe/AvatarChanceToLoot),Szał (/Lotus/Upgrades/Mods/Warframe/AvatarDamageToEnergyMod),Przepływ (/Lotus/Upgrades/Mods/Warframe/AvatarPowerMaxMod),/Lotus/Language/Items/Katanastanceb (/Lotus/Weapons/Tenno/Melee/MeleeTrees/KatanaCmbTwoMeleeTree),,,,,,,,,,,,,
Balista (AIWeek/FemaleGrineer),Common Rdzeń Fuzyjny (/Lotus/Upgrades/Mods/Fusers/CommonModFuser),Rare Rdzeń Fuzyjny (/Lotus/Upgrades/Mods/Fusers/RareModFuser),Uncommon Rdzeń Fuzyjny (/Lotus/Upgrades/Mods/Fusers/UncommonModFuser),Uszkodzenia Wewnętrzne (/Lotus/Upgrades/Mods/Melee/WeaponCritDamageMod),Zwiastun Burzy (/Lotus/Upgrades/Mods/Rifle/WeaponElectricityDamageMod),,,,,,,,,,,,,
Biegacz (AiWeek/Runners/SuicideRunner),Duch (/Lotus/Types/Sentinels/SentinelPrecepts/Ghost),Common Rdzeń Fuzyjny (/Lotus/Upgrades/Mods/Fusers/CommonModFuser),Rare Rdzeń Fuzyjny (/Lotus/Upgrades/Mods/Fusers/RareModFuser),Druzgocący Cios (/Lotus/Upgrades/Mods/Melee/WeaponArmorPiercingDamageMod),Zasięg (/Lotus/Upgrades/Mods/Melee/WeaponMeleeRangeIncMod),/Lotus/Language/Items/Impactdamagepistolmod (/Lotus/Upgrades/Mods/Pistol/WeaponImpactDamageMod),Z Przyłożenia (/Lotus/Upgrades/Mods/Shotgun/WeaponDamageAmountMod),,,,,,,,,,,
Ciężkozbrojny Grineer (AIWeek/HeavyFemaleGrineer),Common Rdzeń Fuzyjny (/Lotus/Upgrades/Mods/Fusers/CommonModFuser),Rare Rdzeń Fuzyjny (/Lotus/Upgrades/Mods/Fusers/RareModFuser),Uncommon Rdzeń Fuzyjny (/Lotus/Upgrades/Mods/Fusers/UncommonModFuser),Mag. Ślizgowy (/Lotus/Upgrades/Mods/Pistol/WeaponClipMaxMod),Magazynek Łukowy (/Lotus/Upgrades/Mods/Rifle/WeaponClipMaxMod),Kompresja Naboju (/Lotus/Upgrades/Mods/Shotgun/WeaponAmmoMaxMod),Garłacz (/Lotus/Upgrades/Mods/Shotgun/WeaponCritChanceMod),/Lotus/Language/Items/Katanastanceb (/Lotus/Weapons/Tenno/Melee/MeleeTrees/KatanaCmbTwoMeleeTree),,,,,,,,,,
Dowódca Grineer (GrineerMarineLeader),Mag. Ślizgowy (/Lotus/Upgrades/Mods/Pistol/WeaponClipMaxMod),Magazynek Łukowy (/Lotus/Upgrades/Mods/Rifle/WeaponClipMaxMod),Kompresja Naboju (/Lotus/Upgrades/Mods/Shotgun/WeaponAmmoMaxMod),Garłacz (/Lotus/Upgrades/Mods/Shotgun/WeaponCritChanceMod),,,,,,,,,,,,,,
Dron (Drones/DroneDroneAttack),Common Rdzeń Fuzyjny (/Lotus/Upgrades/Mods/Fusers/CommonModFuser),Rare Rdzeń Fuzyjny (/Lotus/Upgrades/Mods/Fusers/RareModFuser),Uncommon Rdzeń Fuzyjny (/Lotus/Upgrades/Mods/Fusers/UncommonModFuser),Furia (/Lotus/Upgrades/Mods/Melee/WeaponFireRateMod),Ogłuszająca Siła (/Lotus/Upgrades/Mods/Melee/WeaponStunChanceMod),Konwulsja (/Lotus/Upgrades/Mods/Pistol/WeaponElectricityDamageMod),Piekielna Komora (/Lotus/Upgrades/Mods/Shotgun/WeaponFireIterationsMod),Witalność (/Lotus/Upgrades/Mods/Warframe/AvatarHealthMaxMod),,,,,,,,,,
Dron (SpaceBattles/CrpSpaceDroneAttack),/Lotus/Language/Items/Archwingmeleerangeincmod (/Lotus/Upgrades/Mods/Archwing/Melee/ArchwingMeleeRangeIncMod),/Lotus/Language/Items/Archwingrifleclipmaxmod (/Lotus/Upgrades/Mods/Archwing/Rifle/ArchwingRifleClipMaxMod),/Lotus/Language/Items/Archwingsuitabilitydurationmod (/Lotus/Upgrades/Mods/Archwing/Suit/ArchwingSuitAbilityDurationMod),Common Rdzeń Fuzyjny (/Lotus/Upgrades/Mods/Fusers/CommonModFuser),Uncommon Rdzeń Fuzyjny (/Lotus/Upgrades/Mods/Fusers/UncommonModFuser),,,,,,,,,,,,,
Elitarny Szturmowiec Grineer (AIWeek/EliteRifleLancer),Pomsta (/Lotus/Types/Sentinels/SentinelPrecepts/Revenge),Uncommon Rdzeń Fuzyjny (/Lotus/Upgrades/Mods/Fusers/UncommonModFuser),Szybkie Dobycie (/Lotus/Upgrades/Mods/Pistol/WeaponReloadSpeedMod),/Lotus/Language/Items/Slashdamagepistolmod (/Lotus/Upgrades/Mods/Pistol/WeaponSlashDamageMod),Piorun (/Lotus/Upgrades/Mods/Rifle/BowExplosionChanceMod),/Lotus/Language/Items/Warframemodbleedoutmodifier (/Lotus/Upgrades/Mods/Warframe/AvatarBleedoutDelayMod),Przekierowanie (/Lotus/Upgrades/Mods/Warframe/AvatarShieldMaxMod),/Lotus/Language/Items/Dualswordstanceb (/Lotus/Weapons/Tenno/Melee/MeleeTrees/DualSwordCmbTwoMeleeTree),,,,,,,,,,
Grineer Eviscerator (AIWeek/EviseratorLancer),Rare Rdzeń Fuzyjny (/Lotus/Upgrades/Mods/Fusers/RareModFuser),Wstrząsajacy Dotyk (/Lotus/Upgrades/Mods/Melee/WeaponElectricityDamageMod),Ogłuszająca Siła (/Lotus/Upgrades/Mods/Melee/WeaponStunChanceMod),Gambit Pistoletowy (/Lotus/Upgrades/Mods/Pistol/WeaponCritChanceMod),/Lotus/Language/Items/Impactdamageshotgunmod (/Lotus/Upgrades/Mods/Shotgun/WeaponImpactDamageMod),/Lotus/Language/Items/Shotgunproctimemod (/Lotus/Upgrades/Mods/Shotgun/WeaponProcTimeMod),/Lotus/Language/Items/Machetestancea (/Lotus/Weapons/Tenno/Melee/MeleeTrees/MacheteCmbOneMeleeTree),,,,,,,,,,,
Grineer Pilarz (AIWeek/BladeSawman),Common Rdzeń Fuzyjny (/Lotus/Upgrades/Mods/Fusers/CommonModFuser),Rare Rdzeń Fuzyjny (/Lotus/Upgrades/Mods/Fusers/RareModFuser),Uncommon Rdzeń Fuzyjny (/Lotus/Upgrades/Mods/Fusers/UncommonModFuser),Północny Wiatr (/Lotus/Upgrades/Mods/Melee/WeaponFreezeDamageMod),Spirala Reakcji (/Lotus/Upgrades/Mods/Melee/WeaponMeleeChargeRateMod),Punkt Nacisku (/Lotus/Upgrades/Mods/Melee/WeaponMeleeDamageMod),Uderzenie Grineer (/Lotus/Upgrades/Mods/Melee/WeaponMeleeFactionDamageGrineer),Precyzyjny Strzał (/Lotus/Upgrades/Mods/Rifle/WeaponCritChanceMod),Szybkie Ręce (/Lotus/Upgrades/Mods/Rifle/WeaponReloadSpeedMod),Przepływ (/Lotus/Upgrades/Mods/Warframe/AvatarPowerMaxMod),,,,,,,,
Grineer Pięściarz (AIWeek/PistonSawman),Spopielenie (/Lotus/Types/Sentinels/SentinelPrecepts/Vaporize),Uncommon Rdzeń Fuzyjny (/Lotus/Upgrades/Mods/Fusers/UncommonModFuser),Łamacz Celu (/Lotus/Upgrades/Mods/Pistol/WeaponCritDamageMod),Zguba Plagi (/Lotus/Upgrades/Mods/Rifle/WeaponFactionDamageInfested),Przekierowanie (/Lotus/Upgrades/Mods/Sentinel/SentinelShieldMaxMod),Siła Przebicia (/Lotus/Upgrades/Mods/Shotgun/WeaponPunctureDepthMod),/Lotus/Language/Items/Clawstancea (/Lotus/Weapons/Tenno/Melee/MeleeTrees/ClawCmbOneMeleeTree),/Lotus/Language/Items/Punchkickstancea (/Lotus/Weapons/Tenno/Melee/MeleeTrees/PunchKickCmbOneMeleeTree),,,,,,,,,,
Grineer Poszukiwacz (GrineerMarinePistol),Rare Rdzeń Fuzyjny (/Lotus/Upgrades/Mods/Fusers/RareModFuser),Śmiertelny Cios (/Lotus/Upgrades/Mods/Melee/WeaponMeleeHeavyDamageMod),Dyfuzja Lufy (/Lotus/Upgrades/Mods/Pistol/WeaponFireIterationsMod),/Lotus/Language/Items/Slashdamageriflemod (/Lotus/Upgrades/Mods/Rifle/WeaponSlashDamageMod),Szybkie Odbicie (/Lotus/Upgrades/Mods/Sentinel/SentinelShieldRechargeRateMod),/Lotus/Language/Items/Hammerstanceb (/Lotus/Weapons/Tenno/Melee/MeleeTrees/HammerCmbTwoMeleeTree),/Lotus/Language/Items/Polearmstancea (/Lotus/Weapons/Tenno/Melee/MeleeTrees/PolearmCmbOneMeleeTree),,,,,,,,,,,
Grineer Płomiennego Ostrza (AIWeek/BlowtorchSawman),Common Rdzeń Fuzyjny (/Lotus/Upgrades/Mods/Fusers/CommonModFuser),Rare Rdzeń Fuzyjny (/Lotus/Upgrades/Mods/Fusers/RareModFuser),Uncommon Rdzeń Fuzyjny (/Lotus/Upgrades/Mods/Fusers/UncommonModFuser),Szybki Mag. (/Lotus/Upgrades/Mods/Pistol/WeaponAmmoMaxMod),Grom (/Lotus/Upgrades/Mods/Rifle/WeaponStunChanceMod),Czystka Corpus (/Lotus/Upgrades/Mods/Shotgun/WeaponShotgunFactionDamageCorpus),Ogniotrwałość (/Lotus/Upgrades/Mods/Warframe/AvatarDamageResistanceFire),Wyczucie Wroga (/Lotus/Upgrades/Mods/Warframe/AvatarEnemyRadarMod),,,,,,,,,,
J3 Golem (Vip/GolemFull),Glaive Reflection (/Lotus/Upgrades/Mods/Melee/WeaponGlaiveReflectionDecreaseMod),Glaive Refraction (/Lotus/Upgrades/Mods/Melee/WeaponGlaiveReflectionIncreaseMod),/Lotus/Language/Items/Riflemodrecoilreduction (/Lotus/Upgrades/Mods/Rifle/WeaponRecoilReductionMod),/Lotus/Language/Items/Sentinelmoddropchance (/Lotus/Upgrades/Mods/Sentinel/SentinelDropChanceMod),,,,,,,,,,,,,,
Kanonier Grineer (AIWeek/RocketBombard),Sanktuarium (/Lotus/Types/Sentinels/SentinelPrecepts/Sanctuary),Common Rdzeń Fuzyjny (/Lotus/Upgrades/Mods/Fusers/CommonModFuser),Rare Rdzeń Fuzyjny (/Lotus/Upgrades/Mods/Fusers/RareModFuser),Prawdziwa Stal (/Lotus/Upgrades/Mods/Melee/WeaponCritChanceMod),Zagłada Grineer (/Lotus/Upgrades/Mods/Pistol/WeaponPistolFactionDamageGrineer),Taktyczny Podajnik (/Lotus/Upgrades/Mods/Shotgun/WeaponReloadSpeedMod),Stabilna Postawa (/Lotus/Upgrades/Mods/Warframe/AvatarKnockdownResistanceMod),Płaszcz Ciepła (/Lotus/Upgrades/Mods/Warframe/AvatarMissionSpecificResistanceIce),/Lotus/Language/Items/Crimsondervish (/Lotus/Weapons/Tenno/Melee/MeleeTrees/CrimsonDervishMeleeTree),,,,,,,,,
Kapitan Vor (Vip/CaptainVorBoss),Mag. Ślizgowy (/Lotus/Upgrades/Mods/Pistol/WeaponClipMaxMod),Gorący Ładunek (/Lotus/Upgrades/Mods/Pistol/WeaponFireDamageMod),Rewolwerowiec (/Lotus/Upgrades/Mods/Pistol/WeaponFireRateMod),Szybkie Dobycie (/Lotus/Upgrades/Mods/Pistol/WeaponReloadSpeedMod),Skupienie (/Lotus/Upgrades/Mods/Warframe/AvatarAbilityStrengthMod),Witalność (/Lotus/Upgrades/Mods/Warframe/AvatarHealthMaxMod),,,,,,,,,,,,
Moa (BipedRobot/AIWeek/LaserCannonBiped),Pomsta (/Lotus/Types/Sentinels/SentinelPrecepts/Revenge),Common Rdzeń Fuzyjny (/Lotus/Upgrades/Mods/Fusers/CommonModFuser),Rare Rdzeń Fuzyjny (/Lotus/Upgrades/Mods/Fusers/RareModFuser),Północny Wiatr (/Lotus/Upgrades/Mods/Melee/WeaponFreezeDamageMod),Uderzenie Grineer (/Lotus/Upgrades/Mods/Melee/WeaponMeleeFactionDamageGrineer),Skupione Uderzenie (/Lotus/Upgrades/Mods/Melee/WeaponPowerDamageMod),Magazynek Bębnowy (/Lotus/Upgrades/Mods/Rifle/WeaponAmmoMaxMod),,,,,,,,,,,
Moa Z Railgunem (BipedRobot/AIWeek/RailgunBiped),Common Rdzeń Fuzyjny (/Lotus/Upgrades/Mods/Fusers/CommonModFuser),Uncommon Rdzeń Fuzyjny (/Lotus/Upgrades/Mods/Fusers/UncommonModFuser),Szybki Mag. (/Lotus/Upgrades/Mods/Pistol/WeaponAmmoMaxMod),Ładunek Dokomorowy (/Lotus/Upgrades/Mods/Rifle/SniperReloadDamageMod),Akrobata (/Lotus/Upgrades/Mods/Warframe/AvatarStaminaCostMultiplierMod),,,,,,,,,,,,,
Moa-Hybryda (BipedRobot/AIWeek/SuperMoaBiped),Spopielenie (/Lotus/Types/Sentinels/SentinelPrecepts/Vaporize),Common Rdzeń Fuzyjny (/Lotus/Upgrades/Mods/Fusers/CommonModFuser),Rare Rdzeń Fuzyjny (/Lotus/Upgrades/Mods/Fusers/RareModFuser),Uncommon Rdzeń Fuzyjny (/Lotus/Upgrades/Mods/Fusers/UncommonModFuser),Uderzenie Corpus (/Lotus/Upgrades/Mods/Melee/WeaponMeleeFactionDamageCorpus),/Lotus/Language/Items/Sentinelmodexplosion (/Lotus/Upgrades/Mods/Sentinel/SentinelExplosionMod),Witalność (/Lotus/Upgrades/Mods/Sentinel/SentinelHealthMaxMod),Antytoksyna (/Lotus/Upgrades/Mods/Warframe/AvatarDamageResistancePoison),Złodziejski Zmysł (/Lotus/Upgrades/Mods/Warframe/AvatarLootRadarMod),Pośpiech (/Lotus/Upgrades/Mods/Warframe/AvatarSprintSpeedMod),,,,,,,,
Ognisty Grineer (AIWeek/IncendiaryBombard),Uncommon Rdzeń Fuzyjny (/Lotus/Upgrades/Mods/Fusers/UncommonModFuser),Rewolwerowiec (/Lotus/Upgrades/Mods/Pistol/WeaponFireRateMod),Precyzyjny Strzał (/Lotus/Upgrades/Mods/Rifle/WeaponCritChanceMod),Witalność (/Lotus/Upgrades/Mods/Sentinel/SentinelHealthMaxMod),Zapas Amunicji (/Lotus/Upgrades/Mods/Shotgun/WeaponClipMaxMod),Izolacja (/Lotus/Upgrades/Mods/Warframe/AvatarDamageResistanceIce),Szał (/Lotus/Upgrades/Mods/Warframe/AvatarDamageToEnergyMod),/Lotus/Language/Items/Axestancea (/Lotus/Weapons/Tenno/Melee/MeleeTrees/AxeCmbOneMeleeTree),,,,,,,,,,
Osprey-Miner (Drones/AIWeek/MineDrone),Common Rdzeń Fuzyjny (/Lotus/Upgrades/Mods/Fusers/CommonModFuser),Rare Rdzeń Fuzyjny (/Lotus/Upgrades/Mods/Fusers/RareModFuser),Uncommon Rdzeń Fuzyjny (/Lotus/Upgrades/Mods/Fusers/UncommonModFuser),Punkt Nacisku (/Lotus/Upgrades/Mods/Melee/WeaponMeleeDamageMod),/Lotus/Language/Items/Riflebeamdistancemod (/Lotus/Upgrades/Mods/Rifle/WeaponBeamDistanceMod),Wiertło (/Lotus/Upgrades/Mods/Rifle/WeaponPunctureDepthMod),,,,,,,,,,,,
Osprey-Pijawka (Drones/AIWeek/LeechDrone),Rozproszenie Tłumu (/Lotus/Types/Sentinels/SentinelPrecepts/CrowdDispersion),Common Rdzeń Fuzyjny (/Lotus/Upgrades/Mods/Fusers/CommonModFuser),Rare Rdzeń Fuzyjny (/Lotus/Upgrades/Mods/Fusers/RareModFuser),Magazynek Łukowy (/Lotus/Upgrades/Mods/Rifle/WeaponClipMaxMod),Dzielona Komora (/Lotus/Upgrades/Mods/Rifle/WeaponFireIterationsMod),Rozciągnięcie (/Lotus/Upgrades/Mods/Warframe/AvatarAbilityRangeMod),Diamentowa Skóra (/Lotus/Upgrades/Mods/Warframe/AvatarDamageResistanceLaser),/Lotus/Language/Items/Glaivestancea (/Lotus/Weapons/Tenno/Melee/MeleeTrees/GlaiveCmbOneMeleeTree),,,,,,,,,,
Osprey-Tarcza (Drones/AIWeek/ShieldDrone),Common Rdzeń Fuzyjny (/Lotus/Upgrades/Mods/Fusers/CommonModFuser),Rare Rdzeń Fuzyjny (/Lotus/Upgrades/Mods/Fusers/RareModFuser),Uncommon Rdzeń Fuzyjny (/Lotus/Upgrades/Mods/Fusers/UncommonModFuser),Prawdziwa Stal (/Lotus/Upgrades/Mods/Melee/WeaponCritChanceMod),Szybki Mag. (/Lotus/Upgrades/Mods/Pistol/WeaponAmmoMaxMod),Ogień Piekielny (/Lotus/Upgrades/Mods/Rifle/WeaponFireDamageMod),Witalność (/Lotus/Upgrades/Mods/Sentinel/SentinelHealthMaxMod),Szybkie Odbicie (/Lotus/Upgrades/Mods/Warframe/AvatarShieldRechargeRateMod),,,,,,,,,,
Pełzacz (AiWeek/Crawlers/Crawler),Common Rdzeń Fuzyjny (/Lotus/Upgrades/Mods/Fusers/CommonModFuser),Rare Rdzeń Fuzyjny (/Lotus/Upgrades/Mods/Fusers/RareModFuser),Uncommon Rdzeń Fuzyjny (/Lotus/Upgrades/Mods/Fusers/UncommonModFuser),Szybkie Dobycie (/Lotus/Upgrades/Mods/Pistol/WeaponReloadSpeedMod),Zguba Corpus (/Lotus/Upgrades/Mods/Rifle/WeaponFactionDamageCorpus),Orle Oko (/Lotus/Upgrades/Mods/Rifle/WeaponZoomFovMod),Stalowe Włókna (/Lotus/Upgrades/Mods/Warframe/AvatarArmourMod),,,,,,,,,,,
Por. Lech Kril (Vip/BossLechKril),Ognisty Cios (/Lotus/Upgrades/Mods/Melee/WeaponFireDamageMod),Śmiertelny Cios (/Lotus/Upgrades/Mods/Melee/WeaponMeleeHeavyDamageMod),Skupione Uderzenie (/Lotus/Upgrades/Mods/Melee/WeaponPowerDamageMod),Krioamunicja (/Lotus/Upgrades/Mods/Rifle/WeaponFreezeDamageMod),Rozciągnięcie (/Lotus/Upgrades/Mods/Warframe/AvatarAbilityRangeMod),,,,,,,,,,,,,
Raptor (Drones/Vip/DroneAttack),Uszkodzenia Wewnętrzne (/Lotus/Upgrades/Mods/Melee/WeaponCritDamageMod),Spirala Reakcji (/Lotus/Upgrades/Mods/Melee/WeaponMeleeChargeRateMod),Zasięg (/Lotus/Upgrades/Mods/Melee/WeaponMeleeRangeIncMod),Dzielona Komora (/Lotus/Upgrades/Mods/Rifle/WeaponFireIterationsMod),Rozciągnięcie (/Lotus/Upgrades/Mods/Warframe/AvatarAbilityRangeMod),,,,,,,,,,,,,
Rzygający Pełzacz (AiWeek/Crawlers/GraspingCrawler),Common Rdzeń Fuzyjny (/Lotus/Upgrades/Mods/Fusers/CommonModFuser),Rare Rdzeń Fuzyjny (/Lotus/Upgrades/Mods/Fusers/RareModFuser),Szybkie Dobycie (/Lotus/Upgrades/Mods/Pistol/WeaponReloadSpeedMod),Gwintowanie (/Lotus/Upgrades/Mods/Rifle/WeaponDamageAmountMod),/Lotus/Language/Items/Daggerstancea (/Lotus/Weapons/Tenno/Melee/MeleeTrees/DaggerCmbOneMeleeTree),,,,,,,,,,,,,
Sejsmiczny Moa (BipedRobot/AIWeek/ShockwaveBiped),Common Rdzeń Fuzyjny (/Lotus/Upgrades/Mods/Fusers/CommonModFuser),Rare Rdzeń Fuzyjny (/Lotus/Upgrades/Mods/Fusers/RareModFuser),Szybki Mag. (/Lotus/Upgrades/Mods/Pistol/WeaponAmmoMaxMod),Strzał Penetrujący (/Lotus/Upgrades/Mods/Rifle/WeaponArmorPiercingDamageMod),Krioamunicja (/Lotus/Upgrades/Mods/Rifle/WeaponFreezeDamageMod),Rozciągnięcie (/Lotus/Upgrades/Mods/Warframe/AvatarAbilityRangeMod),/Lotus/Language/Items/Daggerstanceb (/Lotus/Weapons/Tenno/Melee/MeleeTrees/DaggerCmbTwoMeleeTree),,,,,,,,,,,
Siekacz Grineer (AIWeek/RollingDrone),Common Rdzeń Fuzyjny (/Lotus/Upgrades/Mods/Fusers/CommonModFuser),Rare Rdzeń Fuzyjny (/Lotus/Upgrades/Mods/Fusers/RareModFuser),Uncommon Rdzeń Fuzyjny (/Lotus/Upgrades/Mods/Fusers/UncommonModFuser),Prawdziwa Stal (/Lotus/Upgrades/Mods/Melee/WeaponCritChanceMod),Szybki Mag. (/Lotus/Upgrades/Mods/Pistol/WeaponAmmoMaxMod),Ogień Piekielny (/Lotus/Upgrades/Mods/Rifle/WeaponFireDamageMod),Witalność (/Lotus/Upgrades/Mods/Sentinel/SentinelHealthMaxMod),Szybkie Odbicie (/Lotus/Upgrades/Mods/Warframe/AvatarShieldRechargeRateMod),,,,,,,,,,
Skoczek (AiWeek/Runners/LeapingRunner),Szybka Śmierć (/Lotus/Types/Sentinels/SentinelPrecepts/SwiftDeth),Common Rdzeń Fuzyjny (/Lotus/Upgrades/Mods/Fusers/CommonModFuser),Rare Rdzeń Fuzyjny (/Lotus/Upgrades/Mods/Fusers/RareModFuser),/Lotus/Language/Items/Shotgunprojectilespeedmod (/Lotus/Upgrades/Mods/Shotgun/WeaponProjectileSpeedMod),Czystka Plagi (/Lotus/Upgrades/Mods/Shotgun/WeaponShotgunFactionDamageInfested),/Lotus/Language/Items/Fiststanceb (/Lotus/Weapons/Tenno/Melee/MeleeTrees/FistCmbTwoMeleeTree),,,,,,,,,,,,
Skorpion Grineer (AIWeek/MacheteWoman),Common Rdzeń Fuzyjny (/Lotus/Upgrades/Mods/Fusers/CommonModFuser),Rare Rdzeń Fuzyjny (/Lotus/Upgrades/Mods/Fusers/RareModFuser),Uncommon Rdzeń Fuzyjny (/Lotus/Upgrades/Mods/Fusers/UncommonModFuser),Gwintowanie (/Lotus/Upgrades/Mods/Rifle/WeaponDamageAmountMod),Mistrz Złodziejski (/Lotus/Upgrades/Mods/Warframe/AvatarChanceToLoot),Piorunochron (/Lotus/Upgrades/Mods/Warframe/AvatarDamageResistanceElectricity),Ciężki Upadek (/Lotus/Upgrades/Mods/Warframe/AvatarFallingImpactMod),,,,,,,,,,,
Snajper (Spaceman/AIWeek/SniperSpaceman),Wojownik (/Lotus/Types/Sentinels/SentinelPrecepts/Warrior),Rare Rdzeń Fuzyjny (/Lotus/Upgrades/Mods/Fusers/RareModFuser),Uncommon Rdzeń Fuzyjny (/Lotus/Upgrades/Mods/Fusers/UncommonModFuser),Pustoszyciel (/Lotus/Upgrades/Mods/Shotgun/WeaponCritDamageMod),Płaszcz Zapalający (/Lotus/Upgrades/Mods/Shotgun/WeaponFireDamageMod),/Lotus/Language/Items/Scythestanceb (/Lotus/Weapons/Tenno/Melee/MeleeTrees/ScytheCmbTwoMeleeTree),,,,,,,,,,,,
Spopielacz Grineer (AIWeek/FlameLancer),Szybka Śmierć (/Lotus/Types/Sentinels/SentinelPrecepts/SwiftDeth),Common Rdzeń Fuzyjny (/Lotus/Upgrades/Mods/Fusers/CommonModFuser),Uncommon Rdzeń Fuzyjny (/Lotus/Upgrades/Mods/Fusers/UncommonModFuser),Moc Obalająca (/Lotus/Upgrades/Mods/Pistol/WeaponStunChanceMod),Zguba Grineer (/Lotus/Upgrades/Mods/Rifle/WeaponFactionDamageGrineer),/Lotus/Language/Items/Dualswordstancea (/Lotus/Weapons/Tenno/Melee/MeleeTrees/DualSwordCmbOneMeleeTree),,,,,,,,,,,,
Stalker (Stalker/Stalker),Rare Rdzeń Fuzyjny (/Lotus/Upgrades/Mods/Fusers/RareModFuser),Ognisty Cios (/Lotus/Upgrades/Mods/Melee/WeaponFireDamageMod),Skupione Uderzenie (/Lotus/Upgrades/Mods/Melee/WeaponPowerDamageMod),Skupienie (/Lotus/Upgrades/Mods/Warframe/AvatarAbilityStrengthMod),Ciężki Upadek (/Lotus/Upgrades/Mods/Warframe/AvatarFallingImpactMod),/Lotus/Language/Items/Katanastancec (/Lotus/Weapons/Tenno/Melee/MeleeTrees/KatanaCmbThreeMeleeTree),,,,,,,,,,,,
Szturmowiec Grineer (AIWeek/RifleLancer),Rare Rdzeń Fuzyjny (/Lotus/Upgrades/Mods/Fusers/RareModFuser),/Lotus/Language/Items/Impactdamagemeleemod (/Lotus/Upgrades/Mods/Melee/WeaponImpactDamageMod),Punkt Nacisku (/Lotus/Upgrades/Mods/Melee/WeaponMeleeDamageMod),Gorący Ładunek (/Lotus/Upgrades/Mods/Pistol/WeaponFireDamageMod),Zmniejszony Opór (/Lotus/Upgrades/Mods/Warframe/AvatarAbilityEfficiencyMod),Diamentowa Skóra (/Lotus/Upgrades/Mods/Warframe/AvatarDamageResistanceLaser),Witalność (/Lotus/Upgrades/Mods/Warframe/AvatarHealthMaxMod),/Lotus/Language/Items/Ironphoenix (/Lotus/Weapons/Tenno/Melee/MeleeTrees/IronPhoenixMeleeTree),,,,,,,,,,
Taran (AiWeek/Quadrupeds/Quadruped),Regeneracja (/Lotus/Types/Sentinels/SentinelPrecepts/Regen),Common Rdzeń Fuzyjny (/Lotus/Upgrades/Mods/Fusers/CommonModFuser),Rare Rdzeń Fuzyjny (/Lotus/Upgrades/Mods/Fusers/RareModFuser),Konwulsja (/Lotus/Upgrades/Mods/Pistol/WeaponElectricityDamageMod),Szybki Spust (/Lotus/Upgrades/Mods/Rifle/WeaponFireRateMod),/Lotus/Language/Items/Impactdamageriflemod (/Lotus/Upgrades/Mods/Rifle/WeaponImpactDamageMod),Przekierowanie (/Lotus/Upgrades/Mods/Sentinel/SentinelShieldMaxMod),/Lotus/Language/Items/Fiststancea (/Lotus/Weapons/Tenno/Melee/MeleeTrees/FistCmbOneMeleeTree),,,,,,,,,,
Tarczownik (AIWeek/ShieldLancer),Common Rdzeń Fuzyjny (/Lotus/Upgrades/Mods/Fusers/CommonModFuser),Rare Rdzeń Fuzyjny (/Lotus/Upgrades/Mods/Fusers/RareModFuser),Uncommon Rdzeń Fuzyjny (/Lotus/Upgrades/Mods/Fusers/UncommonModFuser),Uderzenie Plagi (/Lotus/Upgrades/Mods/Melee/WeaponMeleeFactionDamageInfested),Strzałki (/Lotus/Upgrades/Mods/Shotgun/WeaponArmorPiercingDamageMod),Złodziejski Zmysł (/Lotus/Upgrades/Mods/Warframe/AvatarLootRadarMod),Odwet (/Lotus/Upgrades/Mods/Warframe/AvatarRevengeDamageMelee),Szybki Odpoczynek (/Lotus/Upgrades/Mods/Warframe/AvatarStaminaRechargeRateMod),,,,,,,,,,
Technik Corpus (Spaceman/AIWeek/DeployableSpaceman),Common Rdzeń Fuzyjny (/Lotus/Upgrades/Mods/Fusers/CommonModFuser),Uncommon Rdzeń Fuzyjny (/Lotus/Upgrades/Mods/Fusers/UncommonModFuser),Precyzyjny Strzał (/Lotus/Upgrades/Mods/Rifle/WeaponCritChanceMod),Elektryczny Nabój (/Lotus/Upgrades/Mods/Shotgun/WeaponElectricityDamageMod),Czystka Grineer (/Lotus/Upgrades/Mods/Shotgun/WeaponShotgunFactionDamageGrineer),Wybicie (/Lotus/Upgrades/Mods/Warframe/AvatarKnockdownRecoveryMod),Maraton (/Lotus/Upgrades/Mods/Warframe/AvatarStaminaMaxMod),/Lotus/Language/Items/Dualswordstancea (/Lotus/Weapons/Tenno/Melee/MeleeTrees/DualSwordCmbOneMeleeTree),,,,,,,,,,
TennoReplicants/TennoReplicantChromaDerelict,/Lotus/Language/Items/Meleemodcritfireratebonus (/Lotus/Upgrades/Mods/Melee/WeaponCritFireRateBonusMod),Mistrz Złodziejski (/Lotus/Upgrades/Mods/Warframe/AvatarChanceToLoot),Szał (/Lotus/Upgrades/Mods/Warframe/AvatarDamageToEnergyMod),Przepływ (/Lotus/Upgrades/Mods/Warframe/AvatarPowerMaxMod),/Lotus/Language/Items/Katanastanceb (/Lotus/Weapons/Tenno/Melee/MeleeTrees/KatanaCmbTwoMeleeTree),,,,,,,,,,,,,
Toksyczny Starożytny (AiWeek/Ancients/ToxicAncient),Common Rdzeń Fuzyjny (/Lotus/Upgrades/Mods/Fusers/CommonModFuser),Uncommon Rdzeń Fuzyjny (/Lotus/Upgrades/Mods/Fusers/UncommonModFuser),Uszkodzenia Wewnętrzne (/Lotus/Upgrades/Mods/Melee/WeaponCritDamageMod),Mag. Ślizgowy (/Lotus/Upgrades/Mods/Pistol/WeaponClipMaxMod),Uderzenie Szerszenia (/Lotus/Upgrades/Mods/Pistol/WeaponDamageAmountMod),/Lotus/Language/Items/Uniqueweaponmodexplosionradius (/Lotus/Upgrades/Mods/Rifle/WeaponIncreaseRadialExplosionMod),Szybkie Odbicie (/Lotus/Upgrades/Mods/Sentinel/SentinelShieldRechargeRateMod),/Lotus/Language/Items/Slashdamageshotgunmod (/Lotus/Upgrades/Mods/Shotgun/WeaponSlashDamageMod),Płaszcz Ciepła (/Lotus/Upgrades/Mods/Warframe/AvatarMissionSpecificResistanceIce),/Lotus/Language/Items/Punchkickstanceb (/Lotus/Weapons/Tenno/Melee/MeleeTrees/PunchKickCmbTwoMeleeTree),,,,,,,,
Trujący Pełzacz (AiWeek/Crawlers/NoxiousCrawler),Common Rdzeń Fuzyjny (/Lotus/Upgrades/Mods/Fusers/CommonModFuser),Rare Rdzeń Fuzyjny (/Lotus/Upgrades/Mods/Fusers/RareModFuser),Uncommon Rdzeń Fuzyjny (/Lotus/Upgrades/Mods/Fusers/UncommonModFuser),Punkt Nacisku (/Lotus/Upgrades/Mods/Melee/WeaponMeleeDamageMod),Szybki Mag. (/Lotus/Upgrades/Mods/Pistol/WeaponAmmoMaxMod),Garłacz (/Lotus/Upgrades/Mods/Shotgun/WeaponCritChanceMod),Ciężki Upadek (/Lotus/Upgrades/Mods/Warframe/AvatarFallingImpactMod),,,,,,,,,,,
Uzdrawiający Starożytny (AiWeek/Ancients/HealingAncient),Common Rdzeń Fuzyjny (/Lotus/Upgrades/Mods/Fusers/CommonModFuser),Rare Rdzeń Fuzyjny (/Lotus/Upgrades/Mods/Fusers/RareModFuser),Uncommon Rdzeń Fuzyjny (/Lotus/Upgrades/Mods/Fusers/UncommonModFuser),Poszukiwacz (/Lotus/Upgrades/Mods/Pistol/WeaponPunctureDepthMod),Piorunochron (/Lotus/Upgrades/Mods/Warframe/AvatarDamageResistanceElectricity),Ogniotrwałość (/Lotus/Upgrades/Mods/Warframe/AvatarDamageResistanceFire),,,,,,,,,,,,
Zakłócający Starożytny (AiWeek/Ancients/Ancient),Rare Rdzeń Fuzyjny (/Lotus/Upgrades/Mods/Fusers/RareModFuser),/Lotus/Language/Items/Meleeproctimemod (/Lotus/Upgrades/Mods/Melee/WeaponProcTimeMod),Zagłada Plagi (/Lotus/Upgrades/Mods/Pistol/WeaponPistolFactionDamageInfested),Strzałki (/Lotus/Upgrades/Mods/Shotgun/WeaponArmorPiercingDamageMod),Przekierowanie (/Lotus/Upgrades/Mods/Warframe/AvatarShieldMaxMod),/Lotus/Language/Items/Axestanceb (/Lotus/Weapons/Tenno/Melee/MeleeTrees/AxeCmbTwoMeleeTree),,,,,,,,,,,,
Załogant (Spaceman/AIWeek/RifleSpaceman),Common Rdzeń Fuzyjny (/Lotus/Upgrades/Mods/Fusers/CommonModFuser),Rare Rdzeń Fuzyjny (/Lotus/Upgrades/Mods/Fusers/RareModFuser),Furia (/Lotus/Upgrades/Mods/Melee/WeaponFireRateMod),Zasięg (/Lotus/Upgrades/Mods/Melee/WeaponMeleeRangeIncMod),Bez Powrotu (/Lotus/Upgrades/Mods/Pistol/WeaponArmorPiercingDamageMod),Magazynek Bębnowy (/Lotus/Upgrades/Mods/Rifle/WeaponAmmoMaxMod),/Lotus/Language/Items/Scythestancea (/Lotus/Weapons/Tenno/Melee/MeleeTrees/ScytheCmbOneMeleeTree),,,,,,,,,,,
Załogant (Spaceman/AIWeek/ShotgunSpaceman),Common Rdzeń Fuzyjny (/Lotus/Upgrades/Mods/Fusers/CommonModFuser),Uncommon Rdzeń Fuzyjny (/Lotus/Upgrades/Mods/Fusers/UncommonModFuser),Ogłuszająca Siła (/Lotus/Upgrades/Mods/Melee/WeaponStunChanceMod),/Lotus/Language/Items/Impactdamagepistolmod (/Lotus/Upgrades/Mods/Pistol/WeaponImpactDamageMod),/Lotus/Language/Items/Poisondamageriflemod (/Lotus/Upgrades/Mods/Rifle/WeaponToxinDamageMod),/Lotus/Language/Items/Slashdamageshotgunmod (/Lotus/Upgrades/Mods/Shotgun/WeaponSlashDamageMod),/Lotus/Language/Items/Dualdaggerstancea (/Lotus/Weapons/Tenno/Melee/MeleeTrees/DualDaggerCmbOneMeleeTree),,,,,,,,,,,
Załogant Z Nahajem (Spaceman/AIWeek/MeleeSpaceman),Common Rdzeń Fuzyjny (/Lotus/Upgrades/Mods/Fusers/CommonModFuser),Rare Rdzeń Fuzyjny (/Lotus/Upgrades/Mods/Fusers/RareModFuser),Gambit Pistoletowy (/Lotus/Upgrades/Mods/Pistol/WeaponCritChanceMod),Wyczucie Celu (/Lotus/Upgrades/Mods/Rifle/WeaponCritDamageMod),Stalowe Włókna (/Lotus/Upgrades/Mods/Sentinel/SentinelArmourMod),Lodowe Okowy (/Lotus/Upgrades/Mods/Shotgun/WeaponFreezeDamageMod),Kontrola Tłumu (/Lotus/Upgrades/Mods/Shotgun/WeaponStunChanceMod),/Lotus/Language/Items/Avatarproctimemod (/Lotus/Upgrades/Mods/Warframe/AvatarProcTimeMod),,,,,,,,,,
Żołnierz Grineer (AIWeek/ShotgunLancer),Rare Rdzeń Fuzyjny (/Lotus/Upgrades/Mods/Fusers/RareModFuser),Wstrząsajacy Dotyk (/Lotus/Upgrades/Mods/Melee/WeaponElectricityDamageMod),Ogłuszająca Siła (/Lotus/Upgrades/Mods/Melee/WeaponStunChanceMod),Gambit Pistoletowy (/Lotus/Upgrades/Mods/Pistol/WeaponCritChanceMod),/Lotus/Language/Items/Impactdamageshotgunmod (/Lotus/Upgrades/Mods/Shotgun/WeaponImpactDamageMod),/Lotus/Language/Items/Shotgunproctimemod (/Lotus/Upgrades/Mods/Shotgun/WeaponProcTimeMod),/Lotus/Language/Items/Machetestancea (/Lotus/Weapons/Tenno/Melee/MeleeTrees/MacheteCmbOneMeleeTree),,,,,,,,,,,
