Node,Planet,Mission Type,Faction,AI Spec,Mission Rewards,Drone Damage,Drone Damage Chance,Tier
Apollodorus,Merkury,Survival,Grineer,/Lotus/Types/Game/GrineerSurvivalMercury,/Lotus/Types/Game/MissionDecks/SurvivalMissionRewards/SurvivalLowLevelRewards,20 - 50,0.2,0
Lares,Merkury,Defense,Grineer,/Lotus/Types/Game/GrineerDefenseA,/Lotus/Types/Game/MissionDecks/DefenseMissionRewards/DefenseMissionRewardsEasy,20 - 50,0.2,0
Caloris,Merkury,Capture,Grineer,/Lotus/Types/Game/GrineerSquadOne,/Lotus/Types/Game/MissionDecks/CaptureMissionRewardsA,20 - 50,0.2,0
Elion,Merkury,Mobile Defense,Grineer,/Lotus/Types/Game/GrineerSquadOne,,20 - 50,0.2,0
Terminus,Merkury,Extermination,Grineer,/Lotus/Types/Game/GrineerSquadOne,,20 - 50,0.2,0
M Prime,Merkury,Sabotage,Grineer,/Lotus/Types/Game/GrineerSquadOne,,20 - 50,0.2,0
Tolstoj,Merkury,Assassination,Grineer,/Lotus/Types/Game/GrineerSquadOne,/Lotus/Types/Game/MissionDecks/BossMissionRewards/SeerPistolRewards,20 - 50,0.2,0
,Merkury,Assassination,Grineer,,,20 - 50,0.2,0
Balor,Merkury,Sabotage,Grineer,/Lotus/Types/Game/GrineerSquadSabotageEvent,,20 - 50,0.2,0
,Merkury,Assassination,Grineer,,,20 - 50,0.2,1
,Merkury,Assassination,Grineer,,,20 - 50,0.2,1
Neruda,Merkury,Sabotage,Grineer,/Lotus/Types/Game/GrineerSquadOne,,20 - 50,0.2,1
Eminescu,Merkury,Extermination,Grineer,/Lotus/Types/Game/GrineerSquadThree,,20 - 50,0.2,1
Boethius,Merkury,Mobile Defense,Grineer,/Lotus/Types/Game/GrineerSquadFour,,20 - 50,0.2,1
,Merkury,Assassination,Grineer,,,20 - 50,0.2,1
,Merkury,Assassination,Grineer,,,20 - 50,0.2,1
,Merkury,Assassination,Grineer,,,20 - 50,0.2,1
,Merkury,Assassination,Grineer,,,20 - 50,0.2,1
,Merkury,Assassination,Grineer,,,20 - 50,0.2,2
,Merkury,Assassination,Grineer,,,20 - 50,0.2,2
,Merkury,Assassination,Grineer,,,20 - 50,0.2,2
,Merkury,Assassination,Grineer,,,20 - 50,0.2,2
Odin,Merkury,Interception,Grineer,/Lotus/Types/Game/GrineerDefenseA,/Lotus/Types/Game/MissionDecks/InterceptionMissionRewards/InterceptionMissionRewardsEasy,20 - 50,0.2,2
Suisei,Merkury,Capture,Grineer,/Lotus/Types/Game/GrineerSquadFive,/Lotus/Types/Game/MissionDecks/CaptureMissionRewardsA,20 - 50,0.2,2
Pantheon,Merkury,Extermination,Grineer,/Lotus/Types/Game/GrineerSquadTwo,,20 - 50,0.2,2
Verdi,Merkury,Deception,Grineer,/Lotus/Types/Game/GrineerSquadThree,,20 - 50,0.2,2
,Merkury,Assassination,Grineer,,,20 - 50,0.2,2
,Wenus,Assassination,Grineer,,,20 - 40,0.2,0
V Prime,Wenus,Rescue,Corpus,/Lotus/Types/Game/CorpusSquadA,,20 - 40,0.2,0
Ishtar,Wenus,Capture,Corpus,/Lotus/Types/Game/CorpusSquadA,/Lotus/Types/Game/MissionDecks/CaptureMissionRewardsA,20 - 40,0.2,0
Aphrodite,Wenus,Capture,Corpus,/Lotus/Types/Game/CorpusSquadA,/Lotus/Types/Game/MissionDecks/CaptureMissionRewardsA,20 - 40,0.2,0
Vesper,Wenus,Spy,Corpus,/Lotus/Types/Game/CorpusSquadA,/Lotus/Types/Game/MissionDecks/IntelMissionRewardsA,20 - 40,0.2,0
Cytherean,Wenus,Extermination,Corpus,/Lotus/Types/Game/CorpusSquadA,,20 - 40,0.2,0
E Gate,Wenus,Survival,Corpus,/Lotus/Types/Game/CorpusSurvivalA,/Lotus/Types/Game/MissionDecks/SurvivalMissionRewards/SurvivalLowLevelRewards,20 - 40,0.2,0
Linea,Wenus,Rescue,Corpus,/Lotus/Types/Game/CorpusSquadA,,20 - 40,0.2,0
,Wenus,Assassination,Grineer,,,20 - 40,0.2,0
Fossa,Wenus,Assassination,Corpus,/Lotus/Types/Game/CorpusSquadA,/Lotus/Types/Game/MissionDecks/BossMissionRewards/RhinoRewards,20 - 40,0.2,1
Conclave,Wenus,MT_PVP,Corrupted,,,20 - 40,0.2,1
Unda,Wenus,Spy,Corpus,/Lotus/Types/Game/CorpusSquadA,/Lotus/Types/Game/MissionDecks/IntelMissionRewardsA,20 - 40,0.2,1
Malva,Wenus,Survival,Infestation,/Lotus/Types/Game/InfestedSurvivalA,/Lotus/Types/Game/MissionDecks/SurvivalMissionRewards/SurvivalBadlandsLowLevelRewards,20 - 40,0.2,1
,Wenus,Assassination,Grineer,,,20 - 40,0.2,1
,Wenus,Assassination,Grineer,,,20 - 40,0.2,1
Venera,Wenus,Defense,Corpus,/Lotus/Types/Game/CorpusSquadDefenseA,/Lotus/Types/Game/MissionDecks/DefenseMissionRewards/DefenseMissionRewardsEasy,20 - 40,0.2,1
Tessera,Wenus,Sabotage,Corpus,/Lotus/Types/Game/CorpusSquadA,,20 - 40,0.2,1
Kiliken,Wenus,Defense,Corpus,/Lotus/Types/Game/CorpusSquadDefenseA,/Lotus/Types/Game/MissionDecks/DefenseMissionRewards/DefenseMissionRewardsEasy,20 - 40,0.2,1
Romula,Wenus,Defense,Infestation,/Lotus/Types/Game/InfestedDefenseA,/Lotus/Types/Game/MissionDecks/DefenseMissionRewards/BadlandsDefenseMissionRewards,20 - 40,0.2,2
,Wenus,Assassination,Grineer,,,20 - 40,0.2,2
,Wenus,Assassination,Grineer,,,20 - 40,0.2,2
,Wenus,Assassination,Grineer,,,20 - 40,0.2,2
Tethra,Wenus,Sabotage,Grineer,/Lotus/Types/Game/GrineerSquadSabotageEvent,,20 - 40,0.2,2
,Wenus,Assassination,Grineer,,,20 - 40,0.2,2
,Wenus,Assassination,Grineer,,,20 - 40,0.2,2
Vesper Relay,Wenus,MT_PVP,Corrupted,,,20 - 40,0.2,2
,Wenus,Assassination,Grineer,,,20 - 40,0.2,2
,Ziemia,Assassination,Grineer,,,10 - 50,0.30000001,0
Mantle,Ziemia,Capture,Grineer,/Lotus/Types/Game/ForestGrineerSquadOne,/Lotus/Types/Game/MissionDecks/CaptureMissionRewardsA,10 - 50,0.30000001,0
Mariana,Ziemia,Sabotage,Grineer,/Lotus/Types/Game/ForestGrineerSquadOne,/Lotus/Types/Game/MissionDecks/ForestSabotageRewards,10 - 50,0.30000001,0
Cambria,Ziemia,Survival,Grineer,/Lotus/Types/Game/ForestGrineerSurvivalA,/Lotus/Types/Game/MissionDecks/SurvivalMissionRewards/SurvivalMidLevelRewards,10 - 50,0.30000001,0
Everest,Ziemia,Extermination,Grineer,/Lotus/Types/Game/ForestGrineerSquadOne,,10 - 50,0.30000001,0
Pacific,Ziemia,Capture,Grineer,/Lotus/Types/Game/ForestGrineerSquadOne,/Lotus/Types/Game/MissionDecks/CaptureMissionRewardsA,10 - 50,0.30000001,0
Lith,Ziemia,Defense,Grineer,/Lotus/Types/Game/GrineerDefenseForest,/Lotus/Types/Game/MissionDecks/DefenseMissionRewards/DefenseMissionRewardsEasy,10 - 50,0.30000001,0
,Ziemia,Assassination,Grineer,,,10 - 50,0.30000001,0
,Ziemia,Assassination,Grineer,,,10 - 50,0.30000001,0
E Prime,Ziemia,Extermination,Grineer,/Lotus/Types/Game/ForestGrineerSquadOne,,10 - 50,0.30000001,1
Gaia,Ziemia,Interception,Grineer,/Lotus/Types/Game/ForestGrineerTerritoriesOne,/Lotus/Types/Game/MissionDecks/InterceptionMissionRewards/InterceptionMissionRewardsEasy,10 - 50,0.30000001,1
Eurasia,Ziemia,Extermination,Grineer,/Lotus/Types/Game/ForestGrineerSquadOne,,10 - 50,0.30000001,1
Lua,Ziemia,Defense,Grineer,/Lotus/Types/Game/GrineerDefenseForest,/Lotus/Types/Game/MissionDecks/DefenseMissionRewards/DefenseMissionRewardsEasy,10 - 50,0.30000001,1
,Ziemia,Assassination,Grineer,,,10 - 50,0.30000001,1
Strata Relay,Ziemia,MT_PVP,Corrupted,,,10 - 50,0.30000001,1
Oro,Ziemia,Sabotage,Grineer,/Lotus/Types/Game/ForestGrineerSquadOne,/Lotus/Types/Game/MissionDecks/ForestSabotageRewards,10 - 50,0.30000001,1
Tethra's Doom,Ziemia,Sabotage,Grineer,/Lotus/Types/Game/GrineerSquadSabotageEvent,,10 - 50,0.30000001,1
Coba,Ziemia,Defense,Infestation,/Lotus/Types/Game/InfestedDefenseA,/Lotus/Types/Game/MissionDecks/DefenseMissionRewards/BadlandsDefenseMissionRewards,10 - 50,0.30000001,1
,Ziemia,Assassination,Grineer,,,10 - 50,0.30000001,2
,Ziemia,Assassination,Grineer,,,10 - 50,0.30000001,2
,Ziemia,Assassination,Grineer,,,10 - 50,0.30000001,2
Tikal,Ziemia,Survival,Infestation,/Lotus/Types/Game/InfestedSurvivalA,/Lotus/Types/Game/MissionDecks/SurvivalMissionRewards/SurvivalBadlandsLowLevelRewards,10 - 50,0.30000001,2
,Ziemia,Assassination,Grineer,,,10 - 50,0.30000001,2
,Ziemia,Assassination,Grineer,,,10 - 50,0.30000001,2
,Ziemia,Assassination,Grineer,,,10 - 50,0.30000001,2
,Ziemia,Assassination,Grineer,,,10 - 50,0.30000001,2
,Ziemia,Assassination,Grineer,,,10 - 50,0.30000001,2
Arcadia,Mars,Survival,Corpus,/Lotus/Types/Game/CorpusSurvivalA,/Lotus/Types/Game/MissionDecks/SurvivalMissionRewards/SurvivalMidLevelRewards,20 - 50,0.30000001,0
,Mars,Assassination,Grineer,,,20 - 50,0.30000001,0
,Mars,Assassination,Grineer,,,20 - 50,0.30000001,0
Tharsis,Mars,Sabotage,Corpus,/Lotus/Types/Game/CorpusSquadA,,20 - 50,0.30000001,0
Ares,Mars,Capture,Corpus,/Lotus/Types/Game/CorpusSquadB,/Lotus/Types/Game/MissionDecks/CaptureMissionRewardsA,20 - 50,0.30000001,0
Olympus,Mars,Defense,Corpus,/Lotus/Types/Game/CorpusSquadDefenseA,/Lotus/Types/Game/MissionDecks/DefenseMissionRewards/DefenseMissionRewardsMedium,20 - 50,0.30000001,0
,Mars,Assassination,Grineer,,,20 - 50,0.30000001,0
Vallis,Mars,Rescue,Corpus,/Lotus/Types/Game/CorpusSquadC,/Lotus/Types/Game/MissionDecks/RescueMissionRewards/RescueMissionRewardsEasy,20 - 50,0.30000001,0
Hellas,Mars,Mobile Defense,Corpus,/Lotus/Types/Game/CorpusSquadB,,20 - 50,0.30000001,0
Alator,Mars,Capture,Corpus,/Lotus/Types/Game/CorpusSquadB,/Lotus/Types/Game/MissionDecks/CaptureMissionRewardsA,20 - 50,0.30000001,1
Arval,Mars,Extermination,Corpus,/Lotus/Types/Game/CorpusSquadC,,20 - 50,0.30000001,1
Ultor,Mars,Extermination,Corpus,/Lotus/Types/Game/CorpusSquadD,,20 - 50,0.30000001,1
Augustus,Mars,Interception,Corpus,/Lotus/Types/Game/CorpusSquadB,/Lotus/Types/Game/MissionDecks/InterceptionMissionRewards/InterceptionMissionRewardsMedium,20 - 50,0.30000001,1
,Mars,Assassination,Grineer,,,20 - 50,0.30000001,1
Ara,Mars,Survival,Corpus,/Lotus/Types/Game/CorpusSurvivalA,/Lotus/Types/Game/MissionDecks/SurvivalMissionRewards/SurvivalMidLevelRewards,20 - 50,0.30000001,1
,Mars,Assassination,Grineer,,,20 - 50,0.30000001,1
,Mars,Assassination,Grineer,,,20 - 50,0.30000001,1
Silvanus,Mars,Extermination,Corpus,/Lotus/Types/Game/CorpusSquadD,,20 - 50,0.30000001,1
Martialis,Mars,Spy,Corpus,/Lotus/Types/Game/CorpusSquadC,/Lotus/Types/Game/MissionDecks/IntelMissionRewardsA,20 - 50,0.30000001,2
Kadesh,Mars,Defense,Infestation,/Lotus/Types/Game/InfestedDefenseA,/Lotus/Types/Game/MissionDecks/DefenseMissionRewards/BadlandsDefenseMissionRewards,20 - 50,0.30000001,2
,Mars,Assassination,Grineer,,,20 - 50,0.30000001,2
War,Mars,Assassination,Corpus,/Lotus/Types/Game/CorpusSquadA,/Lotus/Types/Game/MissionDecks/BossMissionRewards/MagRewards,20 - 50,0.30000001,2
Elatha,Mars,Defense,Corpus,/Lotus/Types/Game/CorpusSquadDefenseA,/Lotus/Types/Game/MissionDecks/DefenseMissionRewards/DefenseMissionRewardsMedium,20 - 50,0.30000001,2
Gradivus,Mars,Sabotage,Corpus,/Lotus/Types/Game/CorpusSquadA,,20 - 50,0.30000001,2
Wahiba,Mars,Survival,Infestation,/Lotus/Types/Game/InfestedSurvivalA,/Lotus/Types/Game/MissionDecks/SurvivalMissionRewards/SurvivalBadlandsLowLevelRewards,20 - 50,0.30000001,2
Quirinus,Mars,Capture,Corpus,/Lotus/Types/Game/CorpusSquadB,/Lotus/Types/Game/MissionDecks/CaptureMissionRewardsA,20 - 50,0.30000001,2
Spear,Mars,Rescue,Corpus,/Lotus/Types/Game/CorpusSquadC,/Lotus/Types/Game/MissionDecks/IntelMissionRewardsA,20 - 50,0.30000001,2
Ganymede,Jowisz,Extermination,Corpus,/Lotus/Types/Game/CorpusSquadD,,20 - 60,0.40000001,0
Adrastea,Jowisz,Extermination,Corpus,/Lotus/Types/Game/CorpusSquadD,,20 - 60,0.40000001,0
,Jowisz,Assassination,Grineer,,,20 - 60,0.40000001,0
Amalthea,Jowisz,Sabotage,Corpus,/Lotus/Types/Game/CorpusSquadD,,20 - 60,0.40000001,0
Metis,Jowisz,Capture,Corpus,/Lotus/Types/Game/CorpusSquadD,,20 - 60,0.40000001,0
,Jowisz,Assassination,Grineer,,,20 - 60,0.40000001,0
Io,Jowisz,Defense,Corpus,/Lotus/Types/Game/CorpusSquadDefenseB,/Lotus/Types/Game/MissionDecks/DefenseMissionRewards/DefenseMissionRewardsEasy,20 - 60,0.40000001,0
Elara,Jowisz,Survival,Corpus,/Lotus/Types/Game/CorpusSurvivalB,/Lotus/Types/Game/MissionDecks/SurvivalMissionRewards/SurvivalMidLevelRewards,20 - 60,0.40000001,0
Thebe,Jowisz,Deception,Corpus,/Lotus/Types/Game/CorpusSquadD,,20 - 60,0.40000001,0
Conclave,Jowisz,MT_PVP,Corpus,,,20 - 60,0.40000001,1
Callisto,Jowisz,Interception,Corpus,/Lotus/Types/Game/CorpusSquadDefenseB,/Lotus/Types/Game/MissionDecks/InterceptionMissionRewards/InterceptionMissionRewardsEasy,20 - 60,0.40000001,1
Carpo,Jowisz,Extermination,Corpus,/Lotus/Types/Game/CorpusSquadD,,20 - 60,0.40000001,1
Themisto,Jowisz,Assassination,Corpus,/Lotus/Types/Game/CorpusSquadD,/Lotus/Types/Game/MissionDecks/BossMissionRewards/BerserkerRewards,20 - 60,0.40000001,1
,Jowisz,Assassination,Grineer,,,20 - 60,0.40000001,1
Carme,Jowisz,Mobile Defense,Corpus,/Lotus/Types/Game/CorpusSquadD,,20 - 60,0.40000001,1
Sinai,Jowisz,Defense,Infestation,/Lotus/Types/Game/InfestedDefenseA,/Lotus/Types/Game/MissionDecks/DefenseMissionRewards/BadlandsDefenseMissionRewards,20 - 60,0.40000001,1
Bres,Jowisz,Sabotage,Corpus,/Lotus/Types/Game/CorpusSquadD,,20 - 60,0.40000001,1
Ananke,Jowisz,Capture,Corpus,/Lotus/Types/Game/CorpusSquadD,/Lotus/Types/Game/MissionDecks/CaptureMissionRewardsA,20 - 60,0.40000001,1
,Jowisz,Assassination,Grineer,,,20 - 60,0.40000001,2
,Jowisz,Assassination,Grineer,,,20 - 60,0.40000001,2
,Jowisz,Assassination,Grineer,,,20 - 60,0.40000001,2
,Jowisz,Assassination,Grineer,,,20 - 60,0.40000001,2
,Jowisz,Assassination,Grineer,,,20 - 60,0.40000001,2
,Jowisz,Assassination,Grineer,,,20 - 60,0.40000001,2
Cameria,Jowisz,Survival,Infestation,/Lotus/Types/Game/InfestedSurvivalA,/Lotus/Types/Game/MissionDecks/SurvivalMissionRewards/SurvivalBadlandsLowLevelRewards,20 - 60,0.40000001,2
,Jowisz,Assassination,Grineer,,,20 - 60,0.40000001,2
,Jowisz,Assassination,Grineer,,,20 - 60,0.40000001,2
Hyperion,Saturn,Extermination,Grineer,/Lotus/Types/Game/GrineerSquadSix,,30 - 60,0.5,0
Epimetheus,Saturn,Deception,Grineer,/Lotus/Types/Game/GrineerSquadFour,,30 - 60,0.5,0
,Saturn,Assassination,Grineer,,,30 - 60,0.5,0
Helene,Saturn,Defense,Grineer,/Lotus/Types/Game/GrineerDefenseA,/Lotus/Types/Game/MissionDecks/DefenseMissionRewards/DefenseMissionRewardsMedium,30 - 60,0.5,0
,Saturn,Assassination,Grineer,,,30 - 60,0.5,0
Enceladus,Saturn,Capture,Grineer,/Lotus/Types/Game/GrineerSquadThree,/Lotus/Types/Game/MissionDecks/CaptureMissionRewardsA,30 - 60,0.5,0
Titan,Saturn,Sabotage,Grineer,/Lotus/Types/Game/GrineerSquadTwo,,30 - 60,0.5,0
,Saturn,Assassination,Grineer,,,30 - 60,0.5,0
Dione,Saturn,Sabotage,Grineer,/Lotus/Types/Game/GrineerSquadThree,,30 - 60,0.5,0
,Saturn,Assassination,Grineer,,,30 - 60,0.5,1
Mimas,Saturn,Survival,Grineer,/Lotus/Types/Game/GrineerSurvivalA,/Lotus/Types/Game/MissionDecks/SurvivalMissionRewards/SurvivalMidLevelRewards,30 - 60,0.5,1
Iapetus,Saturn,Interception,Grineer,/Lotus/Types/Game/GrineerSquadFive,/Lotus/Types/Game/MissionDecks/InterceptRewardsGrineer,30 - 60,0.5,1
Janus,Saturn,Extermination,Grineer,/Lotus/Types/Game/GrineerSquadOne,,30 - 60,0.5,1
Keeler,Saturn,Survival,Grineer,/Lotus/Types/Game/GrineerSurvivalA,/Lotus/Types/Game/MissionDecks/SurvivalMissionRewards/SurvivalMidLevelRewards,30 - 60,0.5,1
Tethys,Saturn,Assassination,Grineer,/Lotus/Types/Game/GrineerSquadFour,/Lotus/Types/Game/MissionDecks/BossMissionRewards/EmberRewards,30 - 60,0.5,1
,Saturn,Assassination,Grineer,,,30 - 60,0.5,1
Phoebe,Saturn,Capture,Grineer,/Lotus/Types/Game/GrineerSquadThree,/Lotus/Types/Game/MissionDecks/CaptureMissionRewardsA,30 - 60,0.5,1
Rhea,Saturn,Sabotage,Grineer,/Lotus/Types/Game/GrineerSquadThree,,30 - 60,0.5,1
,Saturn,Assassination,Grineer,,,30 - 60,0.5,2
Pallene,Saturn,Sabotage,Grineer,/Lotus/Types/Game/GrineerSquadFive,,30 - 60,0.5,2
Telesto,Saturn,Extermination,Grineer,/Lotus/Types/Game/GrineerSquadSix,,30 - 60,0.5,2
Aegaeon,Saturn,Extermination,Grineer,/Lotus/Types/Game/GrineerSquadTwo,,30 - 60,0.5,2
Methone,Saturn,Deception,Grineer,/Lotus/Types/Game/GrineerSquadThree,,30 - 60,0.5,2
Cassini,Saturn,Survival,Grineer,/Lotus/Types/Game/GrineerSurvivalA,/Lotus/Types/Game/MissionDecks/SurvivalMissionRewards/SurvivalMidLevelRewards,30 - 60,0.5,2
Anthe,Saturn,Rescue,Grineer,/Lotus/Types/Game/GrineerSquadFour,,30 - 60,0.5,2
,Saturn,Assassination,Grineer,,,30 - 60,0.5,2
Numa,Saturn,Rescue,Grineer,/Lotus/Types/Game/GrineerSquadFive,/Lotus/Types/Game/MissionDecks/RescueMissionRewards/RescueMissionRewardsEasy,30 - 60,0.5,2
,Saturn,Assassination,Grineer,,,30 - 60,0.5,3
Calypso,Saturn,Capture,Grineer,/Lotus/Types/Game/GrineerSquadThree,/Lotus/Types/Game/MissionDecks/CaptureMissionRewardsA,30 - 60,0.5,3
,Saturn,Assassination,Grineer,,,30 - 60,0.5,3
,Saturn,Assassination,Grineer,,,30 - 60,0.5,3
Birog,Saturn,Defense,Grineer,/Lotus/Types/Game/GrineerDefenseA,/Lotus/Types/Game/MissionDecks/DefenseMissionRewards/DefenseMissionRewardsMedium,30 - 60,0.5,3
Conclave,Saturn,MT_PVP,Grineer,,,30 - 60,0.5,3
Piscinas,Saturn,Survival,Infestation,/Lotus/Types/Game/InfestedSurvivalA,/Lotus/Types/Game/MissionDecks/SurvivalMissionRewards/SurvivalBadlandsLowLevelRewards,30 - 60,0.5,3
,Saturn,Assassination,Grineer,,,30 - 60,0.5,3
Caracol,Saturn,Defense,Infestation,/Lotus/Types/Game/InfestedDefenseA,/Lotus/Types/Game/MissionDecks/DefenseMissionRewards/BadlandsDefenseMissionRewards,30 - 60,0.5,3
Oberon,Uran,Extermination,Grineer,/Lotus/Types/Game/GrineerSquadThree,,30 - 70,0.40000001,0
Ariel,Uran,Sabotage,Grineer,/Lotus/Types/Game/GrineerSquadTwo,,30 - 70,0.40000001,0
,Uran,Assassination,Grineer,,,30 - 70,0.40000001,0
Titania,Uran,Assassination,Grineer,/Lotus/Types/Game/GrineerSquadFour,/Lotus/Types/Game/MissionDecks/BossMissionRewards/AshRewards,30 - 70,0.40000001,0
Umbriel,Uran,Spy,Grineer,/Lotus/Types/Game/GrineerSquadFour,/Lotus/Types/Game/MissionDecks/IntelMissionRewardsA,30 - 70,0.40000001,0
Cordelia,Uran,Extermination,Grineer,/Lotus/Types/Game/GrineerSquadFive,,30 - 70,0.40000001,0
,Uran,Assassination,Grineer,,,30 - 70,0.40000001,0
Miranda,Uran,Defense,Grineer,/Lotus/Types/Game/GrineerDefenseA,/Lotus/Types/Game/MissionDecks/DefenseMissionRewards/DefenseMissionRewardsMedium,30 - 70,0.40000001,0
Ophelia,Uran,Survival,Grineer,/Lotus/Types/Game/GrineerSurvivalA,/Lotus/Types/Game/MissionDecks/SurvivalMissionRewards/SurvivalMidLevelRewards,30 - 70,0.40000001,0
Portia,Uran,Sabotage,Grineer,/Lotus/Types/Game/GrineerSquadOne,,30 - 70,0.40000001,1
Cressida,Uran,Survival,Grineer,/Lotus/Types/Game/GrineerSurvivalA,/Lotus/Types/Game/MissionDecks/SurvivalMissionRewards/SurvivalMidLevelRewards,30 - 70,0.40000001,1
Juliet,Uran,Deception,Grineer,/Lotus/Types/Game/GrineerSquadSix,,30 - 70,0.40000001,1
Desdemona,Uran,Capture,Grineer,/Lotus/Types/Game/GrineerSquadTwo,/Lotus/Types/Game/MissionDecks/CaptureMissionRewardsA,30 - 70,0.40000001,1
Cupid,Uran,Survival,Grineer,/Lotus/Types/Game/GrineerSurvivalA,/Lotus/Types/Game/MissionDecks/SurvivalMissionRewards/SurvivalMidLevelRewards,30 - 70,0.40000001,1
Rosalind,Uran,Spy,Grineer,/Lotus/Types/Game/GrineerSquadFour,/Lotus/Types/Game/MissionDecks/IntelMissionRewardsA,30 - 70,0.40000001,1
,Uran,Assassination,Grineer,,,30 - 70,0.40000001,1
Bianca,Uran,Defense,Grineer,/Lotus/Types/Game/GrineerDefenseA,/Lotus/Types/Game/MissionDecks/DefenseMissionRewards/DefenseMissionRewardsMedium,30 - 70,0.40000001,1
,Uran,Assassination,Grineer,,,30 - 70,0.40000001,1
,Uran,Assassination,Grineer,,,30 - 70,0.40000001,2
Prospero,Uran,Sabotage,Grineer,/Lotus/Types/Game/GrineerSquadTwo,,30 - 70,0.40000001,2
Perdita,Uran,Deception,Grineer,/Lotus/Types/Game/GrineerSquadSix,,30 - 70,0.40000001,2
Mab,Uran,Rescue,Grineer,/Lotus/Types/Game/GrineerSquadFour,/Lotus/Types/Game/MissionDecks/RescueMissionRewards/RescueMissionRewardsMedium,30 - 70,0.40000001,2
Setebos,Uran,Sabotage,Grineer,/Lotus/Types/Game/GrineerSquadTwo,,30 - 70,0.40000001,2
Caliban,Uran,Rescue,Grineer,/Lotus/Types/Game/GrineerSquadFive,,30 - 70,0.40000001,2
,Uran,Assassination,Grineer,,,30 - 70,0.40000001,2
Puck,Uran,Extermination,Grineer,/Lotus/Types/Game/GrineerSquadOne,,30 - 70,0.40000001,2
,Uran,Assassination,Grineer,,,30 - 70,0.40000001,2
,Uran,Assassination,Grineer,,,30 - 70,0.40000001,3
Sycorax,Uran,Extermination,Grineer,/Lotus/Types/Game/GrineerSquadOne,,30 - 70,0.40000001,3
Stephano,Uran,Interception,Grineer,/Lotus/Types/Game/GrineerDefenseA,/Lotus/Types/Game/MissionDecks/InterceptionMissionRewards/InterceptionMissionRewardsMedium,30 - 70,0.40000001,3
Trinculo,Uran,Capture,Grineer,/Lotus/Types/Game/GrineerSquadThree,,30 - 70,0.40000001,3
,Uran,Assassination,Grineer,,,30 - 70,0.40000001,3
,Uran,Assassination,Grineer,,,30 - 70,0.40000001,3
Ethniu,Uran,Survival,Grineer,/Lotus/Types/Game/GrineerSurvivalA,/Lotus/Types/Game/MissionDecks/SurvivalMissionRewards/SurvivalMidLevelRewards,30 - 70,0.40000001,3
Assur,Uran,Survival,Infestation,/Lotus/Types/Game/InfestedSurvivalA,/Lotus/Types/Game/MissionDecks/SurvivalMissionRewards/SurvivalBadlandsMidLevelRewards,30 - 70,0.40000001,3
Ur,Uran,Defense,Infestation,/Lotus/Types/Game/InfestedDefenseA,/Lotus/Types/Game/MissionDecks/DefenseMissionRewards/BadlandsDefenseMissionRewards,30 - 70,0.40000001,3
Larissa,Neptun,Mobile Defense,Corpus,/Lotus/Types/Game/CorpusSquadA,,30 - 70,0.5,0
Thalassa,Neptun,Rescue,Corpus,/Lotus/Types/Game/CorpusSquadC,/Lotus/Types/Game/MissionDecks/DefenseMissionRewards/DefenseMissionRewardsHard,30 - 70,0.5,0
Naiad,Neptun,Deception,Corpus,/Lotus/Types/Game/CorpusSquadC,,30 - 70,0.5,0
Galatea,Neptun,Capture,Corpus,/Lotus/Types/Game/CorpusSquadB,/Lotus/Types/Game/MissionDecks/CaptureMissionRewardsA,30 - 70,0.5,0
,Neptun,Assassination,Grineer,,,30 - 70,0.5,0
,Neptun,Assassination,Grineer,,,30 - 70,0.5,0
Proteus,Neptun,Defense,Corpus,/Lotus/Types/Game/CorpusSquadDefenseA,/Lotus/Types/Game/MissionDecks/DefenseMissionRewards/DefenseMissionRewardsHard,30 - 70,0.5,0
Triton,Neptun,Survival,Corpus,/Lotus/Types/Game/CorpusSurvivalA,/Lotus/Types/Game/MissionDecks/SurvivalMissionRewards/SurvivalHighLevelRewards,30 - 70,0.5,0
Despina,Neptun,Defense,Corpus,/Lotus/Types/Game/CorpusSquadDefenseA,/Lotus/Types/Game/MissionDecks/DefenseMissionRewards/DefenseMissionRewardsHard,30 - 70,0.5,0
Sao,Neptun,Deception,Corpus,/Lotus/Types/Game/CorpusSquadA,,30 - 70,0.5,1
Halimede,Neptun,Sabotage,Corpus,/Lotus/Types/Game/CorpusSquadC,,30 - 70,0.5,1
,Neptun,Assassination,Grineer,,,30 - 70,0.5,1
Neso,Neptun,Extermination,Corpus,/Lotus/Types/Game/CorpusSquadB,,30 - 70,0.5,1
,Neptun,Assassination,Grineer,,,30 - 70,0.5,1
Psamathe,Neptun,Assassination,Corpus,/Lotus/Types/Game/CorpusSquadA,/Lotus/Types/Game/MissionDecks/BossMissionRewards/LokiRewards,30 - 70,0.5,1
Laomedeia,Neptun,Spy,Corpus,/Lotus/Types/Game/CorpusSquadB,/Lotus/Types/Game/MissionDecks/IntelMissionRewardsA,30 - 70,0.5,1
,Neptun,Assassination,Grineer,,,30 - 70,0.5,1
Nereid,Neptun,Rescue,Corpus,/Lotus/Types/Game/CorpusSquadC,/Lotus/Types/Game/MissionDecks/RescueMissionRewards/RescueMissionRewardsHard,30 - 70,0.5,1
Yursa,Neptun,Defense,Infestation,/Lotus/Types/Game/InfestedDefenseA,/Lotus/Types/Game/MissionDecks/DefenseMissionRewards/BadlandsDefenseMissionRewards,30 - 70,0.5,2
Kelashin,Neptun,Survival,Infestation,/Lotus/Types/Game/InfestedSurvivalA,/Lotus/Types/Game/MissionDecks/SurvivalMissionRewards/SurvivalBadlandsHighLevelRewards,30 - 70,0.5,2
,Neptun,Assassination,Grineer,,,30 - 70,0.5,2
,Neptun,Assassination,Grineer,,,30 - 70,0.5,2
Buarainech,Neptun,Sabotage,Corpus,/Lotus/Types/Game/CorpusSquadC,,30 - 70,0.5,2
Conclave,Neptun,MT_PVP,Corpus,,,30 - 70,0.5,2
,Neptun,Assassination,Grineer,,,30 - 70,0.5,2
,Neptun,Assassination,Grineer,,,30 - 70,0.5,2
,Neptun,Assassination,Grineer,,,30 - 70,0.5,2
Acheron,Pluton,Extermination,Corpus,/Lotus/Types/Game/CorpusSquadB,,30 - 75,0.5,0
Outer Terminus,Pluton,Defense,Corpus,/Lotus/Types/Game/CorpusSquadDefenseA,/Lotus/Types/Game/MissionDecks/DefenseMissionRewards/DefenseMissionRewardsHard,30 - 75,0.5,0
,Pluton,Assassination,Grineer,,,30 - 75,0.5,0
Regna,Pluton,Rescue,Corpus,/Lotus/Types/Game/CorpusSquadC,,30 - 75,0.5,0
Narcissus,Pluton,Defense,Corpus,/Lotus/Types/Game/CorpusSquadDefenseA,/Lotus/Types/Game/MissionDecks/DefenseMissionRewards/DefenseMissionRewardsHard,30 - 75,0.5,0
Charon,Pluton,Sabotage,Corpus,/Lotus/Types/Game/CorpusSquadB,,30 - 75,0.5,0
Hydra,Pluton,Capture,Corpus,/Lotus/Types/Game/CorpusSquadA,/Lotus/Types/Game/MissionDecks/CaptureMissionRewardsA,30 - 75,0.5,0
Hades,Pluton,Assassination,Corpus,/Lotus/Types/Game/CorpusSquadA,/Lotus/Types/Game/MissionDecks/BossMissionRewards/ExcaliburRewards,30 - 75,0.5,0
Minthe,Pluton,Mobile Defense,Corpus,/Lotus/Types/Game/CorpusSquadA,,30 - 75,0.5,0
,Pluton,Assassination,Grineer,,,30 - 75,0.5,1
Nix,Pluton,Deception,Corpus,/Lotus/Types/Game/CorpusSquadC,,30 - 75,0.5,1
Cypress,Pluton,Sabotage,Corpus,/Lotus/Types/Game/CorpusSquadA,,30 - 75,0.5,1
Cerberus,Pluton,Interception,Corpus,/Lotus/Types/Game/CorpusSquadA,/Lotus/Types/Game/MissionDecks/InterceptionMissionRewards/InterceptionMissionRewardsHard,30 - 75,0.5,1
Palus,Pluton,Survival,Corpus,/Lotus/Types/Game/CorpusSurvivalA,/Lotus/Types/Game/MissionDecks/SurvivalMissionRewards/SurvivalHighLevelRewards,30 - 75,0.5,1
Sechura,Pluton,Defense,Infestation,/Lotus/Types/Game/InfestedDefenseA,/Lotus/Types/Game/MissionDecks/DefenseMissionRewards/BadlandsDefenseMissionRewards,30 - 75,0.5,1
,Pluton,Assassination,Grineer,,,30 - 75,0.5,1
Oceanum,Pluton,Spy,Corpus,/Lotus/Types/Game/CorpusSquadC,/Lotus/Types/Game/MissionDecks/IntelMissionRewardsA,30 - 75,0.5,1
Conclave,Pluton,MT_PVP,Corpus,,,30 - 75,0.5,1
,Pluton,Assassination,Grineer,,,30 - 75,0.5,2
Hieracon,Pluton,Survival,Infestation,/Lotus/Types/Game/InfestedSurvivalA,/Lotus/Types/Game/MissionDecks/SurvivalMissionRewards/SurvivalBadlandsHighLevelRewards,30 - 75,0.5,2
,Pluton,Assassination,Grineer,,,30 - 75,0.5,2
,Pluton,Assassination,Grineer,,,30 - 75,0.5,2
,Pluton,Assassination,Grineer,,,30 - 75,0.5,2
Corb,Pluton,Capture,Corpus,/Lotus/Types/Game/CorpusSquadA,/Lotus/Types/Game/MissionDecks/CaptureMissionRewardsA,30 - 75,0.5,2
,Pluton,Assassination,Grineer,,,30 - 75,0.5,2
,Pluton,Assassination,Grineer,,,30 - 75,0.5,2
,Pluton,Assassination,Grineer,,,30 - 75,0.5,2
Olla,Ceres,Rescue,Grineer,/Lotus/Types/Game/EnemySpecs/GrineerShipyardsA,,30 - 70,0.5,0
,Ceres,Assassination,Grineer,,,30 - 70,0.5,0
Pallas,Ceres,Sabotage,Grineer,/Lotus/Types/Game/EnemySpecs/GrineerShipyardsA,,30 - 70,0.5,0
Vedic,Ceres,Extermination,Grineer,/Lotus/Types/Game/EnemySpecs/GrineerShipyardsA,,30 - 70,0.5,0
Thon,Ceres,Sabotage,Grineer,/Lotus/Types/Game/EnemySpecs/GrineerShipyardsA,,30 - 70,0.5,0
,Ceres,Assassination,Grineer,,,30 - 70,0.5,0
,Ceres,Assassination,Grineer,,,30 - 70,0.5,0
Bode,Ceres,Capture,Grineer,/Lotus/Types/Game/EnemySpecs/GrineerShipyardsA,,30 - 70,0.5,0
Varro,Ceres,Defense,Grineer,/Lotus/Types/Game/EnemySpecs/GrineerShipyardsDefenseA,/Lotus/Types/Game/MissionDecks/DefenseMissionRewards/DefenseMissionRewardsHard,30 - 70,0.5,0
Lex,Ceres,Spy,Grineer,/Lotus/Types/Game/GrineerSquadFour,,30 - 70,0.5,1
Ker,Ceres,Deception,Grineer,/Lotus/Types/Game/CorpusGrineerMix,,30 - 70,0.5,1
Nuovo,Ceres,Survival,Grineer,/Lotus/Types/Game/EnemySpecs/GrineerShipyardsSurvivalA,/Lotus/Types/Game/MissionDecks/SurvivalMissionRewards/SurvivalHighLevelRewards,30 - 70,0.5,1
Hapke,Ceres,Capture,Grineer,/Lotus/Types/Game/EnemySpecs/GrineerShipyardsA,,30 - 70,0.5,1
Kiste,Ceres,Mobile Defense,Grineer,/Lotus/Types/Game/EnemySpecs/GrineerShipyardsA,,30 - 70,0.5,1
,Ceres,Assassination,Grineer,,,30 - 70,0.5,1
Ludi,Ceres,Extermination,Grineer,/Lotus/Types/Game/EnemySpecs/GrineerShipyardsA,,30 - 70,0.5,1
Gefion,Ceres,MT_RETRIEVAL,Grineer,/Lotus/Types/Game/EnemySpecs/GrineerShipyardsA,,30 - 70,0.5,1
Exta,Ceres,Assassination,Grineer,/Lotus/Types/Game/EnemySpecs/GrineerShipyardsA,/Lotus/Types/Game/MissionDecks/BossMissionRewards/FrostRewards,30 - 70,0.5,1
Casta,Ceres,Defense,Grineer,/Lotus/Types/Game/EnemySpecs/GrineerShipyardsDefenseA,/Lotus/Types/Game/MissionDecks/DefenseMissionRewards/DefenseMissionRewardsHard,30 - 70,0.5,2
,Ceres,Assassination,Grineer,,,30 - 70,0.5,2
,Ceres,Assassination,Grineer,,,30 - 70,0.5,2
Cerium,Ceres,MT_RETRIEVAL,Grineer,/Lotus/Types/Game/EnemySpecs/GrineerShipyardsA,,30 - 70,0.5,2
Cinxia,Ceres,Rescue,Grineer,/Lotus/Types/Game/EnemySpecs/GrineerShipyardsA,/Lotus/Types/Game/MissionDecks/RescueMissionRewards/RescueMissionRewardsHard,30 - 70,0.5,2
Albedo,Ceres,Deception,Grineer,/Lotus/Types/Game/CorpusGrineerMix,,30 - 70,0.5,2
Egeria,Ceres,Survival,Grineer,/Lotus/Types/Game/EnemySpecs/GrineerShipyardsSurvivalA,/Lotus/Types/Game/MissionDecks/SurvivalMissionRewards/SurvivalHighLevelRewards,30 - 70,0.5,2
,Ceres,Assassination,Grineer,,,30 - 70,0.5,2
Draco,Ceres,Interception,Grineer,/Lotus/Types/Game/GrineerSquadFour,/Lotus/Types/Game/MissionDecks/InterceptionMissionRewards/InterceptionMissionRewardsHard,30 - 70,0.5,2
,Ceres,Assassination,Grineer,,,30 - 70,0.5,3
,Ceres,Assassination,Grineer,,,30 - 70,0.5,3
,Ceres,Assassination,Grineer,,,30 - 70,0.5,3
,Ceres,Assassination,Grineer,,,30 - 70,0.5,3
Conand,Ceres,Sabotage,Grineer,/Lotus/Types/Game/GrineerSquadSabotageEvent,,30 - 70,0.5,3
,Ceres,Assassination,Grineer,,,30 - 70,0.5,3
,Ceres,Assassination,Grineer,,,30 - 70,0.5,3
Gabii,Ceres,Survival,Infestation,/Lotus/Types/Game/InfestedSurvivalA,/Lotus/Types/Game/MissionDecks/SurvivalMissionRewards/SurvivalBadlandsHighLevelRewards,30 - 70,0.5,3
Seimeni,Ceres,Defense,Infestation,/Lotus/Types/Game/InfestedDefenseA,/Lotus/Types/Game/MissionDecks/DefenseMissionRewards/BadlandsDefenseMissionRewards,30 - 70,0.5,3
Cyath,Eris,Mobile Defense,Infestation,/Lotus/Types/Game/InfestedSquadA,,30 - 70,0.40000001,0
Cosis,Eris,Capture,Infestation,/Lotus/Types/Game/InfestedSquadA,/Lotus/Types/Game/MissionDecks/CaptureMissionRewardsA,30 - 70,0.40000001,0
Candiru,Eris,Hive Sabotage,Infestation,/Lotus/Types/Game/InfestedSquadD,,30 - 70,0.40000001,0
Ascar,Eris,Spy,Infestation,/Lotus/Types/Game/InfestedSquadC,/Lotus/Types/Game/MissionDecks/IntelMissionRewardsA,30 - 70,0.40000001,0
,Eris,Assassination,Grineer,,,30 - 70,0.40000001,0
Giardia,Eris,Spy,Infestation,/Lotus/Types/Game/InfestedSquadB,/Lotus/Types/Game/MissionDecks/IntelMissionRewardsA,30 - 70,0.40000001,0
,Eris,Assassination,Grineer,,,30 - 70,0.40000001,0
Acanth,Eris,Extermination,Infestation,/Lotus/Types/Game/InfestedSquadC,,30 - 70,0.40000001,0
Brugia,Eris,Rescue,Infestation,/Lotus/Types/Game/InfestedSquadC,/Lotus/Types/Game/MissionDecks/RescueMissionRewards/RescueMissionRewardsMedium,30 - 70,0.40000001,0
Lepis,Eris,Hive Sabotage,Infestation,/Lotus/Types/Game/InfestedSquadC,,30 - 70,0.40000001,1
Kala-azar,Eris,Defense,Infestation,/Lotus/Types/Game/InfestedDefenseA,/Lotus/Types/Game/MissionDecks/MissionRewardsCorpus,30 - 70,0.40000001,1
Hymeno,Eris,Survival,Infestation,/Lotus/Types/Game/InfestedSurvivalA,/Lotus/Types/Game/MissionDecks/SurvivalMissionRewards/SurvivalMidLevelRewards,30 - 70,0.40000001,1
Isos,Eris,Capture,Infestation,/Lotus/Types/Game/InfestedSquadB,/Lotus/Types/Game/MissionDecks/CaptureMissionRewardsA,30 - 70,0.40000001,1
,Eris,Assassination,Grineer,,,30 - 70,0.40000001,1
Gnathos,Eris,Defense,Infestation,/Lotus/Types/Game/InfestedDefenseA,/Lotus/Types/Game/MissionDecks/MissionRewardsCorpus,30 - 70,0.40000001,1
Histo,Eris,Extermination,Infestation,/Lotus/Types/Game/InfestedSquadB,,30 - 70,0.40000001,1
Naeglar,Eris,Extermination,Infestation,/Lotus/Types/Game/InfestedSquadA,,30 - 70,0.40000001,1
Ixodes,Eris,Defense,Infestation,/Lotus/Types/Game/InfestedDefenseA,/Lotus/Types/Game/MissionDecks/MissionRewardsCorpus,30 - 70,0.40000001,1
,Eris,Assassination,Grineer,,,30 - 70,0.40000001,2
Saxis,Eris,Extermination,Infestation,/Lotus/Types/Game/InfestedSquadD,,30 - 70,0.40000001,2
Phalan,Eris,Survival,Infestation,/Lotus/Types/Game/InfestedSurvivalA,/Lotus/Types/Game/MissionDecks/SurvivalMissionRewards/SurvivalMidLevelRewards,30 - 70,0.40000001,2
,Eris,Assassination,Grineer,,,30 - 70,0.40000001,2
Oestrus,Eris,Deception,Infestation,/Lotus/Types/Game/InfestedSquadC,,30 - 70,0.40000001,2
Ranova,Eris,Rescue,Infestation,/Lotus/Types/Game/InfestedSquadA,,30 - 70,0.40000001,2
Psoro,Eris,Hive Sabotage,Infestation,/Lotus/Types/Game/InfestedSquadB,,30 - 70,0.40000001,2
Nimus,Eris,Survival,Infestation,/Lotus/Types/Game/InfestedSurvivalA,/Lotus/Types/Game/MissionDecks/SurvivalMissionRewards/SurvivalHighLevelRewards,30 - 70,0.40000001,2
,Eris,Assassination,Grineer,,,30 - 70,0.40000001,2
Lugh,Eris,Deception,Corpus,/Lotus/Types/Game/CorpusSquadC,,30 - 70,0.40000001,3
Solium,Eris,Deception,Infestation,/Lotus/Types/Game/InfestedSquadC,,30 - 70,0.40000001,3
Akkad,Eris,Defense,Infestation,/Lotus/Types/Game/InfestedDefenseA,/Lotus/Types/Game/MissionDecks/DefenseMissionRewards/BadlandsDefenseMissionRewards,30 - 70,0.40000001,3
Sparga,Eris,Rescue,Infestation,/Lotus/Types/Game/InfestedSquadB,,30 - 70,0.40000001,3
Xini,Eris,Defense,Infestation,/Lotus/Types/Game/InfestedDefenseA,/Lotus/Types/Game/MissionDecks/MissionRewardsCorpus,30 - 70,0.40000001,3
Viver,Eris,Interception,Corpus,/Lotus/Types/Game/CorpusSquadDefenseA,/Lotus/Types/Game/MissionDecks/InterceptionMissionRewards/InterceptionMissionRewardsHard,30 - 70,0.40000001,3
Zabala,Eris,Survival,Infestation,/Lotus/Types/Game/InfestedSurvivalA,/Lotus/Types/Game/MissionDecks/SurvivalMissionRewards/SurvivalBadlandsHighLevelRewards,30 - 70,0.40000001,3
Sporid,Eris,Hive Sabotage,Infestation,/Lotus/Types/Game/InfestedSquadA,,30 - 70,0.40000001,3
Conclave,Eris,MT_PVP,Corpus,,,30 - 70,0.40000001,3
Kappa,Sedna,Mobile Defense,Grineer,/Lotus/Types/Game/GrineerSquadSix,,30 - 80,0.5,0
Rusalka,Sedna,Deception,Grineer,/Lotus/Types/Game/GrineerSquadSix,,30 - 80,0.5,0
Camenae,Sedna,Defense,Grineer,/Lotus/Types/Game/GrineerDefenseA,/Lotus/Types/Game/MissionDecks/DefenseMissionRewards/DefenseMissionRewardsMedium,30 - 80,0.5,0
Adaro,Sedna,Extermination,Grineer,/Lotus/Types/Game/GrineerSquadSix,,30 - 80,0.5,0
Vodyanoi,Sedna,Mobile Defense,Grineer,/Lotus/Types/Game/GrineerSquadOne,,30 - 80,0.5,0
Hyosube,Sedna,Sabotage,Grineer,/Lotus/Types/Game/GrineerSquadSix,,30 - 80,0.5,0
Undine,Sedna,Sabotage,Grineer,/Lotus/Types/Game/GrineerSquadTwo,/Lotus/Types/Game/MissionDecks/CaptureMissionRewardsA,30 - 80,0.5,0
Jengu,Sedna,Rescue,Grineer,/Lotus/Types/Game/GrineerSquadSix,,30 - 80,0.5,0
,Sedna,Assassination,Grineer,,,30 - 80,0.5,0
Nakki,Sedna,Sabotage,Grineer,/Lotus/Types/Game/GrineerSquadSix,,30 - 80,0.5,1
Berehynia,Sedna,Interception,Grineer,/Lotus/Types/Game/GrineerSurvivalA,/Lotus/Types/Game/MissionDecks/InterceptionMissionRewards/InterceptionMissionRewardsMedium,30 - 80,0.5,1
Tikoloshe,Sedna,Spy,Grineer,/Lotus/Types/Game/GrineerSquadSix,,30 - 80,0.5,1
,Sedna,Assassination,Grineer,,,30 - 80,0.5,1
Selkie,Sedna,Survival,Grineer,/Lotus/Types/Game/GrineerSurvivalA,/Lotus/Types/Game/MissionDecks/SurvivalMissionRewards/SurvivalMidLevelRewards,30 - 80,0.5,1
Marid,Sedna,Extermination,Grineer,/Lotus/Types/Game/GrineerSquadSix,,30 - 80,0.5,1
Phithale,Sedna,Sabotage,Grineer,/Lotus/Types/Game/GrineerSquadFour,,30 - 80,0.5,1
Kelpie,Sedna,Sabotage,Grineer,/Lotus/Types/Game/GrineerSquadFive,,30 - 80,0.5,1
Naga,Sedna,Rescue,Grineer,/Lotus/Types/Game/GrineerSquadSix,,30 - 80,0.5,1
,Sedna,Assassination,Grineer,,,30 - 80,0.5,2
,Sedna,Assassination,Grineer,,,30 - 80,0.5,2
Yam,Sedna,Sabotage,Grineer,/Lotus/Types/Game/GrineerSquadSix,,30 - 80,0.5,2
Ponaturi,Sedna,Deception,Grineer,/Lotus/Types/Game/GrineerSquadFour,,30 - 80,0.5,2
Merrow,Sedna,Assassination,Grineer,/Lotus/Types/Game/GrineerSquadFive,/Lotus/Types/Game/MissionDecks/BossMissionRewards/SarynRewards,30 - 80,0.5,2
Charybdis,Sedna,Deception,Grineer,/Lotus/Types/Game/GrineerSquadSix,,30 - 80,0.5,2
Graeae,Sedna,Mobile Defense,Grineer,/Lotus/Types/Game/GrineerSquadThree,,30 - 80,0.5,2
Hydron,Sedna,Defense,Grineer,/Lotus/Types/Game/GrineerDefenseA,/Lotus/Types/Game/MissionDecks/DefenseMissionRewards/DefenseMissionRewardsMedium,30 - 80,0.5,2
Scylla,Sedna,Spy,Grineer,/Lotus/Types/Game/GrineerSquadSix,,30 - 80,0.5,2
Nemed,Sedna,Spy,Grineer,/Lotus/Types/Game/GrineerSquadSix,,30 - 80,0.5,3
,Sedna,Assassination,Grineer,,,30 - 80,0.5,3
Tiamat,Sedna,Capture,Grineer,/Lotus/Types/Game/GrineerSquadSix,/Lotus/Types/Game/MissionDecks/CaptureMissionRewardsA,30 - 80,0.5,3
Yemaja,Sedna,Survival,Grineer,/Lotus/Types/Game/GrineerSurvivalA,/Lotus/Types/Game/MissionDecks/SurvivalMissionRewards/SurvivalHighLevelRewards,30 - 80,0.5,3
Conclave,Sedna,MT_PVP,Grineer,,,30 - 80,0.5,3
,Sedna,Assassination,Grineer,,,30 - 80,0.5,3
Amarna,Sedna,Survival,Infestation,/Lotus/Types/Game/InfestedSurvivalA,/Lotus/Types/Game/MissionDecks/SurvivalMissionRewards/SurvivalBadlandsMidLevelRewards,30 - 80,0.5,3
Veles,Sedna,Rescue,Grineer,/Lotus/Types/Game/GrineerSquadSix,,30 - 80,0.5,3
Sangeru,Sedna,Defense,Infestation,/Lotus/Types/Game/InfestedDefenseA,/Lotus/Types/Game/MissionDecks/DefenseMissionRewards/BadlandsDefenseMissionRewards,30 - 80,0.5,3
Abaddon,Europa,Capture,Corpus,/Lotus/Types/Game/CorpusSquadA,/Lotus/Types/Game/MissionDecks/CaptureMissionRewardsA,10 - 75,0.40000001,0
Gamygyn,Europa,Spy,Corpus,/Lotus/Types/Game/CorpusSquadC,/Lotus/Types/Game/MissionDecks/IntelMissionRewardsA,10 - 75,0.40000001,0
Armaros,Europa,Interception,Corpus,/Lotus/Types/Game/CorpusSquadA,/Lotus/Types/Game/MissionDecks/InterceptionMissionRewards/InterceptionMissionRewardsMedium,10 - 75,0.40000001,0
Morax,Europa,Spy,Corpus,/Lotus/Types/Game/CorpusSquadB,/Lotus/Types/Game/MissionDecks/IntelMissionRewardsA,10 - 75,0.40000001,0
Eligor,Europa,Defense,Corpus,/Lotus/Types/Game/CorpusSquadDefenseA,/Lotus/Types/Game/MissionDecks/DefenseMissionRewards/DefenseMissionRewardsMedium,10 - 75,0.40000001,0
Lillith,Europa,Survival,Corpus,/Lotus/Types/Game/CorpusSurvivalA,/Lotus/Types/Game/MissionDecks/SurvivalMissionRewards/SurvivalMidLevelRewards,10 - 75,0.40000001,0
Naamah,Europa,Assassination,Corpus,/Lotus/Types/Game/CorpusSquadA,/Lotus/Types/Game/MissionDecks/BossMissionRewards/NovaRewards,10 - 75,0.40000001,0
,Europa,Assassination,Grineer,,,10 - 75,0.40000001,0
Baal,Europa,Mobile Defense,Corpus,/Lotus/Types/Game/CorpusSquadC,,10 - 75,0.40000001,0
Valefor,Europa,Defense,Corpus,/Lotus/Types/Game/CorpusSquadDefenseA,/Lotus/Types/Game/MissionDecks/DefenseMissionRewards/DefenseMissionRewardsMedium,10 - 75,0.40000001,1
,Europa,Assassination,Grineer,,,10 - 75,0.40000001,1
,Europa,Assassination,Grineer,,,10 - 75,0.40000001,1
,Europa,Assassination,Grineer,,,10 - 75,0.40000001,1
Sorath,Europa,Sabotage,Corpus,/Lotus/Types/Game/CorpusSquadA,,10 - 75,0.40000001,1
Ose,Europa,Survival,Corpus,/Lotus/Types/Game/CorpusSurvivalA,/Lotus/Types/Game/MissionDecks/SurvivalMissionRewards/SurvivalMidLevelRewards,10 - 75,0.40000001,1
Valac,Europa,Deception,Corpus,/Lotus/Types/Game/CorpusSquadC,,10 - 75,0.40000001,1
Shax,Europa,Rescue,Corpus,/Lotus/Types/Game/CorpusSquadA,,10 - 75,0.40000001,1
Paimon,Europa,Defense,Corpus,/Lotus/Types/Game/CorpusSquadDefenseA,/Lotus/Types/Game/MissionDecks/DefenseMissionRewards/DefenseMissionRewardsMedium,10 - 75,0.40000001,1
Conclave,Europa,MT_PVP,Corpus,,,10 - 75,0.40000001,2
Orias,Europa,Rescue,Corpus,/Lotus/Types/Game/CorpusSquadB,,10 - 75,0.40000001,2
Zagan,Europa,Capture,Corpus,/Lotus/Types/Game/CorpusSquadB,/Lotus/Types/Game/MissionDecks/CaptureMissionRewardsA,10 - 75,0.40000001,2
Larzac,Europa,Defense,Infestation,/Lotus/Types/Game/InfestedDefenseA,/Lotus/Types/Game/MissionDecks/DefenseMissionRewards/BadlandsDefenseMissionRewards,10 - 75,0.40000001,2
,Europa,Assassination,Grineer,,,10 - 75,0.40000001,2
,Europa,Assassination,Grineer,,,10 - 75,0.40000001,2
Beleth,Europa,Capture,Corpus,/Lotus/Types/Game/CorpusSquadB,/Lotus/Types/Game/MissionDecks/CaptureMissionRewardsA,10 - 75,0.40000001,2
Kokabiel,Europa,Sabotage,Corpus,/Lotus/Types/Game/CorpusSquadA,,10 - 75,0.40000001,2
Neit,Europa,Capture,Corpus,/Lotus/Types/Game/CorpusSquadA,/Lotus/Types/Game/MissionDecks/CaptureMissionRewardsA,10 - 75,0.40000001,2
,Europa,Assassination,Grineer,,,10 - 75,0.40000001,3
,Europa,Assassination,Grineer,,,10 - 75,0.40000001,3
,Europa,Assassination,Grineer,,,10 - 75,0.40000001,3
,Europa,Assassination,Grineer,,,10 - 75,0.40000001,3
,Europa,Assassination,Grineer,,,10 - 75,0.40000001,3
,Europa,Assassination,Grineer,,,10 - 75,0.40000001,3
,Europa,Assassination,Grineer,,,10 - 75,0.40000001,3
Cholistan,Europa,Survival,Infestation,/Lotus/Types/Game/InfestedSurvivalA,/Lotus/Types/Game/MissionDecks/SurvivalMissionRewards/SurvivalBadlandsMidLevelRewards,10 - 75,0.40000001,3
,Europa,Assassination,Grineer,,,10 - 75,0.40000001,3
Limtoc,Phobos,Capture,Grineer,/Lotus/Types/Game/DesertGrineerSquadOne,,20 - 50,0.30000001,0
Conclave,Phobos,MT_PVP,Corrupted,,,20 - 50,0.30000001,0
Roche,Phobos,Extermination,Grineer,/Lotus/Types/Game/DesertGrineerSquadOne,,20 - 50,0.30000001,0
,Phobos,Assassination,Grineer,,,20 - 50,0.30000001,0
Hall,Phobos,Mobile Defense,Grineer,/Lotus/Types/Game/DesertGrineerSquadOne,,20 - 50,0.30000001,0
Grildrig,Phobos,Rescue,Grineer,/Lotus/Types/Game/DesertGrineerSquadOne,,20 - 50,0.30000001,0
Stickney,Phobos,Survival,Grineer,/Lotus/Types/Game/GrineerSettlementSurvivalA,/Lotus/Types/Game/MissionDecks/SurvivalMissionRewards/SurvivalMidLevelRewards,20 - 50,0.30000001,0
Skyresh,Phobos,Deception,Grineer,/Lotus/Types/Game/DesertGrineerSquadOne,,20 - 50,0.30000001,0
Drunlo,Phobos,Defense,Grineer,/Lotus/Types/Game/DesertGrineerDefenseA,/Lotus/Types/Game/MissionDecks/DefenseMissionRewards/DefenseMissionRewardsMedium,20 - 50,0.30000001,0
D'Arrest,Phobos,Sabotage,Grineer,/Lotus/Types/Game/DesertGrineerSquadOne,,20 - 50,0.30000001,1
Monolith,Phobos,Rescue,Grineer,/Lotus/Types/Game/DesertGrineerSquadOne,,20 - 50,0.30000001,1
Kepler,Phobos,Defense,Grineer,/Lotus/Types/Game/DesertGrineerDefenseA,/Lotus/Types/Game/MissionDecks/DefenseMissionRewards/DefenseMissionRewardsMedium,20 - 50,0.30000001,1
Sharpless,Phobos,Mobile Defense,Grineer,/Lotus/Types/Game/DesertGrineerSquadOne,,20 - 50,0.30000001,1
,Phobos,Assassination,Grineer,,,20 - 50,0.30000001,1
Reldresal,Phobos,Sabotage,Grineer,/Lotus/Types/Game/DesertGrineerSquadOne,,20 - 50,0.30000001,1
Gulliver,Phobos,Rescue,Grineer,/Lotus/Types/Game/DesertGrineerSquadOne,,20 - 50,0.30000001,1
Shklovsky,Phobos,Spy,Grineer,/Lotus/Types/Game/DesertGrineerSquadOne,,20 - 50,0.30000001,1
Clustril,Phobos,Extermination,Grineer,/Lotus/Types/Game/DesertGrineerSquadOne,,20 - 50,0.30000001,1
Wendell,Phobos,Survival,Grineer,/Lotus/Types/Game/GrineerSettlementSurvivalA,/Lotus/Types/Game/MissionDecks/SurvivalMissionRewards/SurvivalMidLevelRewards,20 - 50,0.30000001,2
Todd,Phobos,Capture,Grineer,/Lotus/Types/Game/DesertGrineerSquadOne,,20 - 50,0.30000001,2
,Phobos,Assassination,Grineer,,,20 - 50,0.30000001,2
Flimnap,Phobos,Deception,Grineer,/Lotus/Types/Game/DesertGrineerSquadOne,,20 - 50,0.30000001,2
Memphis,Phobos,Defense,Infestation,/Lotus/Types/Game/InfestedDefenseA,/Lotus/Types/Game/MissionDecks/DefenseMissionRewards/BadlandsDefenseMissionRewards,20 - 50,0.30000001,2
Iliad,Phobos,Assassination,Grineer,/Lotus/Types/Game/DesertGrineerSquadOne,/Lotus/Types/Game/MissionDecks/BossMissionRewards/MiterGremlinsRewards,20 - 50,0.30000001,2
,Phobos,Assassination,Grineer,,,20 - 50,0.30000001,2
,Phobos,Assassination,Grineer,,,20 - 50,0.30000001,2
Opik,Phobos,Interception,Grineer,/Lotus/Types/Game/DesertGrineerDefenseA,/Lotus/Types/Game/MissionDecks/InterceptionMissionRewards/InterceptionMissionRewardsMedium,20 - 50,0.30000001,2
,Phobos,Assassination,Grineer,,,20 - 50,0.30000001,3
,Phobos,Assassination,Grineer,,,20 - 50,0.30000001,3
,Phobos,Assassination,Grineer,,,20 - 50,0.30000001,3
,Phobos,Assassination,Grineer,,,20 - 50,0.30000001,3
,Phobos,Assassination,Grineer,,,20 - 50,0.30000001,3
,Phobos,Assassination,Grineer,,,20 - 50,0.30000001,3
,Phobos,Assassination,Grineer,,,20 - 50,0.30000001,3
,Phobos,Assassination,Grineer,,,20 - 50,0.30000001,3
Zeugma,Phobos,Survival,Infestation,/Lotus/Types/Game/InfestedSurvivalA,/Lotus/Types/Game/MissionDecks/SurvivalMissionRewards/SurvivalBadlandsMidLevelRewards,20 - 50,0.30000001,3
