Mod,Drop Locations,,,,,,,,,,,,,,,,,,,,,,,,,,,,,,,,,,,,,,,,,,,,,,,,,,,,,,,,,,,,,,,,,,,,,,,,,,,,,,,
Abating Link (/Lotus/Powersuits/Trinity/LinkAugmentCard),,,,,,,,,,,,,,,,,,,,,,,,,,,,,,,,,,,,,,,,,,,,,,,,,,,,,,,,,,,,,,,,,,,,,,,,,,,,,,,,
Anemic Agility (/Lotus/Upgrades/Mods/Pistol/DualStat/CorruptedFireRateDamagePistol),,,,,,,,,,,,,,,,,,,,,,,,,,,,,,,,,,,,,,,,,,,,,,,,,,,,,,,,,,,,,,,,,,,,,,,,,,,,,,,,
Antimatter Absorb (/Lotus/Powersuits/AntiMatter/AntiMatterDropAugmentCard),,,,,,,,,,,,,,,,,,,,,,,,,,,,,,,,,,,,,,,,,,,,,,,,,,,,,,,,,,,,,,,,,,,,,,,,,,,,,,,,
Argon Plating (/Lotus/Upgrades/Mods/Archwing/Suit/ArchwingSuitArmourMod),Carrier (SpaceBattles/Ships/SwarmShip),Dreg (SpaceBattles/Drones/GrineerSpaceDrone),,,,,,,,,,,,,,,,,,,,,,,,,,,,,,,,,,,,,,,,,,,,,,,,,,,,,,,,,,,,,,,,,,,,,,,,,,,,,,
Automatic Trigger (/Lotus/Upgrades/Mods/Archwing/Rifle/ArchwingRifleFireRateMod),Carrier (SpaceBattles/Ships/SwarmShip),,,,,,,,,,,,,,,,,,,,,,,,,,,,,,,,,,,,,,,,,,,,,,,,,,,,,,,,,,,,,,,,,,,,,,,,,,,,,,,
Auxiliary Power (/Lotus/Upgrades/Mods/Archwing/Suit/ArchwingSuitPowerMaxMod),Shield Dargyn (SpaceBattles/Skiffs/ShieldSkiff),,,,,,,,,,,,,,,,,,,,,,,,,,,,,,,,,,,,,,,,,,,,,,,,,,,,,,,,,,,,,,,,,,,,,,,,,,,,,,,
Ballistic Bullseye (/Lotus/Powersuits/Cowgirl/BallisticBatteryAugmentCard),,,,,,,,,,,,,,,,,,,,,,,,,,,,,,,,,,,,,,,,,,,,,,,,,,,,,,,,,,,,,,,,,,,,,,,,,,,,,,,,
Berserker (/Lotus/Upgrades/Mods/Melee/WeaponCritFireRateBonusMod),Corrupted Ancient (OrokinHealingAncient),Infested Mesa (TennoReplicants/TennoReplicantGunslinger),,,,,,,,,,,,,,,,,,,,,,,,,,,,,,,,,,,,,,,,,,,,,,,,,,,,,,,,,,,,,,,,,,,,,,,,,,,,,,
Bite (/Lotus/Upgrades/Mods/Sentinel/Kubrow/KubrowCritMod),Drahk (AIWeek/CombatKubrow),Kubrow (/Lotus/Types/NeutralCreatures/Kubrow/Kubrow),,,,,,,,,,,,,,,,,,,,,,,,,,,,,,,,,,,,,,,,,,,,,,,,,,,,,,,,,,,,,,,,,,,,,,,,,,,,,,
Blade Of Truth (/Lotus/Upgrades/Mods/Syndicate/JawSwordMod),,,,,,,,,,,,,,,,,,,,,,,,,,,,,,,,,,,,,,,,,,,,,,,,,,,,,,,,,,,,,,,,,,,,,,,,,,,,,,,,
Blazing Steel (/Lotus/Upgrades/Mods/Archwing/Melee/ArchwingWeaponFireDamageMod),Shield-Hellion Dargyn (SpaceBattles/Skiffs/MissileShieldSkiff),,,,,,,,,,,,,,,,,,,,,,,,,,,,,,,,,,,,,,,,,,,,,,,,,,,,,,,,,,,,,,,,,,,,,,,,,,,,,,,
Bleeding Edge (/Lotus/Upgrades/Mods/Archwing/Melee/ArchwingMeleeCritDamageMod),Dargyn (SpaceBattles/Skiffs/GrineerSpaceMarine),Shield-Hellion Dargyn (SpaceBattles/Skiffs/MissileShieldSkiff),,,,,,,,,,,,,,,,,,,,,,,,,,,,,,,,,,,,,,,,,,,,,,,,,,,,,,,,,,,,,,,,,,,,,,,,,,,,,,
Bleeding Willow (/Lotus/Weapons/Tenno/Melee/MeleeTrees/PolearmCmbTwoMeleeTree),Corrupted Moa (OrokinMoaBiped),,,,,,,,,,,,,,,,,,,,,,,,,,,,,,,,,,,,,,,,,,,,,,,,,,,,,,,,,,,,,,,,,,,,,,,,,,,,,,,
Blind Justice (/Lotus/Weapons/Tenno/Melee/MeleeTrees/KatanaCmbThreeMeleeTree),스토커 (Stalker/Stalker),,,,,,,,,,,,,,,,,,,,,,,,,,,,,,,,,,,,,,,,,,,,,,,,,,,,,,,,,,,,,,,,,,,,,,,,,,,,,,,
Blind Rage (/Lotus/Upgrades/Mods/Warframe/DualStat/CorruptedPowerEfficiencyWarframe),,,,,,,,,,,,,,,,,,,,,,,,,,,,,,,,,,,,,,,,,,,,,,,,,,,,,,,,,,,,,,,,,,,,,,,,,,,,,,,,
Bright Purity (/Lotus/Upgrades/Mods/Syndicate/SkanaMod),,,,,,,,,,,,,,,,,,,,,,,,,,,,,,,,,,,,,,,,,,,,,,,,,,,,,,,,,,,,,,,,,,,,,,,,,,,,,,,,
Brutal Tide (/Lotus/Weapons/Tenno/Melee/MeleeTrees/PunchKickCmbTwoMeleeTree),Boiler (AiWeek/Ancients/SpawningAncient),Arcane Boiler (AiWeek/Ancients/SpawningAncientMiniboss),톡식 에인션트 (AiWeek/Ancients/ToxicAncient),,,,,,,,,,,,,,,,,,,,,,,,,,,,,,,,,,,,,,,,,,,,,,,,,,,,,,,,,,,,,,,,,,,,,,,,,,,,,
Burdened Magazine (/Lotus/Upgrades/Mods/Shotgun/DualStat/CorruptedMaxClipReloadSpeedShotgun),,,,,,,,,,,,,,,,,,,,,,,,,,,,,,,,,,,,,,,,,,,,,,,,,,,,,,,,,,,,,,,,,,,,,,,,,,,,,,,,
Burning Wasp (/Lotus/Weapons/Tenno/Melee/MeleeTrees/WhipCmbOneMeleeTree),Corrupted Butcher (OrokinBladeSawman),Corrupted Lancer (RifleLancer),,,,,,,,,,,,,,,,,,,,,,,,,,,,,,,,,,,,,,,,,,,,,,,,,,,,,,,,,,,,,,,,,,,,,,,,,,,,,,
Clashing Forest (/Lotus/Weapons/Tenno/Melee/MeleeTrees/StaffCmbOneMeleeTree),Corrupted Ancient (OrokinHealingAncient),,,,,,,,,,,,,,,,,,,,,,,,,,,,,,,,,,,,,,,,,,,,,,,,,,,,,,,,,,,,,,,,,,,,,,,,,,,,,,,
Cleaving Whirlwind (/Lotus/Weapons/Tenno/Melee/MeleeTrees/AxeCmbTwoMeleeTree),에인션트 디스럽터 (AiWeek/Ancients/Ancient),Tar-Mutalist Moa (AiWeek/InfestedMoas/SlowBombBiped),,,,,,,,,,,,,,,,,,,,,,,,,,,,,,,,,,,,,,,,,,,,,,,,,,,,,,,,,,,,,,,,,,,,,,,,,,,,,,
Coiling Viper (/Lotus/Weapons/Tenno/Melee/MeleeTrees/WhipCmbTwoMeleeTree),Corrupted Crewman (RifleSpaceman),,,,,,,,,,,,,,,,,,,,,,,,,,,,,,,,,,,,,,,,,,,,,,,,,,,,,,,,,,,,,,,,,,,,,,,,,,,,,,,
Combustion Rounds (/Lotus/Upgrades/Mods/Archwing/Rifle/ArchwingWeaponFireDamageMod),Dreg (SpaceBattles/Drones/GrineerSpaceDrone),,,,,,,,,,,,,,,,,,,,,,,,,,,,,,,,,,,,,,,,,,,,,,,,,,,,,,,,,,,,,,,,,,,,,,,,,,,,,,,
Common 퓨젼 코어 (/Lotus/Upgrades/Mods/Fusers/CommonModFuser),M.O.A (BipedRobot/AIWeek/LaserCannonBiped),레일건 M.O.A (BipedRobot/AIWeek/RailgunBiped),쇼크웨이브 M.O.A (BipedRobot/AIWeek/ShockwaveBiped),퓨젼 M.O.A (BipedRobot/AIWeek/SuperMoaBiped),Sapping Osprey (Drones/AIWeek/DiscDrone),리치 어스프레이 (Drones/AIWeek/LeechDrone),마인 어스프레이 (Drones/AIWeek/MineDrone),쉴드 어스프레이 (Drones/AIWeek/ShieldDrone),Oxium Osprey (Drones/AIWeek/SuicideDrone),드론 (Drones/DroneDroneAttack),Corpus Warden (Gamemodes/DeployableSpacemanWarden),Corpus Warden (Gamemodes/DeployableSpacemanWardenLeader),Lynx (QuadRobot/MiniBoss/QuadRobotMiniBoss),Lynx Osprey (QuadRobot/MiniBoss/ShieldDroneMiniBoss),Lynx Turret (QuadRobot/MiniBoss/TurretQuadMiniBoss),Corpus Power Carrier (Spaceman/AIWeek/CarrierSpaceman),코퍼스 테크 (Spaceman/AIWeek/DeployableSpaceman),프로드 크루맨 (Spaceman/AIWeek/MeleeSpaceman),크루맨 (Spaceman/AIWeek/RifleSpaceman),크루맨 (Spaceman/AIWeek/ShotgunSpaceman),Elite Crewman (Spaceman/EliteSpaceman),Drahk Master (AIWeek/BeastMaster),그리니어 쏘우맨 (AIWeek/BladeSawman),그리니어 플레임 블레이드 (AIWeek/BlowtorchSawman),Sensor Regulator (AIWeek/CameraDrone),Grineer Power Carrier (AIWeek/CarrierRifleLancer),Shock (AIWeek/DeltaProsecutorLeader),발리스타 (AIWeek/FemaleGrineer),그리니어 스코치 (AIWeek/FlameLancer),Guardsman (AIWeek/GrineerMeleeStaff),Shock (AIWeek/GrineerMeleeStaffLeader),그리니어 헤비 거너 (AIWeek/HeavyFemaleGrineer),Hellion Power Carrier (AIWeek/JetpackMarineCarrier),Sprag (AIWeek/JetpackMelee),Ven'kra Tel (AIWeek/JetpackSniper),그리니어 스콜피온 (AIWeek/MacheteWoman),그리니어 봄버드 (AIWeek/RocketBombard),그리니어 롤러 (AIWeek/RollingDrone),쉴드 랜서 (AIWeek/ShieldLancer),Arid Heavy Gunner (Desert/HeavyFemaleGrineerDesert),Grineer Warden (Gamemodes/WardenGrineerHeavy),Grineer Warden (Gamemodes/WardenGrineerHeavyLeader),Frontier Regulator (SpecialEvents/ForestDrone),Regulator (SpecialEvents/SurveillanceDrone),Vay Hek Terra Frame (Vip/Hek/HekBiped),Councilor Vay Hek (Vip/Hek/HekDrone),에인션트 힐러 (AiWeek/Ancients/HealingAncient),Boiler (AiWeek/Ancients/SpawningAncient),Arcane Boiler (AiWeek/Ancients/SpawningAncientMiniboss),톡식 에인션트 (AiWeek/Ancients/ToxicAncient),크롤러 (AiWeek/Crawlers/Crawler),노져스 크롤러 (AiWeek/Crawlers/GraspingCrawler),Lobber Crawler (AiWeek/Crawlers/Grenade),녹셔스 크롤러 (AiWeek/Crawlers/NoxiousCrawler),Mutalist-Osprey (AiWeek/InfestedDrones/PoisonDrone),Swarm-Mutalist Moa (AiWeek/InfestedMoas/NaniteCloudBiped),차져 (AiWeek/Quadrupeds/Quadruped),리퍼 (AiWeek/Runners/LeapingRunner),러너 (AiWeek/Runners/SuicideRunner),Corrupted Ancient (OrokinHealingAncient),Corrupted Moa (OrokinMoaBiped),Orokin Drone (OrokinShieldDrone),Corrupted Crewman (RifleSpaceman),Ranger (SpaceBattles/CrewMan/JetpackMarine),Quanta Ranger (SpaceBattles/CrewMan/JetpackMarineThree),Penta Ranger (SpaceBattles/CrewMan/JetpackMarineTwo),Locust Drone (SpaceBattles/Drones/SwarmDrone),Gox (SpaceBattles/Ships/CrpPod),Corvette (SpaceBattles/Ships/FlakShip),Frigate (SpaceBattles/Ships/LaserShip),Carrier (SpaceBattles/Ships/SwarmShip),드론 (SpaceBattles/CrpSpaceDroneAttack),Dreg (SpaceBattles/Drones/GrineerSpaceDrone),Lancer Dreg (SpaceBattles/Drones/LaserDrone),Temporal Dreg (SpaceBattles/Drones/StasisDrone),Ogma (SpaceBattles/Pods/CombatPod),Dargyn (SpaceBattles/Skiffs/GrineerSpaceMarine),Shield-Hellion Dargyn (SpaceBattles/Skiffs/MissileShieldSkiff),Hellion Dargyn (SpaceBattles/Skiffs/MissileSkiff),Shield Dargyn (SpaceBattles/Skiffs/ShieldSkiff)
Concussion Rounds (/Lotus/Upgrades/Mods/Pistol/WeaponImpactDamageMod),크루맨 (Spaceman/AIWeek/ShotgunSpaceman),러너 (AiWeek/Runners/SuicideRunner),,,,,,,,,,,,,,,,,,,,,,,,,,,,,,,,,,,,,,,,,,,,,,,,,,,,,,,,,,,,,,,,,,,,,,,,,,,,,,
Contagious Spread (/Lotus/Upgrades/Mods/Shotgun/WeaponToxinDamageMod),Scavenger Drone (Drones/AIWeek/VacDrone),Electric Crawler (AiWeek/Crawlers/Lightning),,,,,,,,,,,,,,,,,,,,,,,,,,,,,,,,,,,,,,,,,,,,,,,,,,,,,,,,,,,,,,,,,,,,,,,,,,,,,,
Continuous Misery (/Lotus/Upgrades/Mods/Rifle/WeaponProcTimeMod),Sprag (AIWeek/JetpackMelee),Ven'kra Tel (AIWeek/JetpackSniper),,,,,,,,,,,,,,,,,,,,,,,,,,,,,,,,,,,,,,,,,,,,,,,,,,,,,,,,,,,,,,,,,,,,,,,,,,,,,,
Coolant Leak (/Lotus/Types/Sentinels/SentinelPrecepts/CoolantLeak),Orokin Drone (OrokinShieldDrone),,,,,,,,,,,,,,,,,,,,,,,,,,,,,,,,,,,,,,,,,,,,,,,,,,,,,,,,,,,,,,,,,,,,,,,,,,,,,,,
Corrupt Charge (/Lotus/Upgrades/Mods/Melee/DualStat/CorruptedHeavyDamageChargeSpeedMod),,,,,,,,,,,,,,,,,,,,,,,,,,,,,,,,,,,,,,,,,,,,,,,,,,,,,,,,,,,,,,,,,,,,,,,,,,,,,,,,
Creeping Bullseye (/Lotus/Upgrades/Mods/Pistol/DualStat/CorruptedCritChanceFireRatePistol),,,,,,,,,,,,,,,,,,,,,,,,,,,,,,,,,,,,,,,,,,,,,,,,,,,,,,,,,,,,,,,,,,,,,,,,,,,,,,,,
Crimson Dervish (/Lotus/Weapons/Tenno/Melee/MeleeTrees/CrimsonDervishMeleeTree),그리니어 봄버드 (AIWeek/RocketBombard),,,,,,,,,,,,,,,,,,,,,,,,,,,,,,,,,,,,,,,,,,,,,,,,,,,,,,,,,,,,,,,,,,,,,,,,,,,,,,,
Critical Deceleration (/Lotus/Upgrades/Mods/Shotgun/DualStat/CorruptedCritChanceFireRateShotgun),,,,,,,,,,,,,,,,,,,,,,,,,,,,,,,,,,,,,,,,,,,,,,,,,,,,,,,,,,,,,,,,,,,,,,,,,,,,,,,,
Critical Delay (/Lotus/Upgrades/Mods/Rifle/DualStat/CorruptedCritRateFireRateRifle),,,,,,,,,,,,,,,,,,,,,,,,,,,,,,,,,,,,,,,,,,,,,,,,,,,,,,,,,,,,,,,,,,,,,,,,,,,,,,,,
Crossing Snakes (/Lotus/Weapons/Tenno/Melee/MeleeTrees/DualSwordCmbTwoMeleeTree),엘리트 그리니어 랜서 (AIWeek/EliteRifleLancer),Elite Arid Lancer (Desert/EliteRifleLancer),Elite Frontier Lancer (Forest/EliteRifleLancer),,,,,,,,,,,,,,,,,,,,,,,,,,,,,,,,,,,,,,,,,,,,,,,,,,,,,,,,,,,,,,,,,,,,,,,,,,,,,
Crushing Ruin (/Lotus/Weapons/Tenno/Melee/MeleeTrees/HammerCmbTwoMeleeTree),Arid Seeker (Desert/GrineerMarinePistol),Frontier Seeker (Forest/GrineerMarinePistol),그리니어 씨커 (GrineerMarinePistol),,,,,,,,,,,,,,,,,,,,,,,,,,,,,,,,,,,,,,,,,,,,,,,,,,,,,,,,,,,,,,,,,,,,,,,,,,,,,
Curative Undertow (/Lotus/Powersuits/Pirate/LiquifyAugmentCard),,,,,,,,,,,,,,,,,,,,,,,,,,,,,,,,,,,,,,,,,,,,,,,,,,,,,,,,,,,,,,,,,,,,,,,,,,,,,,,,
Cutting Edge (/Lotus/Upgrades/Mods/Archwing/Melee/ArchwingMeleeDamageMod),Ranger (SpaceBattles/CrewMan/JetpackMarine),Quanta Ranger (SpaceBattles/CrewMan/JetpackMarineThree),Penta Ranger (SpaceBattles/CrewMan/JetpackMarineTwo),Frigate (SpaceBattles/Ships/LaserShip),Dreg (SpaceBattles/Drones/GrineerSpaceDrone),Ogma (SpaceBattles/Pods/CombatPod),,,,,,,,,,,,,,,,,,,,,,,,,,,,,,,,,,,,,,,,,,,,,,,,,,,,,,,,,,,,,,,,,,,,,,,,,,
Deadly Sequence (/Lotus/Upgrades/Mods/Syndicate/GrinlokMod),,,,,,,,,,,,,,,,,,,,,,,,,,,,,,,,,,,,,,,,,,,,,,,,,,,,,,,,,,,,,,,,,,,,,,,,,,,,,,,,
Decisive Judgement (/Lotus/Weapons/Tenno/Melee/MeleeTrees/KatanaCmbTwoMeleeTree),그리니어 헤비 거너 (AIWeek/HeavyFemaleGrineer),Arid Heavy Gunner (Desert/HeavyFemaleGrineerDesert),Grineer Warden (Gamemodes/WardenGrineerHeavy),Grineer Warden (Gamemodes/WardenGrineerHeavyLeader),Infested Mesa (TennoReplicants/TennoReplicantGunslinger),,,,,,,,,,,,,,,,,,,,,,,,,,,,,,,,,,,,,,,,,,,,,,,,,,,,,,,,,,,,,,,,,,,,,,,,,,,
Despoil (/Lotus/Powersuits/Necro/SearchTheDeadAugmentCard),,,,,,,,,,,,,,,,,,,,,,,,,,,,,,,,,,,,,,,,,,,,,,,,,,,,,,,,,,,,,,,,,,,,,,,,,,,,,,,,
Dig (/Lotus/Types/Friendly/Pets/KubrowPetPrecepts/KubrowDigPrecept),Drahk (AIWeek/CombatKubrow),Kubrow (/Lotus/Types/NeutralCreatures/Kubrow/Kubrow),,,,,,,,,,,,,,,,,,,,,,,,,,,,,,,,,,,,,,,,,,,,,,,,,,,,,,,,,,,,,,,,,,,,,,,,,,,,,,
Disruptor (/Lotus/Upgrades/Mods/Shotgun/WeaponImpactDamageMod),그리니어 에비서레이터 (AIWeek/EviseratorLancer),그리니어 트루퍼 (AIWeek/ShotgunLancer),Arid Eviscerator (Desert/EvisceratorLancer),Arid Trooper (Desert/ShotgunLancer),Frontier Eviscerator (Forest/EvisceratorLancer),Frontier Trooper (Forest/ShotgunLancer),,,,,,,,,,,,,,,,,,,,,,,,,,,,,,,,,,,,,,,,,,,,,,,,,,,,,,,,,,,,,,,,,,,,,,,,,,
Divebomb Vortex (/Lotus/Powersuits/Tengu/DiveBombAugmentCard),,,,,,,,,,,,,,,,,,,,,,,,,,,,,,,,,,,,,,,,,,,,,,,,,,,,,,,,,,,,,,,,,,,,,,,,,,,,,,,,
Dual Rounds (/Lotus/Upgrades/Mods/Archwing/Rifle/ArchwingRifleFireIterationsMod),Ogma (SpaceBattles/Pods/CombatPod),Shield-Hellion Dargyn (SpaceBattles/Skiffs/MissileShieldSkiff),,,,,,,,,,,,,,,,,,,,,,,,,,,,,,,,,,,,,,,,,,,,,,,,,,,,,,,,,,,,,,,,,,,,,,,,,,,,,,
Efficient Transferral (/Lotus/Upgrades/Mods/Archwing/Suit/ArchwingSuitAbilityDurationMod),드론 (SpaceBattles/CrpSpaceDroneAttack),Dargyn (SpaceBattles/Skiffs/GrineerSpaceMarine),,,,,,,,,,,,,,,,,,,,,,,,,,,,,,,,,,,,,,,,,,,,,,,,,,,,,,,,,,,,,,,,,,,,,,,,,,,,,,
Electrified Barrel (/Lotus/Upgrades/Mods/Archwing/Rifle/ArchwingWeaponElectricityDamageMod),Lancer Dreg (SpaceBattles/Drones/LaserDrone),,,,,,,,,,,,,,,,,,,,,,,,,,,,,,,,,,,,,,,,,,,,,,,,,,,,,,,,,,,,,,,,,,,,,,,,,,,,,,,
Eleventh Storm (/Lotus/Weapons/Tenno/Melee/MeleeTrees/SwordShieldCmbOneMeleeTree),,,,,,,,,,,,,,,,,,,,,,,,,,,,,,,,,,,,,,,,,,,,,,,,,,,,,,,,,,,,,,,,,,,,,,,,,,,,,,,,
Enduring Strike (/Lotus/Upgrades/Mods/Melee/Channel/ChannelStatusMod),,,,,,,,,,,,,,,,,,,,,,,,,,,,,,,,,,,,,,,,,,,,,,,,,,,,,,,,,,,,,,,,,,,,,,,,,,,,,,,,
Energy Amplifier (/Lotus/Upgrades/Mods/Archwing/Suit/ArchwingSuitAbilityRangeMod),Lancer Dreg (SpaceBattles/Drones/LaserDrone),Shield-Hellion Dargyn (SpaceBattles/Skiffs/MissileShieldSkiff),,,,,,,,,,,,,,,,,,,,,,,,,,,,,,,,,,,,,,,,,,,,,,,,,,,,,,,,,,,,,,,,,,,,,,,,,,,,,,
Energy Inversion (/Lotus/Upgrades/Mods/Archwing/Suit/ArchwingSuitShieldMaxMod),Shield Dargyn (SpaceBattles/Skiffs/ShieldSkiff),,,,,,,,,,,,,,,,,,,,,,,,,,,,,,,,,,,,,,,,,,,,,,,,,,,,,,,,,,,,,,,,,,,,,,,,,,,,,,,
Enhanced Durability (/Lotus/Upgrades/Mods/Archwing/Suit/ArchwingSuitHealthMaxMod),Gox (SpaceBattles/Ships/CrpPod),Corvette (SpaceBattles/Ships/FlakShip),,,,,,,,,,,,,,,,,,,,,,,,,,,,,,,,,,,,,,,,,,,,,,,,,,,,,,,,,,,,,,,,,,,,,,,,,,,,,,
Entropy Burst (/Lotus/Upgrades/Mods/Syndicate/SupraMod),,,,,,,,,,,,,,,,,,,,,,,,,,,,,,,,,,,,,,,,,,,,,,,,,,,,,,,,,,,,,,,,,,,,,,,,,,,,,,,,
Entropy Flight (/Lotus/Upgrades/Mods/Syndicate/KestrelMod),,,,,,,,,,,,,,,,,,,,,,,,,,,,,,,,,,,,,,,,,,,,,,,,,,,,,,,,,,,,,,,,,,,,,,,,,,,,,,,,
Entropy Spike (/Lotus/Upgrades/Mods/Syndicate/BoltoMod),,,,,,,,,,,,,,,,,,,,,,,,,,,,,,,,,,,,,,,,,,,,,,,,,,,,,,,,,,,,,,,,,,,,,,,,,,,,,,,,
Equilibrium (/Lotus/Upgrades/Mods/Warframe/AvatarPickupBonusMod),,,,,,,,,,,,,,,,,,,,,,,,,,,,,,,,,,,,,,,,,,,,,,,,,,,,,,,,,,,,,,,,,,,,,,,,,,,,,,,,
Eroding Blight (/Lotus/Upgrades/Mods/Syndicate/EmbolistMod),,,,,,,,,,,,,,,,,,,,,,,,,,,,,,,,,,,,,,,,,,,,,,,,,,,,,,,,,,,,,,,,,,,,,,,,,,,,,,,,
Extend (/Lotus/Upgrades/Mods/Archwing/Melee/ArchwingMeleeRangeIncMod),드론 (SpaceBattles/CrpSpaceDroneAttack),Lancer Dreg (SpaceBattles/Drones/LaserDrone),Temporal Dreg (SpaceBattles/Drones/StasisDrone),Hellion Dargyn (SpaceBattles/Skiffs/MissileSkiff),,,,,,,,,,,,,,,,,,,,,,,,,,,,,,,,,,,,,,,,,,,,,,,,,,,,,,,,,,,,,,,,,,,,,,,,,,,,
Fast Deflection (/Lotus/Upgrades/Mods/Sentinel/Kubrow/KubrowShieldRechargeRateMod),Drahk (AIWeek/CombatKubrow),Kubrow (/Lotus/Types/NeutralCreatures/Kubrow/Kubrow),,,,,,,,,,,,,,,,,,,,,,,,,,,,,,,,,,,,,,,,,,,,,,,,,,,,,,,,,,,,,,,,,,,,,,,,,,,,,,
Fatal Acceleration (/Lotus/Upgrades/Mods/Shotgun/WeaponProjectileSpeedMod),리퍼 (AiWeek/Runners/LeapingRunner),,,,,,,,,,,,,,,,,,,,,,,,,,,,,,,,,,,,,,,,,,,,,,,,,,,,,,,,,,,,,,,,,,,,,,,,,,,,,,,
Fatal Attraction (/Lotus/Types/Sentinels/SentinelPrecepts/Bait),Corrupted Moa (OrokinMoaBiped),,,,,,,,,,,,,,,,,,,,,,,,,,,,,,,,,,,,,,,,,,,,,,,,,,,,,,,,,,,,,,,,,,,,,,,,,,,,,,,
Ferocity (/Lotus/Upgrades/Mods/Sentinel/Kubrow/KubrowFinisherMod),Drahk (AIWeek/CombatKubrow),Kubrow (/Lotus/Types/NeutralCreatures/Kubrow/Kubrow),,,,,,,,,,,,,,,,,,,,,,,,,,,,,,,,,,,,,,,,,,,,,,,,,,,,,,,,,,,,,,,,,,,,,,,,,,,,,,
Fever Strike (/Lotus/Upgrades/Mods/Melee/WeaponToxinDamageMod),Arid Butcher (Desert/BladeSawman),Frontier Butcher (Forest/BladeSawman),,,,,,,,,,,,,,,,,,,,,,,,,,,,,,,,,,,,,,,,,,,,,,,,,,,,,,,,,,,,,,,,,,,,,,,,,,,,,,
Finishing Touch (/Lotus/Upgrades/Mods/Melee/WeaponMeleeFinisherDamageMod),Corrupted Butcher (OrokinBladeSawman),Corrupted Lancer (RifleLancer),,,,,,,,,,,,,,,,,,,,,,,,,,,,,,,,,,,,,,,,,,,,,,,,,,,,,,,,,,,,,,,,,,,,,,,,,,,,,,
Fire Fright (/Lotus/Powersuits/Ember/FireBlastAugmentCard),,,,,,,,,,,,,,,,,,,,,,,,,,,,,,,,,,,,,,,,,,,,,,,,,,,,,,,,,,,,,,,,,,,,,,,,,,,,,,,,
Fireball Frenzy (/Lotus/Powersuits/Ember/FireBallAugmentCard),,,,,,,,,,,,,,,,,,,,,,,,,,,,,,,,,,,,,,,,,,,,,,,,,,,,,,,,,,,,,,,,,,,,,,,,,,,,,,,,
Fired Up (/Lotus/Upgrades/Mods/Sentinel/SentinelOverheatDamageMod),Orokin Drone (OrokinShieldDrone),Corrupted Crewman (RifleSpaceman),,,,,,,,,,,,,,,,,,,,,,,,,,,,,,,,,,,,,,,,,,,,,,,,,,,,,,,,,,,,,,,,,,,,,,,,,,,,,,
Firestorm (/Lotus/Upgrades/Mods/Rifle/WeaponIncreaseRadialExplosionMod),Boiler (AiWeek/Ancients/SpawningAncient),Arcane Boiler (AiWeek/Ancients/SpawningAncientMiniboss),톡식 에인션트 (AiWeek/Ancients/ToxicAncient),,,,,,,,,,,,,,,,,,,,,,,,,,,,,,,,,,,,,,,,,,,,,,,,,,,,,,,,,,,,,,,,,,,,,,,,,,,,,
Flailing Branch (/Lotus/Weapons/Tenno/Melee/MeleeTrees/StaffCmbTwoMeleeTree),Corrupted Heavy Gunner (OrokinHeavyFemale),Corrupted Nullifier (OrokinNullifySpaceman),Corrupted Bombard (OrokinRocketBombard),,,,,,,,,,,,,,,,,,,,,,,,,,,,,,,,,,,,,,,,,,,,,,,,,,,,,,,,,,,,,,,,,,,,,,,,,,,,,
Fleeting Expertise (/Lotus/Upgrades/Mods/Warframe/DualStat/CorruptedEfficiencyDurationWarframe),,,,,,,,,,,,,,,,,,,,,,,,,,,,,,,,,,,,,,,,,,,,,,,,,,,,,,,,,,,,,,,,,,,,,,,,,,,,,,,,
Fracturing Wind (/Lotus/Weapons/Tenno/Melee/MeleeTrees/FistCmbOneMeleeTree),차져 (AiWeek/Quadrupeds/Quadruped),,,,,,,,,,,,,,,,,,,,,,,,,,,,,,,,,,,,,,,,,,,,,,,,,,,,,,,,,,,,,,,,,,,,,,,,,,,,,,,
Frail Momentum (/Lotus/Upgrades/Mods/Shotgun/DualStat/CorruptedFireRateDamageShotgun),,,,,,,,,,,,,,,,,,,,,,,,,,,,,,,,,,,,,,,,,,,,,,,,,,,,,,,,,,,,,,,,,,,,,,,,,,,,,,,,
Freeze Force (/Lotus/Powersuits/Frost/IcicleAugmentCard),,,,,,,,,,,,,,,,,,,,,,,,,,,,,,,,,,,,,,,,,,,,,,,,,,,,,,,,,,,,,,,,,,,,,,,,,,,,,,,,
Frigid Blast (/Lotus/Upgrades/Mods/Shotgun/DualStat/IceEventShotgunMod),,,,,,,,,,,,,,,,,,,,,,,,,,,,,,,,,,,,,,,,,,,,,,,,,,,,,,,,,,,,,,,,,,,,,,,,,,,,,,,,
Frostbite (/Lotus/Upgrades/Mods/Pistol/DualStat/IceEventPistolMod),,,,,,,,,,,,,,,,,,,,,,,,,,,,,,,,,,,,,,,,,,,,,,,,,,,,,,,,,,,,,,,,,,,,,,,,,,,,,,,,
Furious Javelin (/Lotus/Powersuits/Excalibur/RadialJavelinAugmentCard),,,,,,,,,,,,,,,,,,,,,,,,,,,,,,,,,,,,,,,,,,,,,,,,,,,,,,,,,,,,,,,,,,,,,,,,,,,,,,,,
Furor (/Lotus/Upgrades/Mods/Archwing/Melee/ArchwingMeleeFireRateMod),Gox (SpaceBattles/Ships/CrpPod),Corvette (SpaceBattles/Ships/FlakShip),Carrier (SpaceBattles/Ships/SwarmShip),Shield Dargyn (SpaceBattles/Skiffs/ShieldSkiff),,,,,,,,,,,,,,,,,,,,,,,,,,,,,,,,,,,,,,,,,,,,,,,,,,,,,,,,,,,,,,,,,,,,,,,,,,,,
Galvanized Blade (/Lotus/Upgrades/Mods/Archwing/Melee/ArchwingWeaponElectricityDamageMod),Shield Dargyn (SpaceBattles/Skiffs/ShieldSkiff),,,,,,,,,,,,,,,,,,,,,,,,,,,,,,,,,,,,,,,,,,,,,,,,,,,,,,,,,,,,,,,,,,,,,,,,,,,,,,,
Gemini Cross (/Lotus/Weapons/Tenno/Melee/MeleeTrees/TonfaCmbOneMeleeTree),Corrupted Moa (OrokinMoaBiped),,,,,,,,,,,,,,,,,,,,,,,,,,,,,,,,,,,,,,,,,,,,,,,,,,,,,,,,,,,,,,,,,,,,,,,,,,,,,,,
Gilded Truth (/Lotus/Upgrades/Mods/Syndicate/BurstonPrimeMod),,,,,,,,,,,,,,,,,,,,,,,,,,,,,,,,,,,,,,,,,,,,,,,,,,,,,,,,,,,,,,,,,,,,,,,,,,,,,,,,
Glacial Edge (/Lotus/Upgrades/Mods/Archwing/Melee/ArchwingWeaponFreezeDamageMod),Dargyn (SpaceBattles/Skiffs/GrineerSpaceMarine),,,,,,,,,,,,,,,,,,,,,,,,,,,,,,,,,,,,,,,,,,,,,,,,,,,,,,,,,,,,,,,,,,,,,,,,,,,,,,,
Glaive Reflection (/Lotus/Upgrades/Mods/Melee/WeaponGlaiveReflectionDecreaseMod),J3 Golem (Vip/GolemFull),Corrupted Crewman (RifleSpaceman),,,,,,,,,,,,,,,,,,,,,,,,,,,,,,,,,,,,,,,,,,,,,,,,,,,,,,,,,,,,,,,,,,,,,,,,,,,,,,
Glaive Refraction (/Lotus/Upgrades/Mods/Melee/WeaponGlaiveReflectionIncreaseMod),J3 Golem (Vip/GolemFull),,,,,,,,,,,,,,,,,,,,,,,,,,,,,,,,,,,,,,,,,,,,,,,,,,,,,,,,,,,,,,,,,,,,,,,,,,,,,,,
Gleaming Blight (/Lotus/Upgrades/Mods/Syndicate/DarkDaggerMod),,,,,,,,,,,,,,,,,,,,,,,,,,,,,,,,,,,,,,,,,,,,,,,,,,,,,,,,,,,,,,,,,,,,,,,,,,,,,,,,
Gleaming Talon (/Lotus/Weapons/Tenno/Melee/MeleeTrees/GlaiveCmbOneMeleeTree),Sapping Osprey (Drones/AIWeek/DiscDrone),리치 어스프레이 (Drones/AIWeek/LeechDrone),,,,,,,,,,,,,,,,,,,,,,,,,,,,,,,,,,,,,,,,,,,,,,,,,,,,,,,,,,,,,,,,,,,,,,,,,,,,,,
Gnashing Payara (/Lotus/Weapons/Tenno/Melee/MeleeTrees/DualDaggerCmbTwoMeleeTree),Elite Crewman (Spaceman/EliteSpaceman),,,,,,,,,,,,,,,,,,,,,,,,,,,,,,,,,,,,,,,,,,,,,,,,,,,,,,,,,,,,,,,,,,,,,,,,,,,,,,,
Greedy Pull (/Lotus/Powersuits/Mag/PullAugmentCard),,,,,,,,,,,,,,,,,,,,,,,,,,,,,,,,,,,,,,,,,,,,,,,,,,,,,,,,,,,,,,,,,,,,,,,,,,,,,,,,
Grim Fury (/Lotus/Weapons/Tenno/Melee/MeleeTrees/PunchKickCmbOneMeleeTree),그리니어 파워 피스트 (AIWeek/PistonSawman),,,,,,,,,,,,,,,,,,,,,,,,,,,,,,,,,,,,,,,,,,,,,,,,,,,,,,,,,,,,,,,,,,,,,,,,,,,,,,,
Hall Of Malevolence (/Lotus/Powersuits/Harlequin/IllusionAugmentCard),,,,,,,,,,,,,,,,,,,,,,,,,,,,,,,,,,,,,,,,,,,,,,,,,,,,,,,,,,,,,,,,,,,,,,,,,,,,,,,,
Hallowed Eruption (/Lotus/Powersuits/Paladin/StairwayToHeavenAugmentCard),,,,,,,,,,,,,,,,,,,,,,,,,,,,,,,,,,,,,,,,,,,,,,,,,,,,,,,,,,,,,,,,,,,,,,,,,,,,,,,,
Haven (/Lotus/Powersuits/Magician/BanishAugmentCard),,,,,,,,,,,,,,,,,,,,,,,,,,,,,,,,,,,,,,,,,,,,,,,,,,,,,,,,,,,,,,,,,,,,,,,,,,,,,,,,
Heavy Caliber (/Lotus/Upgrades/Mods/Rifle/DualStat/CorruptedDamageRecoilRifle),,,,,,,,,,,,,,,,,,,,,,,,,,,,,,,,,,,,,,,,,,,,,,,,,,,,,,,,,,,,,,,,,,,,,,,,,,,,,,,,
Heavy Trauma (/Lotus/Upgrades/Mods/Melee/WeaponImpactDamageMod),Hellion (AIWeek/JetpackMarine),그리니어 랜서 (AIWeek/RifleLancer),Arid Hellion (Desert/JetpackMarine),Arid Lancer (Desert/RifleLancer),Frontier Hellion (Forest/JetpackMarine),Frontier Lancer (Forest/RifleLancer),Frontier Heavy Gunner (Forest/HeavyFemaleGrineerDesert),,,,,,,,,,,,,,,,,,,,,,,,,,,,,,,,,,,,,,,,,,,,,,,,,,,,,,,,,,,,,,,,,,,,,,,,,
High Noon (/Lotus/Weapons/Tenno/Melee/MeleeTrees/GunbladeCmbOneMeleeTree),Brood Mother (AiWeek/Ancients/DiseasedAncient),,,,,,,,,,,,,,,,,,,,,,,,,,,,,,,,,,,,,,,,,,,,,,,,,,,,,,,,,,,,,,,,,,,,,,,,,,,,,,,
Hollow Point (/Lotus/Upgrades/Mods/Pistol/DualStat/CorruptedCritDamagePistol),,,,,,,,,,,,,,,,,,,,,,,,,,,,,,,,,,,,,,,,,,,,,,,,,,,,,,,,,,,,,,,,,,,,,,,,,,,,,,,,
Hollowed Bullets (/Lotus/Upgrades/Mods/Archwing/Rifle/ArchwingRifleCritDamageMod),Ranger (SpaceBattles/CrewMan/JetpackMarine),Quanta Ranger (SpaceBattles/CrewMan/JetpackMarineThree),Penta Ranger (SpaceBattles/CrewMan/JetpackMarineTwo),Frigate (SpaceBattles/Ships/LaserShip),,,,,,,,,,,,,,,,,,,,,,,,,,,,,,,,,,,,,,,,,,,,,,,,,,,,,,,,,,,,,,,,,,,,,,,,,,,,
Homing Fang (/Lotus/Weapons/Tenno/Melee/MeleeTrees/DaggerCmbOneMeleeTree),노져스 크롤러 (AiWeek/Crawlers/GraspingCrawler),,,,,,,,,,,,,,,,,,,,,,,,,,,,,,,,,,,,,,,,,,,,,,,,,,,,,,,,,,,,,,,,,,,,,,,,,,,,,,,
Howl (/Lotus/Types/Friendly/Pets/KubrowPetPrecepts/KubrowFearPrecept),Drahk (AIWeek/CombatKubrow),Kubrow (/Lotus/Types/NeutralCreatures/Kubrow/Kubrow),,,,,,,,,,,,,,,,,,,,,,,,,,,,,,,,,,,,,,,,,,,,,,,,,,,,,,,,,,,,,,,,,,,,,,,,,,,,,,
Hunt (/Lotus/Types/Friendly/Pets/KubrowPetPrecepts/KubrowChargePrecept),Drahk (AIWeek/CombatKubrow),Kubrow (/Lotus/Types/NeutralCreatures/Kubrow/Kubrow),,,,,,,,,,,,,,,,,,,,,,,,,,,,,,,,,,,,,,,,,,,,,,,,,,,,,,,,,,,,,,,,,,,,,,,,,,,,,,
Hush (/Lotus/Upgrades/Mods/Rifle/WeaponNoiseReductionMod),Orokin Drone (OrokinShieldDrone),,,,,,,,,,,,,,,,,,,,,,,,,,,,,,,,,,,,,,,,,,,,,,,,,,,,,,,,,,,,,,,,,,,,,,,,,,,,,,,
Hyperion Thrusters (/Lotus/Upgrades/Mods/Archwing/Suit/ArchwingSuitSprintSpeedMod),Locust Drone (SpaceBattles/Drones/SwarmDrone),,,,,,,,,,,,,,,,,,,,,,,,,,,,,,,,,,,,,,,,,,,,,,,,,,,,,,,,,,,,,,,,,,,,,,,,,,,,,,,
Ice Wave Impedance (/Lotus/Powersuits/Frost/IceSpikeAugmentCard),,,,,,,,,,,,,,,,,,,,,,,,,,,,,,,,,,,,,,,,,,,,,,,,,,,,,,,,,,,,,,,,,,,,,,,,,,,,,,,,
Infected Clip (/Lotus/Upgrades/Mods/Rifle/WeaponToxinDamageMod),크루맨 (Spaceman/AIWeek/ShotgunSpaceman),Elite Crewman (Spaceman/EliteSpaceman),Corrupted Butcher (OrokinBladeSawman),Corrupted Lancer (RifleLancer),,,,,,,,,,,,,,,,,,,,,,,,,,,,,,,,,,,,,,,,,,,,,,,,,,,,,,,,,,,,,,,,,,,,,,,,,,,,
Intruder (/Lotus/Upgrades/Mods/Warframe/AvatarTimeLimitIncreaseMod),Corrupted Heavy Gunner (OrokinHeavyFemale),Corrupted Nullifier (OrokinNullifySpaceman),Corrupted Bombard (OrokinRocketBombard),,,,,,,,,,,,,,,,,,,,,,,,,,,,,,,,,,,,,,,,,,,,,,,,,,,,,,,,,,,,,,,,,,,,,,,,,,,,,
Iron Phoenix (/Lotus/Weapons/Tenno/Melee/MeleeTrees/IronPhoenixMeleeTree),Hellion (AIWeek/JetpackMarine),그리니어 랜서 (AIWeek/RifleLancer),Arid Hellion (Desert/JetpackMarine),Arid Lancer (Desert/RifleLancer),Frontier Hellion (Forest/JetpackMarine),Frontier Lancer (Forest/RifleLancer),Frontier Heavy Gunner (Forest/HeavyFemaleGrineerDesert),,,,,,,,,,,,,,,,,,,,,,,,,,,,,,,,,,,,,,,,,,,,,,,,,,,,,,,,,,,,,,,,,,,,,,,,,
Iron Shrapnel (/Lotus/Powersuits/Rhino/IronSkinAugmentCard),,,,,,,,,,,,,,,,,,,,,,,,,,,,,,,,,,,,,,,,,,,,,,,,,,,,,,,,,,,,,,,,,,,,,,,,,,,,,,,,
Ironclad Charge (/Lotus/Powersuits/Rhino/RhinoChargeAugmentCard),,,,,,,,,,,,,,,,,,,,,,,,,,,,,,,,,,,,,,,,,,,,,,,,,,,,,,,,,,,,,,,,,,,,,,,,,,,,,,,,
Irradiating Disarm (/Lotus/Powersuits/Loki/DisarmAugmentCard),,,,,,,,,,,,,,,,,,,,,,,,,,,,,,,,,,,,,,,,,,,,,,,,,,,,,,,,,,,,,,,,,,,,,,,,,,,,,,,,
Jagged Edge (/Lotus/Upgrades/Mods/Melee/WeaponSlashDamageMod),Elite Crewman (Spaceman/EliteSpaceman),,,,,,,,,,,,,,,,,,,,,,,,,,,,,,,,,,,,,,,,,,,,,,,,,,,,,,,,,,,,,,,,,,,,,,,,,,,,,,,
Jet Stream (/Lotus/Powersuits/Tengu/TurbulenceAugmentCard),,,,,,,,,,,,,,,,,,,,,,,,,,,,,,,,,,,,,,,,,,,,,,,,,,,,,,,,,,,,,,,,,,,,,,,,,,,,,,,,
Justice Blades (/Lotus/Upgrades/Mods/Syndicate/DualCleaversMod),,,,,,,,,,,,,,,,,,,,,,,,,,,,,,,,,,,,,,,,,,,,,,,,,,,,,,,,,,,,,,,,,,,,,,,,,,,,,,,,
Lasting Purity (/Lotus/Upgrades/Mods/Syndicate/VulkarMod),,,,,,,,,,,,,,,,,,,,,,,,,,,,,,,,,,,,,,,,,,,,,,,,,,,,,,,,,,,,,,,,,,,,,,,,,,,,,,,,
Lasting Sting (/Lotus/Upgrades/Mods/Melee/WeaponProcTimeMod),에인션트 디스럽터 (AiWeek/Ancients/Ancient),Brood Mother (AiWeek/Ancients/DiseasedAncient),Tar-Mutalist Moa (AiWeek/InfestedMoas/SlowBombBiped),,,,,,,,,,,,,,,,,,,,,,,,,,,,,,,,,,,,,,,,,,,,,,,,,,,,,,,,,,,,,,,,,,,,,,,,,,,,,
Lethal Momentum (/Lotus/Upgrades/Mods/Pistol/WeaponProjectileSpeedMod),Tyl Regor (Vip/NinjaLeader),,,,,,,,,,,,,,,,,,,,,,,,,,,,,,,,,,,,,,,,,,,,,,,,,,,,,,,,,,,,,,,,,,,,,,,,,,,,,,,
Lethal Torrent (/Lotus/Upgrades/Mods/Pistol/DualStat/GrinderMod),,,,,,,,,,,,,,,,,,,,,,,,,,,,,,,,,,,,,,,,,,,,,,,,,,,,,,,,,,,,,,,,,,,,,,,,,,,,,,,,
Life Strike (/Lotus/Upgrades/Mods/Melee/Channel/ChannelVampireMod),,,,,,,,,,,,,,,,,,,,,,,,,,,,,,,,,,,,,,,,,,,,,,,,,,,,,,,,,,,,,,,,,,,,,,,,,,,,,,,,
Lingering Torment (/Lotus/Upgrades/Mods/Shotgun/WeaponProcTimeMod),그리니어 에비서레이터 (AIWeek/EviseratorLancer),그리니어 트루퍼 (AIWeek/ShotgunLancer),Arid Eviscerator (Desert/EvisceratorLancer),Arid Trooper (Desert/ShotgunLancer),Frontier Eviscerator (Forest/EvisceratorLancer),Frontier Trooper (Forest/ShotgunLancer),,,,,,,,,,,,,,,,,,,,,,,,,,,,,,,,,,,,,,,,,,,,,,,,,,,,,,,,,,,,,,,,,,,,,,,,,,
Link Armor (/Lotus/Upgrades/Mods/Sentinel/Kubrow/KubrowLinkArmourMaxMod),Drahk (AIWeek/CombatKubrow),Kubrow (/Lotus/Types/NeutralCreatures/Kubrow/Kubrow),,,,,,,,,,,,,,,,,,,,,,,,,,,,,,,,,,,,,,,,,,,,,,,,,,,,,,,,,,,,,,,,,,,,,,,,,,,,,,
Link Health (/Lotus/Upgrades/Mods/Sentinel/Kubrow/KubrowLinkHealthMaxMod),Drahk (AIWeek/CombatKubrow),Kubrow (/Lotus/Types/NeutralCreatures/Kubrow/Kubrow),,,,,,,,,,,,,,,,,,,,,,,,,,,,,,,,,,,,,,,,,,,,,,,,,,,,,,,,,,,,,,,,,,,,,,,,,,,,,,
Link Shields (/Lotus/Upgrades/Mods/Sentinel/Kubrow/KubrowLinkShieldMaxMod),Drahk (AIWeek/CombatKubrow),Kubrow (/Lotus/Types/NeutralCreatures/Kubrow/Kubrow),,,,,,,,,,,,,,,,,,,,,,,,,,,,,,,,,,,,,,,,,,,,,,,,,,,,,,,,,,,,,,,,,,,,,,,,,,,,,,
Loyal Companion (/Lotus/Upgrades/Mods/Sentinel/Kubrow/KubrowMasterBleedoutMod),Drahk (AIWeek/CombatKubrow),Kubrow (/Lotus/Types/NeutralCreatures/Kubrow/Kubrow),,,,,,,,,,,,,,,,,,,,,,,,,,,,,,,,,,,,,,,,,,,,,,,,,,,,,,,,,,,,,,,,,,,,,,,,,,,,,,
Magazine Extension (/Lotus/Upgrades/Mods/Archwing/Rifle/ArchwingRifleClipMaxMod),드론 (SpaceBattles/CrpSpaceDroneAttack),Dargyn (SpaceBattles/Skiffs/GrineerSpaceMarine),,,,,,,,,,,,,,,,,,,,,,,,,,,,,,,,,,,,,,,,,,,,,,,,,,,,,,,,,,,,,,,,,,,,,,,,,,,,,,
Maglev (/Lotus/Upgrades/Mods/Warframe/AvatarSlideBoostMod),Corrupted Ancient (OrokinHealingAncient),,,,,,,,,,,,,,,,,,,,,,,,,,,,,,,,,,,,,,,,,,,,,,,,,,,,,,,,,,,,,,,,,,,,,,,,,,,,,,,
Magnum Force (/Lotus/Upgrades/Mods/Pistol/DualStat/CorruptedDamageRecoilPistol),,,,,,,,,,,,,,,,,,,,,,,,,,,,,,,,,,,,,,,,,,,,,,,,,,,,,,,,,,,,,,,,,,,,,,,,,,,,,,,,
Malicious Raptor (/Lotus/Weapons/Tenno/Melee/MeleeTrees/ClawCmbOneMeleeTree),그리니어 파워 피스트 (AIWeek/PistonSawman),,,,,,,,,,,,,,,,,,,,,,,,,,,,,,,,,,,,,,,,,,,,,,,,,,,,,,,,,,,,,,,,,,,,,,,,,,,,,,,
Malignant Force (/Lotus/Upgrades/Mods/Rifle/DualStat/PoisonEventRifleMod),Vor (Vip/VorTwo/VorTwoBoss),,,,,,,,,,,,,,,,,,,,,,,,,,,,,,,,,,,,,,,,,,,,,,,,,,,,,,,,,,,,,,,,,,,,,,,,,,,,,,,
Maul (/Lotus/Upgrades/Mods/Sentinel/Kubrow/KubrowMeleeDamageMod),Drahk (AIWeek/CombatKubrow),Kubrow (/Lotus/Types/NeutralCreatures/Kubrow/Kubrow),,,,,,,,,,,,,,,,,,,,,,,,,,,,,,,,,,,,,,,,,,,,,,,,,,,,,,,,,,,,,,,,,,,,,,,,,,,,,,
Mind Freak (/Lotus/Powersuits/Jade/MindControlAugmentCard),,,,,,,,,,,,,,,,,,,,,,,,,,,,,,,,,,,,,,,,,,,,,,,,,,,,,,,,,,,,,,,,,,,,,,,,,,,,,,,,
Modified Munitions (/Lotus/Upgrades/Mods/Archwing/Rifle/ArchwingRifleStatusChanceMod),Dargyn (SpaceBattles/Skiffs/GrineerSpaceMarine),,,,,,,,,,,,,,,,,,,,,,,,,,,,,,,,,,,,,,,,,,,,,,,,,,,,,,,,,,,,,,,,,,,,,,,,,,,,,,,
Morphic Transformer (/Lotus/Upgrades/Mods/Archwing/Suit/ArchwingSuitAbilityStrengthMod),Temporal Dreg (SpaceBattles/Drones/StasisDrone),,,,,,,,,,,,,,,,,,,,,,,,,,,,,,,,,,,,,,,,,,,,,,,,,,,,,,,,,,,,,,,,,,,,,,,,,,,,,,,
Muzzle Flash (/Lotus/Powersuits/Cowgirl/RussianRouletteAugmentCard),,,,,,,,,,,,,,,,,,,,,,,,,,,,,,,,,,,,,,,,,,,,,,,,,,,,,,,,,,,,,,,,,,,,,,,,,,,,,,,,
Narrow Minded (/Lotus/Upgrades/Mods/Warframe/DualStat/CorruptedDurationRangeWarframe),,,,,,,,,,,,,,,,,,,,,,,,,,,,,,,,,,,,,,,,,,,,,,,,,,,,,,,,,,,,,,,,,,,,,,,,,,,,,,,,
Natural Talent (/Lotus/Upgrades/Mods/Warframe/AvatarCastingSpeedMod),Vem Tabook (DeathSquad/DeathSquadA),Leekter (DeathSquad/DeathSquadB),Shik Tal (DeathSquad/DeathSquadC),,,,,,,,,,,,,,,,,,,,,,,,,,,,,,,,,,,,,,,,,,,,,,,,,,,,,,,,,,,,,,,,,,,,,,,,,,,,,
Neutron Star (/Lotus/Powersuits/AntiMatter/NullStarAugmentCard),,,,,,,,,,,,,,,,,,,,,,,,,,,,,,,,,,,,,,,,,,,,,,,,,,,,,,,,,,,,,,,,,,,,,,,,,,,,,,,,
Overextended (/Lotus/Upgrades/Mods/Warframe/DualStat/CorruptedRangePowerWarframe),,,,,,,,,,,,,,,,,,,,,,,,,,,,,,,,,,,,,,,,,,,,,,,,,,,,,,,,,,,,,,,,,,,,,,,,,,,,,,,,
Pacifying Bolts (/Lotus/Powersuits/Jade/DaggerAugmentCard),,,,,,,,,,,,,,,,,,,,,,,,,,,,,,,,,,,,,,,,,,,,,,,,,,,,,,,,,,,,,,,,,,,,,,,,,,,,,,,,
Pack Leader (/Lotus/Upgrades/Mods/Sentinel/Kubrow/KubrowPackLeaderMod),Drahk (AIWeek/CombatKubrow),Kubrow (/Lotus/Types/NeutralCreatures/Kubrow/Kubrow),,,,,,,,,,,,,,,,,,,,,,,,,,,,,,,,,,,,,,,,,,,,,,,,,,,,,,,,,,,,,,,,,,,,,,,,,,,,,,
Parallax Scope (/Lotus/Upgrades/Mods/Archwing/Rifle/ArchwingRifleCritChanceMod),Ranger (SpaceBattles/CrewMan/JetpackMarine),Quanta Ranger (SpaceBattles/CrewMan/JetpackMarineThree),Penta Ranger (SpaceBattles/CrewMan/JetpackMarineTwo),Frigate (SpaceBattles/Ships/LaserShip),Dreg (SpaceBattles/Drones/GrineerSpaceDrone),Temporal Dreg (SpaceBattles/Drones/StasisDrone),,,,,,,,,,,,,,,,,,,,,,,,,,,,,,,,,,,,,,,,,,,,,,,,,,,,,,,,,,,,,,,,,,,,,,,,,,
Parry (/Lotus/Upgrades/Mods/Warframe/AvatarParryMeleeMod),,,,,,,,,,,,,,,,,,,,,,,,,,,,,,,,,,,,,,,,,,,,,,,,,,,,,,,,,,,,,,,,,,,,,,,,,,,,,,,,
Pathogen Rounds (/Lotus/Upgrades/Mods/Pistol/WeaponToxinDamageMod),Anti Moa (BipedRobot/AIWeek/LaserDiscBiped),,,,,,,,,,,,,,,,,,,,,,,,,,,,,,,,,,,,,,,,,,,,,,,,,,,,,,,,,,,,,,,,,,,,,,,,,,,,,,,
Perpetual Agony (/Lotus/Upgrades/Mods/Pistol/WeaponProcTimeMod),Arid Butcher (Desert/BladeSawman),Frontier Butcher (Forest/BladeSawman),,,,,,,,,,,,,,,,,,,,,,,,,,,,,,,,,,,,,,,,,,,,,,,,,,,,,,,,,,,,,,,,,,,,,,,,,,,,,,
Pistol Pestilence (/Lotus/Upgrades/Mods/Pistol/DualStat/PoisonEventPistolMod),Vor (Vip/VorTwo/VorTwoBoss),,,,,,,,,,,,,,,,,,,,,,,,,,,,,,,,,,,,,,,,,,,,,,,,,,,,,,,,,,,,,,,,,,,,,,,,,,,,,,,
Pointed Wind (/Lotus/Weapons/Tenno/Melee/MeleeTrees/DaggerCmbTwoMeleeTree),쇼크웨이브 M.O.A (BipedRobot/AIWeek/ShockwaveBiped),,,,,,,,,,,,,,,,,,,,,,,,,,,,,,,,,,,,,,,,,,,,,,,,,,,,,,,,,,,,,,,,,,,,,,,,,,,,,,,
Poisonous Sting (/Lotus/Upgrades/Mods/Archwing/Melee/ArchwingWeaponToxinDamageMod),Ogma (SpaceBattles/Pods/CombatPod),,,,,,,,,,,,,,,,,,,,,,,,,,,,,,,,,,,,,,,,,,,,,,,,,,,,,,,,,,,,,,,,,,,,,,,,,,,,,,,
Polar Magazine (/Lotus/Upgrades/Mods/Archwing/Rifle/ArchwingWeaponFreezeDamageMod),Temporal Dreg (SpaceBattles/Drones/StasisDrone),,,,,,,,,,,,,,,,,,,,,,,,,,,,,,,,,,,,,,,,,,,,,,,,,,,,,,,,,,,,,,,,,,,,,,,,,,,,,,,
Pool Of Life (/Lotus/Powersuits/Trinity/WellOfLifeAugmentCard),,,,,,,,,,,,,,,,,,,,,,,,,,,,,,,,,,,,,,,,,,,,,,,,,,,,,,,,,,,,,,,,,,,,,,,,,,,,,,,,
Prolonged Paralysis (/Lotus/Powersuits/Berserker/ShieldBashAugmentCard),,,,,,,,,,,,,,,,,,,,,,,,,,,,,,,,,,,,,,,,,,,,,,,,,,,,,,,,,,,,,,,,,,,,,,,,,,,,,,,,
Protect (/Lotus/Types/Friendly/Pets/KubrowPetPrecepts/KubrowShieldPrecept),Drahk (AIWeek/CombatKubrow),Kubrow (/Lotus/Types/NeutralCreatures/Kubrow/Kubrow),,,,,,,,,,,,,,,,,,,,,,,,,,,,,,,,,,,,,,,,,,,,,,,,,,,,,,,,,,,,,,,,,,,,,,,,,,,,,,
Provoked (/Lotus/Upgrades/Mods/Warframe/AvatarGroundFireDmgMod),,,,,,,,,,,,,,,,,,,,,,,,,,,,,,,,,,,,,,,,,,,,,,,,,,,,,,,,,,,,,,,,,,,,,,,,,,,,,,,,
Quick Thinking (/Lotus/Upgrades/Mods/Warframe/AvatarPowerToHealthOnDeathMod),Corrupted Ancient (OrokinHealingAncient),,,,,,,,,,,,,,,,,,,,,,,,,,,,,,,,,,,,,,,,,,,,,,,,,,,,,,,,,,,,,,,,,,,,,,,,,,,,,,,
Quickening (/Lotus/Upgrades/Mods/Melee/Channel/ChannelFireRateMod),,,,,,,,,,,,,,,,,,,,,,,,,,,,,,,,,,,,,,,,,,,,,,,,,,,,,,,,,,,,,,,,,,,,,,,,,,,,,,,,
Rapid Resilience (/Lotus/Upgrades/Mods/Warframe/AvatarProcTimeMod),프로드 크루맨 (Spaceman/AIWeek/MeleeSpaceman),,,,,,,,,,,,,,,,,,,,,,,,,,,,,,,,,,,,,,,,,,,,,,,,,,,,,,,,,,,,,,,,,,,,,,,,,,,,,,,
Rare 퓨젼 코어 (/Lotus/Upgrades/Mods/Fusers/RareModFuser),M.O.A (BipedRobot/AIWeek/LaserCannonBiped),쇼크웨이브 M.O.A (BipedRobot/AIWeek/ShockwaveBiped),퓨젼 M.O.A (BipedRobot/AIWeek/SuperMoaBiped),Sapping Osprey (Drones/AIWeek/DiscDrone),리치 어스프레이 (Drones/AIWeek/LeechDrone),마인 어스프레이 (Drones/AIWeek/MineDrone),쉴드 어스프레이 (Drones/AIWeek/ShieldDrone),Oxium Osprey (Drones/AIWeek/SuicideDrone),드론 (Drones/DroneDroneAttack),Lynx (QuadRobot/MiniBoss/QuadRobotMiniBoss),Lynx Osprey (QuadRobot/MiniBoss/ShieldDroneMiniBoss),Lynx Turret (QuadRobot/MiniBoss/TurretQuadMiniBoss),Corpus Power Carrier (Spaceman/AIWeek/CarrierSpaceman),프로드 크루맨 (Spaceman/AIWeek/MeleeSpaceman),Nullifier Crewman (Spaceman/AIWeek/NullifySpaceman),크루맨 (Spaceman/AIWeek/RifleSpaceman),스나이퍼 크루맨 (Spaceman/AIWeek/SniperSpaceman),Elite Crewman (Spaceman/EliteSpaceman),Drahk Master (AIWeek/BeastMaster),그리니어 쏘우맨 (AIWeek/BladeSawman),그리니어 플레임 블레이드 (AIWeek/BlowtorchSawman),Sensor Regulator (AIWeek/CameraDrone),Grineer Power Carrier (AIWeek/CarrierRifleLancer),Shock (AIWeek/DeltaProsecutorLeader),그리니어 에비서레이터 (AIWeek/EviseratorLancer),발리스타 (AIWeek/FemaleGrineer),Guardsman (AIWeek/GrineerMeleeStaff),Shock (AIWeek/GrineerMeleeStaffLeader),그리니어 헤비 거너 (AIWeek/HeavyFemaleGrineer),Hellion (AIWeek/JetpackMarine),Hellion Power Carrier (AIWeek/JetpackMarineCarrier),Sprag (AIWeek/JetpackMelee),Ven'kra Tel (AIWeek/JetpackSniper),그리니어 스콜피온 (AIWeek/MacheteWoman),그리니어 랜서 (AIWeek/RifleLancer),그리니어 봄버드 (AIWeek/RocketBombard),그리니어 롤러 (AIWeek/RollingDrone),쉴드 랜서 (AIWeek/ShieldLancer),그리니어 트루퍼 (AIWeek/ShotgunLancer),Vem Tabook (DeathSquad/DeathSquadA),Leekter (DeathSquad/DeathSquadB),Shik Tal (DeathSquad/DeathSquadC),Arid Eviscerator (Desert/EvisceratorLancer),Arid Seeker (Desert/GrineerMarinePistol),Arid Hellion (Desert/JetpackMarine),Arid Lancer (Desert/RifleLancer),Arid Trooper (Desert/ShotgunLancer),Arid Heavy Gunner (Desert/HeavyFemaleGrineerDesert),Frontier Eviscerator (Forest/EvisceratorLancer),Frontier Seeker (Forest/GrineerMarinePistol),Frontier Hellion (Forest/JetpackMarine),Frontier Lancer (Forest/RifleLancer),Frontier Trooper (Forest/ShotgunLancer),Frontier Heavy Gunner (Forest/HeavyFemaleGrineerDesert),Grineer Warden (Gamemodes/WardenGrineerHeavy),Grineer Warden (Gamemodes/WardenGrineerHeavyLeader),그리니어 씨커 (GrineerMarinePistol),Frontier Regulator (SpecialEvents/ForestDrone),Regulator (SpecialEvents/SurveillanceDrone),Vay Hek Terra Frame (Vip/Hek/HekBiped),Councilor Vay Hek (Vip/Hek/HekDrone),에인션트 디스럽터 (AiWeek/Ancients/Ancient),Brood Mother (AiWeek/Ancients/DiseasedAncient),에인션트 힐러 (AiWeek/Ancients/HealingAncient),크롤러 (AiWeek/Crawlers/Crawler),노져스 크롤러 (AiWeek/Crawlers/GraspingCrawler),Lobber Crawler (AiWeek/Crawlers/Grenade),Electric Crawler (AiWeek/Crawlers/Lightning),녹셔스 크롤러 (AiWeek/Crawlers/NoxiousCrawler),Mutalist-Osprey (AiWeek/InfestedDrones/PoisonDrone),Swarm-Mutalist Moa (AiWeek/InfestedMoas/NaniteCloudBiped),Tar-Mutalist Moa (AiWeek/InfestedMoas/SlowBombBiped),차져 (AiWeek/Quadrupeds/Quadruped),리퍼 (AiWeek/Runners/LeapingRunner),러너 (AiWeek/Runners/SuicideRunner),Corrupted Heavy Gunner (OrokinHeavyFemale),Corrupted Nullifier (OrokinNullifySpaceman),Corrupted Bombard (OrokinRocketBombard),Orokin Drone (OrokinShieldDrone),스토커 (Stalker/Stalker)
Razor Shot (/Lotus/Upgrades/Mods/Pistol/WeaponSlashDamageMod),엘리트 그리니어 랜서 (AIWeek/EliteRifleLancer),Elite Arid Lancer (Desert/EliteRifleLancer),Elite Frontier Lancer (Forest/EliteRifleLancer),,,,,,,,,,,,,,,,,,,,,,,,,,,,,,,,,,,,,,,,,,,,,,,,,,,,,,,,,,,,,,,,,,,,,,,,,,,,,
Reaping Spiral (/Lotus/Weapons/Tenno/Melee/MeleeTrees/ScytheCmbOneMeleeTree),Corpus Power Carrier (Spaceman/AIWeek/CarrierSpaceman),크루맨 (Spaceman/AIWeek/RifleSpaceman),Grineer Power Carrier (AIWeek/CarrierRifleLancer),Hellion Power Carrier (AIWeek/JetpackMarineCarrier),,,,,,,,,,,,,,,,,,,,,,,,,,,,,,,,,,,,,,,,,,,,,,,,,,,,,,,,,,,,,,,,,,,,,,,,,,,,
Reflection (/Lotus/Upgrades/Mods/Warframe/AvatarParryReflectMod),Corrupted Ancient (OrokinHealingAncient),,,,,,,,,,,,,,,,,,,,,,,,,,,,,,,,,,,,,,,,,,,,,,,,,,,,,,,,,,,,,,,,,,,,,,,,,,,,,,,
Reflex Guard (/Lotus/Upgrades/Mods/Warframe/AvatarAutoParryMod),Corrupted Moa (OrokinMoaBiped),,,,,,,,,,,,,,,,,,,,,,,,,,,,,,,,,,,,,,,,,,,,,,,,,,,,,,,,,,,,,,,,,,,,,,,,,,,,,,,
Regenerative Molt (/Lotus/Powersuits/Saryn/ShedAugmentCard),,,,,,,,,,,,,,,,,,,,,,,,,,,,,,,,,,,,,,,,,,,,,,,,,,,,,,,,,,,,,,,,,,,,,,,,,,,,,,,,
Rending Crane (/Lotus/Weapons/Tenno/Melee/MeleeTrees/AxeCmbOneMeleeTree),그리니어 네이팜 (AIWeek/IncendiaryBombard),,,,,,,,,,,,,,,,,,,,,,,,,,,,,,,,,,,,,,,,,,,,,,,,,,,,,,,,,,,,,,,,,,,,,,,,,,,,,,,
Repelling Bastille (/Lotus/Powersuits/Trapper/LevTrapAugmentCard),,,,,,,,,,,,,,,,,,,,,,,,,,,,,,,,,,,,,,,,,,,,,,,,,,,,,,,,,,,,,,,,,,,,,,,,,,,,,,,,
Resonance (/Lotus/Powersuits/Banshee/SonarAugmentCard),,,,,,,,,,,,,,,,,,,,,,,,,,,,,,,,,,,,,,,,,,,,,,,,,,,,,,,,,,,,,,,,,,,,,,,,,,,,,,,,
Rift Torrent (/Lotus/Powersuits/Magician/VolatileAugmentCard),,,,,,,,,,,,,,,,,,,,,,,,,,,,,,,,,,,,,,,,,,,,,,,,,,,,,,,,,,,,,,,,,,,,,,,,,,,,,,,,
Rime Rounds (/Lotus/Upgrades/Mods/Rifle/DualStat/IceEventRifleMod),,,,,,,,,,,,,,,,,,,,,,,,,,,,,,,,,,,,,,,,,,,,,,,,,,,,,,,,,,,,,,,,,,,,,,,,,,,,,,,,
Rubedo-Lined Barrel (/Lotus/Upgrades/Mods/Archwing/Rifle/ArchwingRifleDamageAmountMod),Locust Drone (SpaceBattles/Drones/SwarmDrone),Hellion Dargyn (SpaceBattles/Skiffs/MissileSkiff),,,,,,,,,,,,,,,,,,,,,,,,,,,,,,,,,,,,,,,,,,,,,,,,,,,,,,,,,,,,,,,,,,,,,,,,,,,,,,
Ruinous Extension (/Lotus/Upgrades/Mods/Pistol/WeaponBeamDistanceMod),자칼 (QuadRobot/QuadRobot),,,,,,,,,,,,,,,,,,,,,,,,,,,,,,,,,,,,,,,,,,,,,,,,,,,,,,,,,,,,,,,,,,,,,,,,,,,,,,,
Rupture (/Lotus/Upgrades/Mods/Rifle/WeaponImpactDamageMod),Electric Crawler (AiWeek/Crawlers/Lightning),차져 (AiWeek/Quadrupeds/Quadruped),,,,,,,,,,,,,,,,,,,,,,,,,,,,,,,,,,,,,,,,,,,,,,,,,,,,,,,,,,,,,,,,,,,,,,,,,,,,,,
Safeguard Switch (/Lotus/Powersuits/Loki/SwitchAugmentCard),,,,,,,,,,,,,,,,,,,,,,,,,,,,,,,,,,,,,,,,,,,,,,,,,,,,,,,,,,,,,,,,,,,,,,,,,,,,,,,,
Savage Silence (/Lotus/Powersuits/Banshee/SilenceAugmentCard),,,,,,,,,,,,,,,,,,,,,,,,,,,,,,,,,,,,,,,,,,,,,,,,,,,,,,,,,,,,,,,,,,,,,,,,,,,,,,,,
Savagery (/Lotus/Upgrades/Mods/Sentinel/Kubrow/KubrowClonedFinisherMod),Drahk (AIWeek/CombatKubrow),Kubrow (/Lotus/Types/NeutralCreatures/Kubrow/Kubrow),,,,,,,,,,,,,,,,,,,,,,,,,,,,,,,,,,,,,,,,,,,,,,,,,,,,,,,,,,,,,,,,,,,,,,,,,,,,,,
Sawtooth Clip (/Lotus/Upgrades/Mods/Rifle/WeaponSlashDamageMod),Arid Seeker (Desert/GrineerMarinePistol),Frontier Seeker (Forest/GrineerMarinePistol),그리니어 씨커 (GrineerMarinePistol),,,,,,,,,,,,,,,,,,,,,,,,,,,,,,,,,,,,,,,,,,,,,,,,,,,,,,,,,,,,,,,,,,,,,,,,,,,,,
Scattered Justice (/Lotus/Upgrades/Mods/Syndicate/HekMod),,,,,,,,,,,,,,,,,,,,,,,,,,,,,,,,,,,,,,,,,,,,,,,,,,,,,,,,,,,,,,,,,,,,,,,,,,,,,,,,
Scattering Inferno (/Lotus/Upgrades/Mods/Shotgun/DualStat/FireEventShotgunMod),,,,,,,,,,,,,,,,,,,,,,,,,,,,,,,,,,,,,,,,,,,,,,,,,,,,,,,,,,,,,,,,,,,,,,,,,,,,,,,,
Scavenge (/Lotus/Types/Friendly/Pets/KubrowPetPrecepts/KubrowThiefPrecept),Drahk (AIWeek/CombatKubrow),Kubrow (/Lotus/Types/NeutralCreatures/Kubrow/Kubrow),,,,,,,,,,,,,,,,,,,,,,,,,,,,,,,,,,,,,,,,,,,,,,,,,,,,,,,,,,,,,,,,,,,,,,,,,,,,,,
Scorch (/Lotus/Upgrades/Mods/Pistol/DualStat/FireEventPistolMod),,,,,,,,,,,,,,,,,,,,,,,,,,,,,,,,,,,,,,,,,,,,,,,,,,,,,,,,,,,,,,,,,,,,,,,,,,,,,,,,
Second Wind (/Lotus/Upgrades/Mods/Melee/WeaponStaminaBonusMod),Corrupted Moa (OrokinMoaBiped),,,,,,,,,,,,,,,,,,,,,,,,,,,,,,,,,,,,,,,,,,,,,,,,,,,,,,,,,,,,,,,,,,,,,,,,,,,,,,,
Seeking Shuriken (/Lotus/Powersuits/Ninja/GlaiveAugmentCard),,,,,,,,,,,,,,,,,,,,,,,,,,,,,,,,,,,,,,,,,,,,,,,,,,,,,,,,,,,,,,,,,,,,,,,,,,,,,,,,
Seismic Palm (/Lotus/Weapons/Tenno/Melee/MeleeTrees/FistCmbTwoMeleeTree),리퍼 (AiWeek/Runners/LeapingRunner),,,,,,,,,,,,,,,,,,,,,,,,,,,,,,,,,,,,,,,,,,,,,,,,,,,,,,,,,,,,,,,,,,,,,,,,,,,,,,,
Self Destruct (/Lotus/Upgrades/Mods/Sentinel/SentinelExplosionMod),퓨젼 M.O.A (BipedRobot/AIWeek/SuperMoaBiped),,,,,,,,,,,,,,,,,,,,,,,,,,,,,,,,,,,,,,,,,,,,,,,,,,,,,,,,,,,,,,,,,,,,,,,,,,,,,,,
Sequence Burn (/Lotus/Upgrades/Mods/Syndicate/SpectraMod),,,,,,,,,,,,,,,,,,,,,,,,,,,,,,,,,,,,,,,,,,,,,,,,,,,,,,,,,,,,,,,,,,,,,,,,,,,,,,,,
Shattering Justice (/Lotus/Upgrades/Mods/Syndicate/SobekMod),,,,,,,,,,,,,,,,,,,,,,,,,,,,,,,,,,,,,,,,,,,,,,,,,,,,,,,,,,,,,,,,,,,,,,,,,,,,,,,,
Shattering Storm (/Lotus/Weapons/Tenno/Melee/MeleeTrees/HammerCmbOneMeleeTree),General Sargas Ruk (Vip/SargasRuk/SargasRukNew),,,,,,,,,,,,,,,,,,,,,,,,,,,,,,,,,,,,,,,,,,,,,,,,,,,,,,,,,,,,,,,,,,,,,,,,,,,,,,,
Shield Flux (/Lotus/Upgrades/Mods/Warframe/AvatarShieldToStaminaMod),,,,,,,,,,,,,,,,,,,,,,,,,,,,,,,,,,,,,,,,,,,,,,,,,,,,,,,,,,,,,,,,,,,,,,,,,,,,,,,,
Shield Transference (/Lotus/Powersuits/Mag/ShieldRegenAugmentCard),,,,,,,,,,,,,,,,,,,,,,,,,,,,,,,,,,,,,,,,,,,,,,,,,,,,,,,,,,,,,,,,,,,,,,,,,,,,,,,,
Shimmering Blight (/Lotus/Weapons/Tenno/Melee/MeleeTrees/PolearmCmbOneMeleeTree),Arid Seeker (Desert/GrineerMarinePistol),Frontier Seeker (Forest/GrineerMarinePistol),그리니어 씨커 (GrineerMarinePistol),,,,,,,,,,,,,,,,,,,,,,,,,,,,,,,,,,,,,,,,,,,,,,,,,,,,,,,,,,,,,,,,,,,,,,,,,,,,,
Shock Trooper (/Lotus/Powersuits/Volt/ShockAugmentCard),,,,,,,,,,,,,,,,,,,,,,,,,,,,,,,,,,,,,,,,,,,,,,,,,,,,,,,,,,,,,,,,,,,,,,,,,,,,,,,,
Shocking Speed (/Lotus/Powersuits/Volt/SpeedAugmentCard),,,,,,,,,,,,,,,,,,,,,,,,,,,,,,,,,,,,,,,,,,,,,,,,,,,,,,,,,,,,,,,,,,,,,,,,,,,,,,,,
Shred (/Lotus/Upgrades/Mods/Rifle/DualStat/ShredMod),,,,,,,,,,,,,,,,,,,,,,,,,,,,,,,,,,,,,,,,,,,,,,,,,,,,,,,,,,,,,,,,,,,,,,,,,,,,,,,,
Shredder (/Lotus/Upgrades/Mods/Shotgun/WeaponSlashDamageMod),크루맨 (Spaceman/AIWeek/ShotgunSpaceman),Boiler (AiWeek/Ancients/SpawningAncient),Arcane Boiler (AiWeek/Ancients/SpawningAncientMiniboss),톡식 에인션트 (AiWeek/Ancients/ToxicAncient),,,,,,,,,,,,,,,,,,,,,,,,,,,,,,,,,,,,,,,,,,,,,,,,,,,,,,,,,,,,,,,,,,,,,,,,,,,,
Sinister Reach (/Lotus/Upgrades/Mods/Rifle/WeaponBeamDistanceMod),마인 어스프레이 (Drones/AIWeek/MineDrone),Mutalist-Osprey (AiWeek/InfestedDrones/PoisonDrone),,,,,,,,,,,,,,,,,,,,,,,,,,,,,,,,,,,,,,,,,,,,,,,,,,,,,,,,,,,,,,,,,,,,,,,,,,,,,,
Sinking Talon (/Lotus/Weapons/Tenno/Melee/MeleeTrees/DualDaggerCmbOneMeleeTree),크루맨 (Spaceman/AIWeek/ShotgunSpaceman),,,,,,,,,,,,,,,,,,,,,,,,,,,,,,,,,,,,,,,,,,,,,,,,,,,,,,,,,,,,,,,,,,,,,,,,,,,,,,,
Smite Infusion (/Lotus/Powersuits/Paladin/SmiteAugmentCard),,,,,,,,,,,,,,,,,,,,,,,,,,,,,,,,,,,,,,,,,,,,,,,,,,,,,,,,,,,,,,,,,,,,,,,,,,,,,,,,
Smoke Shadow (/Lotus/Powersuits/Ninja/SmokeScreenAugmentCard),,,,,,,,,,,,,,,,,,,,,,,,,,,,,,,,,,,,,,,,,,,,,,,,,,,,,,,,,,,,,,,,,,,,,,,,,,,,,,,,
Soul Survivor (/Lotus/Powersuits/Necro/SoulPunchAugmentCard),,,,,,,,,,,,,,,,,,,,,,,,,,,,,,,,,,,,,,,,,,,,,,,,,,,,,,,,,,,,,,,,,,,,,,,,,,,,,,,,
Spare Parts (/Lotus/Upgrades/Mods/Sentinel/SentinelDropChanceMod),J3 Golem (Vip/GolemFull),Corrupted Heavy Gunner (OrokinHeavyFemale),Corrupted Nullifier (OrokinNullifySpaceman),Corrupted Bombard (OrokinRocketBombard),,,,,,,,,,,,,,,,,,,,,,,,,,,,,,,,,,,,,,,,,,,,,,,,,,,,,,,,,,,,,,,,,,,,,,,,,,,,
Speed Holster (/Lotus/Upgrades/Mods/Aura/PlayerHolsterSpeedAuraMod),,,,,,,,,,,,,,,,,,,,,,,,,,,,,,,,,,,,,,,,,,,,,,,,,,,,,,,,,,,,,,,,,,,,,,,,,,,,,,,,
Spoiled Strike (/Lotus/Upgrades/Mods/Melee/DualStat/CorruptedDamageSpeedMod),,,,,,,,,,,,,,,,,,,,,,,,,,,,,,,,,,,,,,,,,,,,,,,,,,,,,,,,,,,,,,,,,,,,,,,,,,,,,,,,
Stabilizer (/Lotus/Upgrades/Mods/Rifle/WeaponRecoilReductionMod),J3 Golem (Vip/GolemFull),,,,,,,,,,,,,,,,,,,,,,,,,,,,,,,,,,,,,,,,,,,,,,,,,,,,,,,,,,,,,,,,,,,,,,,,,,,,,,,
Stalk (/Lotus/Types/Friendly/Pets/KubrowPetPrecepts/KubrowCloakPrecept),Drahk (AIWeek/CombatKubrow),Kubrow (/Lotus/Types/NeutralCreatures/Kubrow/Kubrow),,,,,,,,,,,,,,,,,,,,,,,,,,,,,,,,,,,,,,,,,,,,,,,,,,,,,,,,,,,,,,,,,,,,,,,,,,,,,,
Stalking Fan (/Lotus/Weapons/Tenno/Melee/MeleeTrees/ScytheCmbTwoMeleeTree),Nullifier Crewman (Spaceman/AIWeek/NullifySpaceman),스나이퍼 크루맨 (Spaceman/AIWeek/SniperSpaceman),,,,,,,,,,,,,,,,,,,,,,,,,,,,,,,,,,,,,,,,,,,,,,,,,,,,,,,,,,,,,,,,,,,,,,,,,,,,,,
Steady Hands (/Lotus/Upgrades/Mods/Pistol/WeaponRecoilReductionMod),Corrupted Crewman (RifleSpaceman),,,,,,,,,,,,,,,,,,,,,,,,,,,,,,,,,,,,,,,,,,,,,,,,,,,,,,,,,,,,,,,,,,,,,,,,,,,,,,,
Stinging Truth (/Lotus/Upgrades/Mods/Syndicate/ViperMod),,,,,,,,,,,,,,,,,,,,,,,,,,,,,,,,,,,,,,,,,,,,,,,,,,,,,,,,,,,,,,,,,,,,,,,,,,,,,,,,
Striker (/Lotus/Types/Sentinels/SentinelPrecepts/BoomStick),Corrupted Moa (OrokinMoaBiped),,,,,,,,,,,,,,,,,,,,,,,,,,,,,,,,,,,,,,,,,,,,,,,,,,,,,,,,,,,,,,,,,,,,,,,,,,,,,,,
Sudden Impact (/Lotus/Upgrades/Mods/Archwing/Melee/ArchwingMeleeStatusChanceMod),Locust Drone (SpaceBattles/Drones/SwarmDrone),Hellion Dargyn (SpaceBattles/Skiffs/MissileSkiff),,,,,,,,,,,,,,,,,,,,,,,,,,,,,,,,,,,,,,,,,,,,,,,,,,,,,,,,,,,,,,,,,,,,,,,,,,,,,,
Sundering Weave (/Lotus/Weapons/Tenno/Melee/MeleeTrees/MacheteCmbOneMeleeTree),그리니어 에비서레이터 (AIWeek/EviseratorLancer),그리니어 트루퍼 (AIWeek/ShotgunLancer),Arid Eviscerator (Desert/EvisceratorLancer),Arid Trooper (Desert/ShotgunLancer),Frontier Eviscerator (Forest/EvisceratorLancer),Frontier Trooper (Forest/ShotgunLancer),,,,,,,,,,,,,,,,,,,,,,,,,,,,,,,,,,,,,,,,,,,,,,,,,,,,,,,,,,,,,,,,,,,,,,,,,,
Superior Defenses (/Lotus/Upgrades/Mods/Archwing/Suit/ArchwingSuitShieldRechargeRateMod),Gox (SpaceBattles/Ships/CrpPod),Corvette (SpaceBattles/Ships/FlakShip),,,,,,,,,,,,,,,,,,,,,,,,,,,,,,,,,,,,,,,,,,,,,,,,,,,,,,,,,,,,,,,,,,,,,,,,,,,,,,
Suppress (/Lotus/Upgrades/Mods/Pistol/WeaponNoiseReductionMod),Corrupted Crewman (RifleSpaceman),,,,,,,,,,,,,,,,,,,,,,,,,,,,,,,,,,,,,,,,,,,,,,,,,,,,,,,,,,,,,,,,,,,,,,,,,,,,,,,
Surging Dash (/Lotus/Powersuits/Excalibur/SlashDashAugmentCard),,,,,,,,,,,,,,,,,,,,,,,,,,,,,,,,,,,,,,,,,,,,,,,,,,,,,,,,,,,,,,,,,,,,,,,,,,,,,,,,
Swing Line (/Lotus/Powersuits/Berserker/GrappleAugmentCard),,,,,,,,,,,,,,,,,,,,,,,,,,,,,,,,,,,,,,,,,,,,,,,,,,,,,,,,,,,,,,,,,,,,,,,,,,,,,,,,
Swirling Tiger (/Lotus/Weapons/Tenno/Melee/MeleeTrees/DualSwordCmbOneMeleeTree),Anti Moa (BipedRobot/AIWeek/LaserDiscBiped),Corpus Warden (Gamemodes/DeployableSpacemanWarden),Corpus Warden (Gamemodes/DeployableSpacemanWardenLeader),코퍼스 테크 (Spaceman/AIWeek/DeployableSpaceman),그리니어 스코치 (AIWeek/FlameLancer),,,,,,,,,,,,,,,,,,,,,,,,,,,,,,,,,,,,,,,,,,,,,,,,,,,,,,,,,,,,,,,,,,,,,,,,,,,
System Reroute (/Lotus/Upgrades/Mods/Archwing/Suit/ArchwingSuitAbilityEfficiencyMod),Ogma (SpaceBattles/Pods/CombatPod),Hellion Dargyn (SpaceBattles/Skiffs/MissileSkiff),,,,,,,,,,,,,,,,,,,,,,,,,,,,,,,,,,,,,,,,,,,,,,,,,,,,,,,,,,,,,,,,,,,,,,,,,,,,,,
Tainted Clip (/Lotus/Upgrades/Mods/Pistol/DualStat/CorruptedMaxClipReloadSpeedPistol),,,,,,,,,,,,,,,,,,,,,,,,,,,,,,,,,,,,,,,,,,,,,,,,,,,,,,,,,,,,,,,,,,,,,,,,,,,,,,,,
Tainted Mag (/Lotus/Upgrades/Mods/Rifle/DualStat/CorruptedMaxClipReloadSpeedRifle),,,,,,,,,,,,,,,,,,,,,,,,,,,,,,,,,,,,,,,,,,,,,,,,,,,,,,,,,,,,,,,,,,,,,,,,,,,,,,,,
Tainted Shell (/Lotus/Upgrades/Mods/Shotgun/DualStat/CorruptedAccuracyFireRateShotgun),,,,,,,,,,,,,,,,,,,,,,,,,,,,,,,,,,,,,,,,,,,,,,,,,,,,,,,,,,,,,,,,,,,,,,,,,,,,,,,,
Tempered Blade (/Lotus/Upgrades/Mods/Archwing/Melee/ArchwingMeleeCritChanceMod),Ranger (SpaceBattles/CrewMan/JetpackMarine),Quanta Ranger (SpaceBattles/CrewMan/JetpackMarineThree),Penta Ranger (SpaceBattles/CrewMan/JetpackMarineTwo),Frigate (SpaceBattles/Ships/LaserShip),,,,,,,,,,,,,,,,,,,,,,,,,,,,,,,,,,,,,,,,,,,,,,,,,,,,,,,,,,,,,,,,,,,,,,,,,,,,
Terminal Velocity (/Lotus/Upgrades/Mods/Rifle/WeaponProjectileSpeedMod),Sprag (AIWeek/JetpackMelee),Ven'kra Tel (AIWeek/JetpackSniper),,,,,,,,,,,,,,,,,,,,,,,,,,,,,,,,,,,,,,,,,,,,,,,,,,,,,,,,,,,,,,,,,,,,,,,,,,,,,,
Tesla Link (/Lotus/Powersuits/Trapper/ZapTrapAugmentCard),,,,,,,,,,,,,,,,,,,,,,,,,,,,,,,,,,,,,,,,,,,,,,,,,,,,,,,,,,,,,,,,,,,,,,,,,,,,,,,,
Thermite Rounds (/Lotus/Upgrades/Mods/Rifle/DualStat/FireEventRifleMod),,,,,,,,,,,,,,,,,,,,,,,,,,,,,,,,,,,,,,,,,,,,,,,,,,,,,,,,,,,,,,,,,,,,,,,,,,,,,,,,
Thumper (/Lotus/Types/Sentinels/SentinelPrecepts/Thumper),Corrupted Butcher (OrokinBladeSawman),Corrupted Lancer (RifleLancer),,,,,,,,,,,,,,,,,,,,,,,,,,,,,,,,,,,,,,,,,,,,,,,,,,,,,,,,,,,,,,,,,,,,,,,,,,,,,,
Tidal Impunity (/Lotus/Powersuits/Pirate/TidalWaveAugmentCard),,,,,,,,,,,,,,,,,,,,,,,,,,,,,,,,,,,,,,,,,,,,,,,,,,,,,,,,,,,,,,,,,,,,,,,,,,,,,,,,
Total Eclipse (/Lotus/Powersuits/Harlequin/LightAugmentCard),,,,,,,,,,,,,,,,,,,,,,,,,,,,,,,,,,,,,,,,,,,,,,,,,,,,,,,,,,,,,,,,,,,,,,,,,,,,,,,,
Toxic Barrage (/Lotus/Upgrades/Mods/Shotgun/DualStat/PoisonEventShotgunMod),Vor (Vip/VorTwo/VorTwoBoss),,,,,,,,,,,,,,,,,,,,,,,,,,,,,,,,,,,,,,,,,,,,,,,,,,,,,,,,,,,,,,,,,,,,,,,,,,,,,,,
Toxic Blight (/Lotus/Upgrades/Mods/Syndicate/MireMod),,,,,,,,,,,,,,,,,,,,,,,,,,,,,,,,,,,,,,,,,,,,,,,,,,,,,,,,,,,,,,,,,,,,,,,,,,,,,,,,
Toxic Sequence (/Lotus/Upgrades/Mods/Syndicate/AcridMod),,,,,,,,,,,,,,,,,,,,,,,,,,,,,,,,,,,,,,,,,,,,,,,,,,,,,,,,,,,,,,,,,,,,,,,,,,,,,,,,
Tracking Shot (/Lotus/Upgrades/Mods/PvPMods/Rifle/MarkTargetRifleMod),,,,,,,,,,,,,,,,,,,,,,,,,,,,,,,,,,,,,,,,,,,,,,,,,,,,,,,,,,,,,,,,,,,,,,,,,,,,,,,,
Tranquil Cleave (/Lotus/Weapons/Tenno/Melee/MeleeTrees/KatanaCmbOneMeleeTree),Arid Butcher (Desert/BladeSawman),Frontier Butcher (Forest/BladeSawman),,,,,,,,,,,,,,,,,,,,,,,,,,,,,,,,,,,,,,,,,,,,,,,,,,,,,,,,,,,,,,,,,,,,,,,,,,,,,,
Transient Fortitude (/Lotus/Upgrades/Mods/Warframe/DualStat/CorruptedPowerStrengthPowerDurationWarframe),,,,,,,,,,,,,,,,,,,,,,,,,,,,,,,,,,,,,,,,,,,,,,,,,,,,,,,,,,,,,,,,,,,,,,,,,,,,,,,,
True Punishment (/Lotus/Upgrades/Mods/Melee/Channel/ChannelCritsMod),,,,,,,,,,,,,,,,,,,,,,,,,,,,,,,,,,,,,,,,,,,,,,,,,,,,,,,,,,,,,,,,,,,,,,,,,,,,,,,,
Uncommon 퓨젼 코어 (/Lotus/Upgrades/Mods/Fusers/UncommonModFuser),레일건 M.O.A (BipedRobot/AIWeek/RailgunBiped),퓨젼 M.O.A (BipedRobot/AIWeek/SuperMoaBiped),마인 어스프레이 (Drones/AIWeek/MineDrone),쉴드 어스프레이 (Drones/AIWeek/ShieldDrone),Oxium Osprey (Drones/AIWeek/SuicideDrone),드론 (Drones/DroneDroneAttack),Corpus Warden (Gamemodes/DeployableSpacemanWarden),Corpus Warden (Gamemodes/DeployableSpacemanWardenLeader),Lynx Osprey (QuadRobot/MiniBoss/ShieldDroneMiniBoss),Lynx Turret (QuadRobot/MiniBoss/TurretQuadMiniBoss),코퍼스 테크 (Spaceman/AIWeek/DeployableSpaceman),Nullifier Crewman (Spaceman/AIWeek/NullifySpaceman),크루맨 (Spaceman/AIWeek/ShotgunSpaceman),스나이퍼 크루맨 (Spaceman/AIWeek/SniperSpaceman),Elite Crewman (Spaceman/EliteSpaceman),Drahk Master (AIWeek/BeastMaster),그리니어 쏘우맨 (AIWeek/BladeSawman),그리니어 플레임 블레이드 (AIWeek/BlowtorchSawman),Sensor Regulator (AIWeek/CameraDrone),Shock (AIWeek/DeltaProsecutorLeader),엘리트 그리니어 랜서 (AIWeek/EliteRifleLancer),발리스타 (AIWeek/FemaleGrineer),그리니어 스코치 (AIWeek/FlameLancer),Guardsman (AIWeek/GrineerMeleeStaff),Shock (AIWeek/GrineerMeleeStaffLeader),그리니어 헤비 거너 (AIWeek/HeavyFemaleGrineer),그리니어 네이팜 (AIWeek/IncendiaryBombard),그리니어 스콜피온 (AIWeek/MacheteWoman),그리니어 파워 피스트 (AIWeek/PistonSawman),그리니어 롤러 (AIWeek/RollingDrone),쉴드 랜서 (AIWeek/ShieldLancer),Arid Butcher (Desert/BladeSawman),Elite Arid Lancer (Desert/EliteRifleLancer),Arid Heavy Gunner (Desert/HeavyFemaleGrineerDesert),Frontier Butcher (Forest/BladeSawman),Elite Frontier Lancer (Forest/EliteRifleLancer),Grineer Warden (Gamemodes/WardenGrineerHeavy),Grineer Warden (Gamemodes/WardenGrineerHeavyLeader),Frontier Regulator (SpecialEvents/ForestDrone),Regulator (SpecialEvents/SurveillanceDrone),Vay Hek Terra Frame (Vip/Hek/HekBiped),Councilor Vay Hek (Vip/Hek/HekDrone),에인션트 힐러 (AiWeek/Ancients/HealingAncient),Boiler (AiWeek/Ancients/SpawningAncient),Arcane Boiler (AiWeek/Ancients/SpawningAncientMiniboss),톡식 에인션트 (AiWeek/Ancients/ToxicAncient),크롤러 (AiWeek/Crawlers/Crawler),Lobber Crawler (AiWeek/Crawlers/Grenade),Electric Crawler (AiWeek/Crawlers/Lightning),녹셔스 크롤러 (AiWeek/Crawlers/NoxiousCrawler),Mutalist-Osprey (AiWeek/InfestedDrones/PoisonDrone),Swarm-Mutalist Moa (AiWeek/InfestedMoas/NaniteCloudBiped),Corrupted Butcher (OrokinBladeSawman),Corrupted Ancient (OrokinHealingAncient),Corrupted Heavy Gunner (OrokinHeavyFemale),Corrupted Nullifier (OrokinNullifySpaceman),Corrupted Bombard (OrokinRocketBombard),Orokin Drone (OrokinShieldDrone),Corrupted Lancer (RifleLancer),Ranger (SpaceBattles/CrewMan/JetpackMarine),Quanta Ranger (SpaceBattles/CrewMan/JetpackMarineThree),Penta Ranger (SpaceBattles/CrewMan/JetpackMarineTwo),Locust Drone (SpaceBattles/Drones/SwarmDrone),Gox (SpaceBattles/Ships/CrpPod),Corvette (SpaceBattles/Ships/FlakShip),Frigate (SpaceBattles/Ships/LaserShip),Carrier (SpaceBattles/Ships/SwarmShip),드론 (SpaceBattles/CrpSpaceDroneAttack),Dreg (SpaceBattles/Drones/GrineerSpaceDrone),Lancer Dreg (SpaceBattles/Drones/LaserDrone),Temporal Dreg (SpaceBattles/Drones/StasisDrone),Ogma (SpaceBattles/Pods/CombatPod),Dargyn (SpaceBattles/Skiffs/GrineerSpaceMarine),Shield-Hellion Dargyn (SpaceBattles/Skiffs/MissileShieldSkiff),Hellion Dargyn (SpaceBattles/Skiffs/MissileSkiff),Shield Dargyn (SpaceBattles/Skiffs/ShieldSkiff),,,,
Undying Will (/Lotus/Upgrades/Mods/Warframe/AvatarBleedoutDelayMod),엘리트 그리니어 랜서 (AIWeek/EliteRifleLancer),Elite Arid Lancer (Desert/EliteRifleLancer),Elite Frontier Lancer (Forest/EliteRifleLancer),,,,,,,,,,,,,,,,,,,,,,,,,,,,,,,,,,,,,,,,,,,,,,,,,,,,,,,,,,,,,,,,,,,,,,,,,,,,,
Unleashed (/Lotus/Types/Friendly/Pets/KubrowPetPrecepts/KubrowVipChasePrecept),Drahk (AIWeek/CombatKubrow),Kubrow (/Lotus/Types/NeutralCreatures/Kubrow/Kubrow),,,,,,,,,,,,,,,,,,,,,,,,,,,,,,,,,,,,,,,,,,,,,,,,,,,,,,,,,,,,,,,,,,,,,,,,,,,,,,
Vacuum (/Lotus/Types/Sentinels/SentinelPrecepts/ItemVacum),Corrupted Butcher (OrokinBladeSawman),Corrupted Lancer (RifleLancer),,,,,,,,,,,,,,,,,,,,,,,,,,,,,,,,,,,,,,,,,,,,,,,,,,,,,,,,,,,,,,,,,,,,,,,,,,,,,,
Venom Dose (/Lotus/Powersuits/Saryn/PoisonAugmentCard),,,,,,,,,,,,,,,,,,,,,,,,,,,,,,,,,,,,,,,,,,,,,,,,,,,,,,,,,,,,,,,,,,,,,,,,,,,,,,,,
Venomous Clip (/Lotus/Upgrades/Mods/Archwing/Rifle/ArchwingWeaponToxinDamageMod),Carrier (SpaceBattles/Ships/SwarmShip),Lancer Dreg (SpaceBattles/Drones/LaserDrone),,,,,,,,,,,,,,,,,,,,,,,,,,,,,,,,,,,,,,,,,,,,,,,,,,,,,,,,,,,,,,,,,,,,,,,,,,,,,,
Vicious Frost  (/Lotus/Upgrades/Mods/Melee/DualStat/IceEventMeleeMod),,,,,,,,,,,,,,,,,,,,,,,,,,,,,,,,,,,,,,,,,,,,,,,,,,,,,,,,,,,,,,,,,,,,,,,,,,,,,,,,
Vicious Spread (/Lotus/Upgrades/Mods/Shotgun/DualStat/CorruptedDamageAccuracyShotgun),,,,,,,,,,,,,,,,,,,,,,,,,,,,,,,,,,,,,,,,,,,,,,,,,,,,,,,,,,,,,,,,,,,,,,,,,,,,,,,,
Vigor (/Lotus/Upgrades/Mods/Warframe/DualStat/VigorMod),,,,,,,,,,,,,,,,,,,,,,,,,,,,,,,,,,,,,,,,,,,,,,,,,,,,,,,,,,,,,,,,,,,,,,,,,,,,,,,,
Vile Acceleration (/Lotus/Upgrades/Mods/Rifle/DualStat/CorruptedFireRateDamageRifle),,,,,,,,,,,,,,,,,,,,,,,,,,,,,,,,,,,,,,,,,,,,,,,,,,,,,,,,,,,,,,,,,,,,,,,,,,,,,,,,
Vile Precision (/Lotus/Upgrades/Mods/Rifle/DualStat/CorruptedRecoilFireRateRifle),,,,,,,,,,,,,,,,,,,,,,,,,,,,,,,,,,,,,,,,,,,,,,,,,,,,,,,,,,,,,,,,,,,,,,,,,,,,,,,,
Virulent Scourge (/Lotus/Upgrades/Mods/Melee/DualStat/PoisonEventMeleeMod),Vor (Vip/VorTwo/VorTwoBoss),,,,,,,,,,,,,,,,,,,,,,,,,,,,,,,,,,,,,,,,,,,,,,,,,,,,,,,,,,,,,,,,,,,,,,,,,,,,,,,
Volcanic Edge (/Lotus/Upgrades/Mods/Melee/DualStat/FireEventMeleeMod),,,,,,,,,,,,,,,,,,,,,,,,,,,,,,,,,,,,,,,,,,,,,,,,,,,,,,,,,,,,,,,,,,,,,,,,,,,,,,,,
Warrior's Grip (/Lotus/Upgrades/Mods/Melee/Channel/ChannelParryStaminaRedMod),,,,,,,,,,,,,,,,,,,,,,,,,,,,,,,,,,,,,,,,,,,,,,,,,,,,,,,,,,,,,,,,,,,,,,,,,,,,,,,,
Winds Of Purity (/Lotus/Upgrades/Mods/Syndicate/FurisMod),,,,,,,,,,,,,,,,,,,,,,,,,,,,,,,,,,,,,,,,,,,,,,,,,,,,,,,,,,,,,,,,,,,,,,,,,,,,,,,,
건슬링어 (/Lotus/Upgrades/Mods/Pistol/WeaponFireRateMod),Scavenger Drone (Drones/AIWeek/VacDrone),Alad V (Vip/AladV/AladBoss),Mutalist Alad V (Vip/InfestedAladV/InfestedAladBoss),그리니어 네이팜 (AIWeek/IncendiaryBombard),보어 대위 (Vip/CaptainVorBoss),,,,,,,,,,,,,,,,,,,,,,,,,,,,,,,,,,,,,,,,,,,,,,,,,,,,,,,,,,,,,,,,,,,,,,,,,,,
고스트 (/Lotus/Types/Sentinels/SentinelPrecepts/Ghost),러너 (AiWeek/Runners/SuicideRunner),,,,,,,,,,,,,,,,,,,,,,,,,,,,,,,,,,,,,,,,,,,,,,,,,,,,,,,,,,,,,,,,,,,,,,,,,,,,,,,
글레이브 파워 스로우 (/Lotus/Upgrades/Mods/Melee/WeaponGlaivePowerthrowMod),Corrupted Butcher (OrokinBladeSawman),Corrupted Lancer (RifleLancer),,,,,,,,,,,,,,,,,,,,,,,,,,,,,,,,,,,,,,,,,,,,,,,,,,,,,,,,,,,,,,,,,,,,,,,,,,,,,,
노 리턴 (/Lotus/Upgrades/Mods/Pistol/WeaponArmorPiercingDamageMod),Corpus Power Carrier (Spaceman/AIWeek/CarrierSpaceman),크루맨 (Spaceman/AIWeek/RifleSpaceman),Elite Crewman (Spaceman/EliteSpaceman),Grineer Power Carrier (AIWeek/CarrierRifleLancer),Hellion Power Carrier (AIWeek/JetpackMarineCarrier),,,,,,,,,,,,,,,,,,,,,,,,,,,,,,,,,,,,,,,,,,,,,,,,,,,,,,,,,,,,,,,,,,,,,,,,,,,
노스 윈드 (/Lotus/Upgrades/Mods/Melee/WeaponFreezeDamageMod),M.O.A (BipedRobot/AIWeek/LaserCannonBiped),Hyena Th (Vip/Hyena/HyenaElec),Hyena Ng (Vip/Hyena/HyenaFire),Hyena Pb (Vip/Hyena/HyenaGun),Hyena Ln2 (Vip/Hyena/HyenaIce),Drahk Master (AIWeek/BeastMaster),그리니어 쏘우맨 (AIWeek/BladeSawman),Guardsman (AIWeek/GrineerMeleeStaff),Arid Butcher (Desert/BladeSawman),Frontier Butcher (Forest/BladeSawman),,,,,,,,,,,,,,,,,,,,,,,,,,,,,,,,,,,,,,,,,,,,,,,,,,,,,,,,,,,,,,,,,,,,,,
다이아몬드 스킨 (/Lotus/Upgrades/Mods/Warframe/AvatarDamageResistanceLaser),Sapping Osprey (Drones/AIWeek/DiscDrone),리치 어스프레이 (Drones/AIWeek/LeechDrone),Hellion (AIWeek/JetpackMarine),그리니어 랜서 (AIWeek/RifleLancer),Arid Hellion (Desert/JetpackMarine),Arid Lancer (Desert/RifleLancer),Frontier Hellion (Forest/JetpackMarine),Frontier Lancer (Forest/RifleLancer),Frontier Heavy Gunner (Forest/HeavyFemaleGrineerDesert),,,,,,,,,,,,,,,,,,,,,,,,,,,,,,,,,,,,,,,,,,,,,,,,,,,,,,,,,,,,,,,,,,,,,,,
데드 아이 (/Lotus/Upgrades/Mods/Aura/PlayerSniperDamageAuraMod),,,,,,,,,,,,,,,,,,,,,,,,,,,,,,,,,,,,,,,,,,,,,,,,,,,,,,,,,,,,,,,,,,,,,,,,,,,,,,,,
딥 프리즈 (/Lotus/Upgrades/Mods/Pistol/WeaponFreezeDamageMod),,,,,,,,,,,,,,,,,,,,,,,,,,,,,,,,,,,,,,,,,,,,,,,,,,,,,,,,,,,,,,,,,,,,,,,,,,,,,,,,
라이트닝 로드 (/Lotus/Upgrades/Mods/Warframe/AvatarDamageResistanceElectricity),그리니어 스콜피온 (AIWeek/MacheteWoman),에인션트 힐러 (AiWeek/Ancients/HealingAncient),Swarm-Mutalist Moa (AiWeek/InfestedMoas/NaniteCloudBiped),,,,,,,,,,,,,,,,,,,,,,,,,,,,,,,,,,,,,,,,,,,,,,,,,,,,,,,,,,,,,,,,,,,,,,,,,,,,,
라이플 스케빈져 (/Lotus/Upgrades/Mods/Aura/PlayerRifleAmmoAuraMod),,,,,,,,,,,,,,,,,,,,,,,,,,,,,,,,,,,,,,,,,,,,,,,,,,,,,,,,,,,,,,,,,,,,,,,,,,,,,,,,
라이플 아모 뮤테이션 (/Lotus/Upgrades/Mods/Rifle/WeaponRifleConvertAmmoMod),,,,,,,,,,,,,,,,,,,,,,,,,,,,,,,,,,,,,,,,,,,,,,,,,,,,,,,,,,,,,,,,,,,,,,,,,,,,,,,,
라이플 앰프 (/Lotus/Upgrades/Mods/Aura/PlayerRifleDamageAuraMod),,,,,,,,,,,,,,,,,,,,,,,,,,,,,,,,,,,,,,,,,,,,,,,,,,,,,,,,,,,,,,,,,,,,,,,,,,,,,,,,
러쉬 (/Lotus/Upgrades/Mods/Warframe/AvatarSprintSpeedMod),퓨젼 M.O.A (BipedRobot/AIWeek/SuperMoaBiped),,,,,,,,,,,,,,,,,,,,,,,,,,,,,,,,,,,,,,,,,,,,,,,,,,,,,,,,,,,,,,,,,,,,,,,,,,,,,,,
레비지 (/Lotus/Upgrades/Mods/Shotgun/WeaponCritDamageMod),Nullifier Crewman (Spaceman/AIWeek/NullifySpaceman),스나이퍼 크루맨 (Spaceman/AIWeek/SniperSpaceman),,,,,,,,,,,,,,,,,,,,,,,,,,,,,,,,,,,,,,,,,,,,,,,,,,,,,,,,,,,,,,,,,,,,,,,,,,,,,,
레이지 (/Lotus/Upgrades/Mods/Warframe/AvatarDamageToEnergyMod),그리니어 네이팜 (AIWeek/IncendiaryBombard),Infested Mesa (TennoReplicants/TennoReplicantGunslinger),,,,,,,,,,,,,,,,,,,,,,,,,,,,,,,,,,,,,,,,,,,,,,,,,,,,,,,,,,,,,,,,,,,,,,,,,,,,,,
레트리뷰션 (/Lotus/Upgrades/Mods/Warframe/AvatarRevengeDamageMelee),쉴드 랜서 (AIWeek/ShieldLancer),,,,,,,,,,,,,,,,,,,,,,,,,,,,,,,,,,,,,,,,,,,,,,,,,,,,,,,,,,,,,,,,,,,,,,,,,,,,,,,
렌딩 스트라이크 (/Lotus/Upgrades/Mods/Melee/DualStat/RendingStrikeMod),,,,,,,,,,,,,,,,,,,,,,,,,,,,,,,,,,,,,,,,,,,,,,,,,,,,,,,,,,,,,,,,,,,,,,,,,,,,,,,,
루트 디텍터 (/Lotus/Upgrades/Mods/Aura/PlayerLootRadarAuraMod),,,,,,,,,,,,,,,,,,,,,,,,,,,,,,,,,,,,,,,,,,,,,,,,,,,,,,,,,,,,,,,,,,,,,,,,,,,,,,,,
리다이렉션 (/Lotus/Upgrades/Mods/Warframe/AvatarShieldMaxMod),Scavenger Drone (Drones/AIWeek/VacDrone),엘리트 그리니어 랜서 (AIWeek/EliteRifleLancer),Elite Arid Lancer (Desert/EliteRifleLancer),Elite Frontier Lancer (Forest/EliteRifleLancer),에인션트 디스럽터 (AiWeek/Ancients/Ancient),Brood Mother (AiWeek/Ancients/DiseasedAncient),Tar-Mutalist Moa (AiWeek/InfestedMoas/SlowBombBiped),,,,,,,,,,,,,,,,,,,,,,,,,,,,,,,,,,,,,,,,,,,,,,,,,,,,,,,,,,,,,,,,,,,,,,,,,
리다이렉션 (센티널) (/Lotus/Upgrades/Mods/Sentinel/SentinelShieldMaxMod),그리니어 파워 피스트 (AIWeek/PistonSawman),차져 (AiWeek/Quadrupeds/Quadruped),,,,,,,,,,,,,,,,,,,,,,,,,,,,,,,,,,,,,,,,,,,,,,,,,,,,,,,,,,,,,,,,,,,,,,,,,,,,,,
리벤지 (/Lotus/Types/Sentinels/SentinelPrecepts/Revenge),M.O.A (BipedRobot/AIWeek/LaserCannonBiped),엘리트 그리니어 랜서 (AIWeek/EliteRifleLancer),Elite Arid Lancer (Desert/EliteRifleLancer),Elite Frontier Lancer (Forest/EliteRifleLancer),,,,,,,,,,,,,,,,,,,,,,,,,,,,,,,,,,,,,,,,,,,,,,,,,,,,,,,,,,,,,,,,,,,,,,,,,,,,
리제너레이션 (/Lotus/Types/Sentinels/SentinelPrecepts/Regen),차져 (AiWeek/Quadrupeds/Quadruped),,,,,,,,,,,,,,,,,,,,,,,,,,,,,,,,,,,,,,,,,,,,,,,,,,,,,,,,,,,,,,,,,,,,,,,,,,,,,,,
리쥬버네이션 (/Lotus/Upgrades/Mods/Aura/PlayerHealthRegenAuraMod),,,,,,,,,,,,,,,,,,,,,,,,,,,,,,,,,,,,,,,,,,,,,,,,,,,,,,,,,,,,,,,,,,,,,,,,,,,,,,,,
리치 (/Lotus/Upgrades/Mods/Melee/WeaponMeleeRangeIncMod),랩터 (Drones/Vip/DroneAttack),Corpus Power Carrier (Spaceman/AIWeek/CarrierSpaceman),크루맨 (Spaceman/AIWeek/RifleSpaceman),Grineer Power Carrier (AIWeek/CarrierRifleLancer),Hellion Power Carrier (AIWeek/JetpackMarineCarrier),러너 (AiWeek/Runners/SuicideRunner),,,,,,,,,,,,,,,,,,,,,,,,,,,,,,,,,,,,,,,,,,,,,,,,,,,,,,,,,,,,,,,,,,,,,,,,,,
리플렉스 코일 (/Lotus/Upgrades/Mods/Melee/WeaponMeleeChargeRateMod),랩터 (Drones/Vip/DroneAttack),Sergeant Nef Anyo (Spaceman/Vip/SniperBoss),Drahk Master (AIWeek/BeastMaster),그리니어 쏘우맨 (AIWeek/BladeSawman),Guardsman (AIWeek/GrineerMeleeStaff),Arid Butcher (Desert/BladeSawman),Frontier Butcher (Forest/BladeSawman),,,,,,,,,,,,,,,,,,,,,,,,,,,,,,,,,,,,,,,,,,,,,,,,,,,,,,,,,,,,,,,,,,,,,,,,,
마라톤 (/Lotus/Upgrades/Mods/Warframe/AvatarStaminaMaxMod),Corpus Warden (Gamemodes/DeployableSpacemanWarden),Corpus Warden (Gamemodes/DeployableSpacemanWardenLeader),코퍼스 테크 (Spaceman/AIWeek/DeployableSpaceman),,,,,,,,,,,,,,,,,,,,,,,,,,,,,,,,,,,,,,,,,,,,,,,,,,,,,,,,,,,,,,,,,,,,,,,,,,,,,
마스터 시프 (/Lotus/Upgrades/Mods/Warframe/AvatarChanceToLoot),Hyena Th (Vip/Hyena/HyenaElec),Hyena Ng (Vip/Hyena/HyenaFire),Hyena Pb (Vip/Hyena/HyenaGun),Hyena Ln2 (Vip/Hyena/HyenaIce),그리니어 스콜피온 (AIWeek/MacheteWoman),Infested Mesa (TennoReplicants/TennoReplicantGunslinger),,,,,,,,,,,,,,,,,,,,,,,,,,,,,,,,,,,,,,,,,,,,,,,,,,,,,,,,,,,,,,,,,,,,,,,,,,
매거진 워프 (/Lotus/Upgrades/Mods/Rifle/WeaponClipMaxMod),Ambulas (BipedRobot/Vip/BossBiped),Sapping Osprey (Drones/AIWeek/DiscDrone),리치 어스프레이 (Drones/AIWeek/LeechDrone),Sergeant Nef Anyo (Spaceman/Vip/SniperBoss),그리니어 헤비 거너 (AIWeek/HeavyFemaleGrineer),Arid Heavy Gunner (Desert/HeavyFemaleGrineerDesert),Grineer Warden (Gamemodes/WardenGrineerHeavy),Grineer Warden (Gamemodes/WardenGrineerHeavyLeader),그리니어 커맨더 (GrineerMarineLeader),,,,,,,,,,,,,,,,,,,,,,,,,,,,,,,,,,,,,,,,,,,,,,,,,,,,,,,,,,,,,,,,,,,,,,,
메탈 어거 (/Lotus/Upgrades/Mods/Rifle/WeaponPunctureDepthMod),마인 어스프레이 (Drones/AIWeek/MineDrone),Mutalist-Osprey (AiWeek/InfestedDrones/PoisonDrone),,,,,,,,,,,,,,,,,,,,,,,,,,,,,,,,,,,,,,,,,,,,,,,,,,,,,,,,,,,,,,,,,,,,,,,,,,,,,,
몰튼 임팩트 (/Lotus/Upgrades/Mods/Melee/WeaponFireDamageMod),Ambulas (BipedRobot/Vip/BossBiped),렉 크릴 중위 (Vip/BossLechKril),Kela De Thaym (Vip/HeavyRocketFemale),Vay Hek Terra Frame (Vip/Hek/HekBiped),Councilor Vay Hek (Vip/Hek/HekDrone),Phorid (Vip/QuadrupedVIP),스토커 (Stalker/Stalker),,,,,,,,,,,,,,,,,,,,,,,,,,,,,,,,,,,,,,,,,,,,,,,,,,,,,,,,,,,,,,,,,,,,,,,,,
밀리 채널 (/Lotus/Upgrades/Mods/Melee/WeaponPowerDamageMod),M.O.A (BipedRobot/AIWeek/LaserCannonBiped),렉 크릴 중위 (Vip/BossLechKril),Kela De Thaym (Vip/HeavyRocketFemale),Vay Hek Terra Frame (Vip/Hek/HekBiped),Councilor Vay Hek (Vip/Hek/HekDrone),Phorid (Vip/QuadrupedVIP),스토커 (Stalker/Stalker),,,,,,,,,,,,,,,,,,,,,,,,,,,,,,,,,,,,,,,,,,,,,,,,,,,,,,,,,,,,,,,,,,,,,,,,,
바이탈 센스 (/Lotus/Upgrades/Mods/Rifle/WeaponCritDamageMod),프로드 크루맨 (Spaceman/AIWeek/MeleeSpaceman),,,,,,,,,,,,,,,,,,,,,,,,,,,,,,,,,,,,,,,,,,,,,,,,,,,,,,,,,,,,,,,,,,,,,,,,,,,,,,,
바이탈러티 (/Lotus/Upgrades/Mods/Warframe/AvatarHealthMaxMod),Oxium Osprey (Drones/AIWeek/SuicideDrone),드론 (Drones/DroneDroneAttack),Alad V (Vip/AladV/AladBoss),Mutalist Alad V (Vip/InfestedAladV/InfestedAladBoss),Sensor Regulator (AIWeek/CameraDrone),Hellion (AIWeek/JetpackMarine),그리니어 랜서 (AIWeek/RifleLancer),Arid Hellion (Desert/JetpackMarine),Arid Lancer (Desert/RifleLancer),Frontier Hellion (Forest/JetpackMarine),Frontier Lancer (Forest/RifleLancer),Frontier Heavy Gunner (Forest/HeavyFemaleGrineerDesert),Frontier Regulator (SpecialEvents/ForestDrone),Regulator (SpecialEvents/SurveillanceDrone),보어 대위 (Vip/CaptainVorBoss),Tyl Regor (Vip/NinjaLeader),,,,,,,,,,,,,,,,,,,,,,,,,,,,,,,,,,,,,,,,,,,,,,,,,,,,,,,,,,,,,,,,
바이탈러티 (센티널) (/Lotus/Upgrades/Mods/Sentinel/SentinelHealthMaxMod),Anti Moa (BipedRobot/AIWeek/LaserDiscBiped),퓨젼 M.O.A (BipedRobot/AIWeek/SuperMoaBiped),쉴드 어스프레이 (Drones/AIWeek/ShieldDrone),Lynx Osprey (QuadRobot/MiniBoss/ShieldDroneMiniBoss),Lynx Turret (QuadRobot/MiniBoss/TurretQuadMiniBoss),그리니어 네이팜 (AIWeek/IncendiaryBombard),그리니어 롤러 (AIWeek/RollingDrone),,,,,,,,,,,,,,,,,,,,,,,,,,,,,,,,,,,,,,,,,,,,,,,,,,,,,,,,,,,,,,,,,,,,,,,,,
배럴 디퓨젼 (/Lotus/Upgrades/Mods/Pistol/WeaponFireIterationsMod),Vem Tabook (DeathSquad/DeathSquadA),Leekter (DeathSquad/DeathSquadB),Shik Tal (DeathSquad/DeathSquadC),Arid Seeker (Desert/GrineerMarinePistol),Frontier Seeker (Forest/GrineerMarinePistol),그리니어 씨커 (GrineerMarinePistol),,,,,,,,,,,,,,,,,,,,,,,,,,,,,,,,,,,,,,,,,,,,,,,,,,,,,,,,,,,,,,,,,,,,,,,,,,
베이포라이즈 (/Lotus/Types/Sentinels/SentinelPrecepts/Vaporize),퓨젼 M.O.A (BipedRobot/AIWeek/SuperMoaBiped),그리니어 파워 피스트 (AIWeek/PistonSawman),,,,,,,,,,,,,,,,,,,,,,,,,,,,,,,,,,,,,,,,,,,,,,,,,,,,,,,,,,,,,,,,,,,,,,,,,,,,,,
베인 오브 그리니어 (/Lotus/Upgrades/Mods/Rifle/WeaponFactionDamageGrineer),그리니어 스코치 (AIWeek/FlameLancer),,,,,,,,,,,,,,,,,,,,,,,,,,,,,,,,,,,,,,,,,,,,,,,,,,,,,,,,,,,,,,,,,,,,,,,,,,,,,,,
베인 오브 인페스티드 (/Lotus/Upgrades/Mods/Rifle/WeaponFactionDamageInfested),그리니어 파워 피스트 (AIWeek/PistonSawman),,,,,,,,,,,,,,,,,,,,,,,,,,,,,,,,,,,,,,,,,,,,,,,,,,,,,,,,,,,,,,,,,,,,,,,,,,,,,,,
베인 오브 코퍼스 (/Lotus/Upgrades/Mods/Rifle/WeaponFactionDamageCorpus),크롤러 (AiWeek/Crawlers/Crawler),,,,,,,,,,,,,,,,,,,,,,,,,,,,,,,,,,,,,,,,,,,,,,,,,,,,,,,,,,,,,,,,,,,,,,,,,,,,,,,
블런더버스 (/Lotus/Upgrades/Mods/Shotgun/WeaponCritChanceMod),자칼 (QuadRobot/QuadRobot),그리니어 헤비 거너 (AIWeek/HeavyFemaleGrineer),Arid Butcher (Desert/BladeSawman),Arid Heavy Gunner (Desert/HeavyFemaleGrineerDesert),Frontier Butcher (Forest/BladeSawman),Grineer Warden (Gamemodes/WardenGrineerHeavy),Grineer Warden (Gamemodes/WardenGrineerHeavyLeader),그리니어 커맨더 (GrineerMarineLeader),Lobber Crawler (AiWeek/Crawlers/Grenade),녹셔스 크롤러 (AiWeek/Crawlers/NoxiousCrawler),,,,,,,,,,,,,,,,,,,,,,,,,,,,,,,,,,,,,,,,,,,,,,,,,,,,,,,,,,,,,,,,,,,,,,
블레이즈 (/Lotus/Upgrades/Mods/Shotgun/DualStat/BlazeMod),,,,,,,,,,,,,,,,,,,,,,,,,,,,,,,,,,,,,,,,,,,,,,,,,,,,,,,,,,,,,,,,,,,,,,,,,,,,,,,,
생츄어리 (/Lotus/Types/Sentinels/SentinelPrecepts/Sanctuary),그리니어 봄버드 (AIWeek/RocketBombard),,,,,,,,,,,,,,,,,,,,,,,,,,,,,,,,,,,,,,,,,,,,,,,,,,,,,,,,,,,,,,,,,,,,,,,,,,,,,,,
샷건 스케빈져 (/Lotus/Upgrades/Mods/Aura/PlayerShellAmmoAuraMod),,,,,,,,,,,,,,,,,,,,,,,,,,,,,,,,,,,,,,,,,,,,,,,,,,,,,,,,,,,,,,,,,,,,,,,,,,,,,,,,
샷건 스패즈 (/Lotus/Upgrades/Mods/Shotgun/WeaponFireRateMod),,,,,,,,,,,,,,,,,,,,,,,,,,,,,,,,,,,,,,,,,,,,,,,,,,,,,,,,,,,,,,,,,,,,,,,,,,,,,,,,
샷건 아모 뮤테이션 (/Lotus/Upgrades/Mods/Shotgun/WeaponShotgunConvertAmmoMod),,,,,,,,,,,,,,,,,,,,,,,,,,,,,,,,,,,,,,,,,,,,,,,,,,,,,,,,,,,,,,,,,,,,,,,,,,,,,,,,
서레이션 (/Lotus/Upgrades/Mods/Rifle/WeaponDamageAmountMod),그리니어 스콜피온 (AIWeek/MacheteWoman),노져스 크롤러 (AiWeek/Crawlers/GraspingCrawler),Electric Crawler (AiWeek/Crawlers/Lightning),,,,,,,,,,,,,,,,,,,,,,,,,,,,,,,,,,,,,,,,,,,,,,,,,,,,,,,,,,,,,,,,,,,,,,,,,,,,,
선더링 스트라이크 (/Lotus/Upgrades/Mods/Melee/WeaponArmorPiercingDamageMod),러너 (AiWeek/Runners/SuicideRunner),,,,,,,,,,,,,,,,,,,,,,,,,,,,,,,,,,,,,,,,,,,,,,,,,,,,,,,,,,,,,,,,,,,,,,,,,,,,,,,
선더볼트 (/Lotus/Upgrades/Mods/Rifle/BowExplosionChanceMod),엘리트 그리니어 랜서 (AIWeek/EliteRifleLancer),Elite Arid Lancer (Desert/EliteRifleLancer),Elite Frontier Lancer (Forest/EliteRifleLancer),,,,,,,,,,,,,,,,,,,,,,,,,,,,,,,,,,,,,,,,,,,,,,,,,,,,,,,,,,,,,,,,,,,,,,,,,,,,,
셸 컴프레션 (/Lotus/Upgrades/Mods/Shotgun/WeaponAmmoMaxMod),자칼 (QuadRobot/QuadRobot),그리니어 헤비 거너 (AIWeek/HeavyFemaleGrineer),Arid Heavy Gunner (Desert/HeavyFemaleGrineerDesert),Grineer Warden (Gamemodes/WardenGrineerHeavy),Grineer Warden (Gamemodes/WardenGrineerHeavyLeader),그리니어 커맨더 (GrineerMarineLeader),,,,,,,,,,,,,,,,,,,,,,,,,,,,,,,,,,,,,,,,,,,,,,,,,,,,,,,,,,,,,,,,,,,,,,,,,,
쇼크 업소버 (/Lotus/Upgrades/Mods/Warframe/AvatarDamageResistanceKnockdown),자칼 (QuadRobot/QuadRobot),,,,,,,,,,,,,,,,,,,,,,,,,,,,,,,,,,,,,,,,,,,,,,,,,,,,,,,,,,,,,,,,,,,,,,,,,,,,,,,
쇼킹 터치 (/Lotus/Upgrades/Mods/Melee/WeaponElectricityDamageMod),Sergeant Nef Anyo (Spaceman/Vip/SniperBoss),그리니어 에비서레이터 (AIWeek/EviseratorLancer),그리니어 트루퍼 (AIWeek/ShotgunLancer),Arid Eviscerator (Desert/EvisceratorLancer),Arid Trooper (Desert/ShotgunLancer),Frontier Eviscerator (Forest/EvisceratorLancer),Frontier Trooper (Forest/ShotgunLancer),Tyl Regor (Vip/NinjaLeader),,,,,,,,,,,,,,,,,,,,,,,,,,,,,,,,,,,,,,,,,,,,,,,,,,,,,,,,,,,,,,,,,,,,,,,,
슈어 풋티드 (/Lotus/Upgrades/Mods/Warframe/AvatarKnockdownResistanceMod),그리니어 봄버드 (AIWeek/RocketBombard),,,,,,,,,,,,,,,,,,,,,,,,,,,,,,,,,,,,,,,,,,,,,,,,,,,,,,,,,,,,,,,,,,,,,,,,,,,,,,,
스나이퍼 스케빈져 (/Lotus/Upgrades/Mods/Aura/PlayerSniperAmmoAuraMod),,,,,,,,,,,,,,,,,,,,,,,,,,,,,,,,,,,,,,,,,,,,,,,,,,,,,,,,,,,,,,,,,,,,,,,,,,,,,,,,
스나이퍼 아모 뮤테이션 (/Lotus/Upgrades/Mods/Rifle/WeaponSnipersConvertAmmoMod),,,,,,,,,,,,,,,,,,,,,,,,,,,,,,,,,,,,,,,,,,,,,,,,,,,,,,,,,,,,,,,,,,,,,,,,,,,,,,,,
스마이트 그리니어 (/Lotus/Upgrades/Mods/Melee/WeaponMeleeFactionDamageGrineer),M.O.A (BipedRobot/AIWeek/LaserCannonBiped),Drahk Master (AIWeek/BeastMaster),그리니어 쏘우맨 (AIWeek/BladeSawman),Guardsman (AIWeek/GrineerMeleeStaff),,,,,,,,,,,,,,,,,,,,,,,,,,,,,,,,,,,,,,,,,,,,,,,,,,,,,,,,,,,,,,,,,,,,,,,,,,,,
스마이트 인페스티드 (/Lotus/Upgrades/Mods/Melee/WeaponMeleeFactionDamageInfested),쉴드 랜서 (AIWeek/ShieldLancer),,,,,,,,,,,,,,,,,,,,,,,,,,,,,,,,,,,,,,,,,,,,,,,,,,,,,,,,,,,,,,,,,,,,,,,,,,,,,,,
스마이트 코퍼스 (/Lotus/Upgrades/Mods/Melee/WeaponMeleeFactionDamageCorpus),퓨젼 M.O.A (BipedRobot/AIWeek/SuperMoaBiped),,,,,,,,,,,,,,,,,,,,,,,,,,,,,,,,,,,,,,,,,,,,,,,,,,,,,,,,,,,,,,,,,,,,,,,,,,,,,,,
스위프트 데스 (/Lotus/Types/Sentinels/SentinelPrecepts/SwiftDeth),그리니어 스코치 (AIWeek/FlameLancer),리퍼 (AiWeek/Runners/LeapingRunner),,,,,,,,,,,,,,,,,,,,,,,,,,,,,,,,,,,,,,,,,,,,,,,,,,,,,,,,,,,,,,,,,,,,,,,,,,,,,,
스타핑 파워 (/Lotus/Upgrades/Mods/Pistol/WeaponStunChanceMod),그리니어 스코치 (AIWeek/FlameLancer),Electric Crawler (AiWeek/Crawlers/Lightning),,,,,,,,,,,,,,,,,,,,,,,,,,,,,,,,,,,,,,,,,,,,,,,,,,,,,,,,,,,,,,,,,,,,,,,,,,,,,,
스태거링 포스 (/Lotus/Upgrades/Mods/Melee/WeaponStunChanceMod),Oxium Osprey (Drones/AIWeek/SuicideDrone),드론 (Drones/DroneDroneAttack),크루맨 (Spaceman/AIWeek/ShotgunSpaceman),Sensor Regulator (AIWeek/CameraDrone),그리니어 에비서레이터 (AIWeek/EviseratorLancer),그리니어 트루퍼 (AIWeek/ShotgunLancer),Arid Eviscerator (Desert/EvisceratorLancer),Arid Trooper (Desert/ShotgunLancer),Frontier Eviscerator (Forest/EvisceratorLancer),Frontier Trooper (Forest/ShotgunLancer),Frontier Regulator (SpecialEvents/ForestDrone),Regulator (SpecialEvents/SurveillanceDrone),General Sargas Ruk (Vip/SargasRuk/SargasRukNew),,,,,,,,,,,,,,,,,,,,,,,,,,,,,,,,,,,,,,,,,,,,,,,,,,,,,,,,,,,,,,,,,,,
스터닝 스피드 (/Lotus/Upgrades/Mods/Pistol/DualStat/StunningSpeedMod),,,,,,,,,,,,,,,,,,,,,,,,,,,,,,,,,,,,,,,,,,,,,,,,,,,,,,,,,,,,,,,,,,,,,,,,,,,,,,,,
스톰브링어 (/Lotus/Upgrades/Mods/Rifle/WeaponElectricityDamageMod),Lynx (QuadRobot/MiniBoss/QuadRobotMiniBoss),발리스타 (AIWeek/FemaleGrineer),Sprag (AIWeek/JetpackMelee),Ven'kra Tel (AIWeek/JetpackSniper),,,,,,,,,,,,,,,,,,,,,,,,,,,,,,,,,,,,,,,,,,,,,,,,,,,,,,,,,,,,,,,,,,,,,,,,,,,,
스트레치 (/Lotus/Upgrades/Mods/Warframe/AvatarAbilityRangeMod),쇼크웨이브 M.O.A (BipedRobot/AIWeek/ShockwaveBiped),Sapping Osprey (Drones/AIWeek/DiscDrone),리치 어스프레이 (Drones/AIWeek/LeechDrone),랩터 (Drones/Vip/DroneAttack),렉 크릴 중위 (Vip/BossLechKril),Kela De Thaym (Vip/HeavyRocketFemale),Vay Hek Terra Frame (Vip/Hek/HekBiped),Councilor Vay Hek (Vip/Hek/HekDrone),Phorid (Vip/QuadrupedVIP),,,,,,,,,,,,,,,,,,,,,,,,,,,,,,,,,,,,,,,,,,,,,,,,,,,,,,,,,,,,,,,,,,,,,,,
스트림라인 (/Lotus/Upgrades/Mods/Warframe/AvatarAbilityEfficiencyMod),Hellion (AIWeek/JetpackMarine),그리니어 랜서 (AIWeek/RifleLancer),Arid Hellion (Desert/JetpackMarine),Arid Lancer (Desert/RifleLancer),Frontier Hellion (Forest/JetpackMarine),Frontier Lancer (Forest/RifleLancer),Frontier Heavy Gunner (Forest/HeavyFemaleGrineerDesert),,,,,,,,,,,,,,,,,,,,,,,,,,,,,,,,,,,,,,,,,,,,,,,,,,,,,,,,,,,,,,,,,,,,,,,,,
스틸 차지 (/Lotus/Upgrades/Mods/Aura/PlayerMeleeAuraMod),,,,,,,,,,,,,,,,,,,,,,,,,,,,,,,,,,,,,,,,,,,,,,,,,,,,,,,,,,,,,,,,,,,,,,,,,,,,,,,,
스틸 파이버 (/Lotus/Upgrades/Mods/Warframe/AvatarArmourMod),Tyl Regor (Vip/NinjaLeader),크롤러 (AiWeek/Crawlers/Crawler),,,,,,,,,,,,,,,,,,,,,,,,,,,,,,,,,,,,,,,,,,,,,,,,,,,,,,,,,,,,,,,,,,,,,,,,,,,,,,
스틸 파이버 (센티널) (/Lotus/Upgrades/Mods/Sentinel/SentinelArmourMod),프로드 크루맨 (Spaceman/AIWeek/MeleeSpaceman),,,,,,,,,,,,,,,,,,,,,,,,,,,,,,,,,,,,,,,,,,,,,,,,,,,,,,,,,,,,,,,,,,,,,,,,,,,,,,,
스프린트 부스트 (/Lotus/Upgrades/Mods/Aura/PlayerSprintAuraMod),,,,,,,,,,,,,,,,,,,,,,,,,,,,,,,,,,,,,,,,,,,,,,,,,,,,,,,,,,,,,,,,,,,,,,,,,,,,,,,,
스플릿 체임버 (/Lotus/Upgrades/Mods/Rifle/WeaponFireIterationsMod),Sapping Osprey (Drones/AIWeek/DiscDrone),리치 어스프레이 (Drones/AIWeek/LeechDrone),랩터 (Drones/Vip/DroneAttack),Vem Tabook (DeathSquad/DeathSquadA),Leekter (DeathSquad/DeathSquadB),Shik Tal (DeathSquad/DeathSquadC),General Sargas Ruk (Vip/SargasRuk/SargasRukNew),,,,,,,,,,,,,,,,,,,,,,,,,,,,,,,,,,,,,,,,,,,,,,,,,,,,,,,,,,,,,,,,,,,,,,,,,
스피드 트리거 (/Lotus/Upgrades/Mods/Rifle/WeaponFireRateMod),차져 (AiWeek/Quadrupeds/Quadruped),,,,,,,,,,,,,,,,,,,,,,,,,,,,,,,,,,,,,,,,,,,,,,,,,,,,,,,,,,,,,,,,,,,,,,,,,,,,,,,
슬립 매거진 (/Lotus/Upgrades/Mods/Pistol/WeaponClipMaxMod),Alad V (Vip/AladV/AladBoss),Mutalist Alad V (Vip/InfestedAladV/InfestedAladBoss),그리니어 헤비 거너 (AIWeek/HeavyFemaleGrineer),Arid Heavy Gunner (Desert/HeavyFemaleGrineerDesert),Grineer Warden (Gamemodes/WardenGrineerHeavy),Grineer Warden (Gamemodes/WardenGrineerHeavyLeader),그리니어 커맨더 (GrineerMarineLeader),보어 대위 (Vip/CaptainVorBoss),Boiler (AiWeek/Ancients/SpawningAncient),Arcane Boiler (AiWeek/Ancients/SpawningAncientMiniboss),톡식 에인션트 (AiWeek/Ancients/ToxicAncient),,,,,,,,,,,,,,,,,,,,,,,,,,,,,,,,,,,,,,,,,,,,,,,,,,,,,,,,,,,,,,,,,,,,,
시브즈 위트 (/Lotus/Upgrades/Mods/Warframe/AvatarLootRadarMod),Anti Moa (BipedRobot/AIWeek/LaserDiscBiped),퓨젼 M.O.A (BipedRobot/AIWeek/SuperMoaBiped),Sergeant Nef Anyo (Spaceman/Vip/SniperBoss),쉴드 랜서 (AIWeek/ShieldLancer),,,,,,,,,,,,,,,,,,,,,,,,,,,,,,,,,,,,,,,,,,,,,,,,,,,,,,,,,,,,,,,,,,,,,,,,,,,,
시커 (/Lotus/Upgrades/Mods/Pistol/WeaponPunctureDepthMod),에인션트 힐러 (AiWeek/Ancients/HealingAncient),Swarm-Mutalist Moa (AiWeek/InfestedMoas/NaniteCloudBiped),,,,,,,,,,,,,,,,,,,,,,,,,,,,,,,,,,,,,,,,,,,,,,,,,,,,,,,,,,,,,,,,,,,,,,,,,,,,,,
시킹 포스 (/Lotus/Upgrades/Mods/Shotgun/WeaponPunctureDepthMod),그리니어 파워 피스트 (AIWeek/PistonSawman),,,,,,,,,,,,,,,,,,,,,,,,,,,,,,,,,,,,,,,,,,,,,,,,,,,,,,,,,,,,,,,,,,,,,,,,,,,,,,,
썬더클랩 (/Lotus/Upgrades/Mods/Rifle/WeaponStunChanceMod),그리니어 플레임 블레이드 (AIWeek/BlowtorchSawman),Shock (AIWeek/DeltaProsecutorLeader),Shock (AIWeek/GrineerMeleeStaffLeader),Arid Butcher (Desert/BladeSawman),Frontier Butcher (Forest/BladeSawman),,,,,,,,,,,,,,,,,,,,,,,,,,,,,,,,,,,,,,,,,,,,,,,,,,,,,,,,,,,,,,,,,,,,,,,,,,,
아이스 스톰 (/Lotus/Upgrades/Mods/Pistol/DualStat/IceStormMod),,,,,,,,,,,,,,,,,,,,,,,,,,,,,,,,,,,,,,,,,,,,,,,,,,,,,,,,,,,,,,,,,,,,,,,,,,,,,,,,
아크로뱃 (/Lotus/Upgrades/Mods/Warframe/AvatarStaminaCostMultiplierMod),레일건 M.O.A (BipedRobot/AIWeek/RailgunBiped),,,,,,,,,,,,,,,,,,,,,,,,,,,,,,,,,,,,,,,,,,,,,,,,,,,,,,,,,,,,,,,,,,,,,,,,,,,,,,,
안티톡신 (/Lotus/Upgrades/Mods/Warframe/AvatarDamageResistancePoison),퓨젼 M.O.A (BipedRobot/AIWeek/SuperMoaBiped),,,,,,,,,,,,,,,,,,,,,,,,,,,,,,,,,,,,,,,,,,,,,,,,,,,,,,,,,,,,,,,,,,,,,,,,,,,,,,,
애로우 뮤테이션 (/Lotus/Upgrades/Mods/Rifle/WeaponBowConvertAmmoMod),,,,,,,,,,,,,,,,,,,,,,,,,,,,,,,,,,,,,,,,,,,,,,,,,,,,,,,,,,,,,,,,,,,,,,,,,,,,,,,,
애모 드럼 (/Lotus/Upgrades/Mods/Rifle/WeaponAmmoMaxMod),M.O.A (BipedRobot/AIWeek/LaserCannonBiped),Corpus Power Carrier (Spaceman/AIWeek/CarrierSpaceman),크루맨 (Spaceman/AIWeek/RifleSpaceman),Grineer Power Carrier (AIWeek/CarrierRifleLancer),Hellion Power Carrier (AIWeek/JetpackMarineCarrier),,,,,,,,,,,,,,,,,,,,,,,,,,,,,,,,,,,,,,,,,,,,,,,,,,,,,,,,,,,,,,,,,,,,,,,,,,,
애모 스톡 (/Lotus/Upgrades/Mods/Shotgun/WeaponClipMaxMod),그리니어 네이팜 (AIWeek/IncendiaryBombard),,,,,,,,,,,,,,,,,,,,,,,,,,,,,,,,,,,,,,,,,,,,,,,,,,,,,,,,,,,,,,,,,,,,,,,,,,,,,,,
에너미 레이더 (/Lotus/Upgrades/Mods/Aura/PlayerEnemyRadarAuraMod),,,,,,,,,,,,,,,,,,,,,,,,,,,,,,,,,,,,,,,,,,,,,,,,,,,,,,,,,,,,,,,,,,,,,,,,,,,,,,,,
에너미 센스 (/Lotus/Upgrades/Mods/Warframe/AvatarEnemyRadarMod),그리니어 플레임 블레이드 (AIWeek/BlowtorchSawman),Shock (AIWeek/DeltaProsecutorLeader),Shock (AIWeek/GrineerMeleeStaffLeader),,,,,,,,,,,,,,,,,,,,,,,,,,,,,,,,,,,,,,,,,,,,,,,,,,,,,,,,,,,,,,,,,,,,,,,,,,,,,
에너지 사이펀 (/Lotus/Upgrades/Mods/Aura/PlayerEnergyRegenAuraMod),,,,,,,,,,,,,,,,,,,,,,,,,,,,,,,,,,,,,,,,,,,,,,,,,,,,,,,,,,,,,,,,,,,,,,,,,,,,,,,,
엑셀러레이티드 블래스트 (/Lotus/Upgrades/Mods/Shotgun/DualStat/AcceleratedBlastMod),,,,,,,,,,,,,,,,,,,,,,,,,,,,,,,,,,,,,,,,,,,,,,,,,,,,,,,,,,,,,,,,,,,,,,,,,,,,,,,,
오르건 셰터 (/Lotus/Upgrades/Mods/Melee/WeaponCritDamageMod),랩터 (Drones/Vip/DroneAttack),Lynx (QuadRobot/MiniBoss/QuadRobotMiniBoss),발리스타 (AIWeek/FemaleGrineer),Sprag (AIWeek/JetpackMelee),Ven'kra Tel (AIWeek/JetpackSniper),Boiler (AiWeek/Ancients/SpawningAncient),Arcane Boiler (AiWeek/Ancients/SpawningAncientMiniboss),톡식 에인션트 (AiWeek/Ancients/ToxicAncient),,,,,,,,,,,,,,,,,,,,,,,,,,,,,,,,,,,,,,,,,,,,,,,,,,,,,,,,,,,,,,,,,,,,,,,,
와일드 파이어 (/Lotus/Upgrades/Mods/Rifle/DualStat/WildfireMod),,,,,,,,,,,,,,,,,,,,,,,,,,,,,,,,,,,,,,,,,,,,,,,,,,,,,,,,,,,,,,,,,,,,,,,,,,,,,,,,
워리어 (/Lotus/Types/Sentinels/SentinelPrecepts/Warrior),Nullifier Crewman (Spaceman/AIWeek/NullifySpaceman),스나이퍼 크루맨 (Spaceman/AIWeek/SniperSpaceman),,,,,,,,,,,,,,,,,,,,,,,,,,,,,,,,,,,,,,,,,,,,,,,,,,,,,,,,,,,,,,,,,,,,,,,,,,,,,,
웜 코트 (/Lotus/Upgrades/Mods/Warframe/AvatarMissionSpecificResistanceIce),그리니어 봄버드 (AIWeek/RocketBombard),Boiler (AiWeek/Ancients/SpawningAncient),Arcane Boiler (AiWeek/Ancients/SpawningAncientMiniboss),톡식 에인션트 (AiWeek/Ancients/ToxicAncient),,,,,,,,,,,,,,,,,,,,,,,,,,,,,,,,,,,,,,,,,,,,,,,,,,,,,,,,,,,,,,,,,,,,,,,,,,,,
이글 아이 (/Lotus/Upgrades/Mods/Rifle/WeaponZoomFovMod),크롤러 (AiWeek/Crawlers/Crawler),,,,,,,,,,,,,,,,,,,,,,,,,,,,,,,,,,,,,,,,,,,,,,,,,,,,,,,,,,,,,,,,,,,,,,,,,,,,,,,
익스펠 그리니어 (/Lotus/Upgrades/Mods/Pistol/WeaponPistolFactionDamageGrineer),그리니어 봄버드 (AIWeek/RocketBombard),,,,,,,,,,,,,,,,,,,,,,,,,,,,,,,,,,,,,,,,,,,,,,,,,,,,,,,,,,,,,,,,,,,,,,,,,,,,,,,
익스펠 인페스티드 (/Lotus/Upgrades/Mods/Pistol/WeaponPistolFactionDamageInfested),에인션트 디스럽터 (AiWeek/Ancients/Ancient),Brood Mother (AiWeek/Ancients/DiseasedAncient),Tar-Mutalist Moa (AiWeek/InfestedMoas/SlowBombBiped),,,,,,,,,,,,,,,,,,,,,,,,,,,,,,,,,,,,,,,,,,,,,,,,,,,,,,,,,,,,,,,,,,,,,,,,,,,,,
익스펠 코퍼스 (/Lotus/Upgrades/Mods/Pistol/WeaponPistolFactionDamageCorpus),,,,,,,,,,,,,,,,,,,,,,,,,,,,,,,,,,,,,,,,,,,,,,,,,,,,,,,,,,,,,,,,,,,,,,,,,,,,,,,,
인설레이션 (/Lotus/Upgrades/Mods/Warframe/AvatarDamageResistanceIce),그리니어 네이팜 (AIWeek/IncendiaryBombard),,,,,,,,,,,,,,,,,,,,,,,,,,,,,,,,,,,,,,,,,,,,,,,,,,,,,,,,,,,,,,,,,,,,,,,,,,,,,,,
인센디어리 코트 (/Lotus/Upgrades/Mods/Shotgun/WeaponFireDamageMod),Nullifier Crewman (Spaceman/AIWeek/NullifySpaceman),스나이퍼 크루맨 (Spaceman/AIWeek/SniperSpaceman),,,,,,,,,,,,,,,,,,,,,,,,,,,,,,,,,,,,,,,,,,,,,,,,,,,,,,,,,,,,,,,,,,,,,,,,,,,,,,
인페스티드 임피던스 (/Lotus/Upgrades/Mods/Aura/InfestationSpeedReductionAuraMod),,,,,,,,,,,,,,,,,,,,,,,,,,,,,,,,,,,,,,,,,,,,,,,,,,,,,,,,,,,,,,,,,,,,,,,,,,,,,,,,
차지드 셸 (/Lotus/Upgrades/Mods/Shotgun/WeaponElectricityDamageMod),Corpus Warden (Gamemodes/DeployableSpacemanWarden),Corpus Warden (Gamemodes/DeployableSpacemanWardenLeader),코퍼스 테크 (Spaceman/AIWeek/DeployableSpaceman),,,,,,,,,,,,,,,,,,,,,,,,,,,,,,,,,,,,,,,,,,,,,,,,,,,,,,,,,,,,,,,,,,,,,,,,,,,,,
차지드 체임버 (/Lotus/Upgrades/Mods/Rifle/SniperReloadDamageMod),레일건 M.O.A (BipedRobot/AIWeek/RailgunBiped),,,,,,,,,,,,,,,,,,,,,,,,,,,,,,,,,,,,,,,,,,,,,,,,,,,,,,,,,,,,,,,,,,,,,,,,,,,,,,,
칠링 그래스프 (/Lotus/Upgrades/Mods/Shotgun/WeaponFreezeDamageMod),프로드 크루맨 (Spaceman/AIWeek/MeleeSpaceman),,,,,,,,,,,,,,,,,,,,,,,,,,,,,,,,,,,,,,,,,,,,,,,,,,,,,,,,,,,,,,,,,,,,,,,,,,,,,,,
칸스티튜션 (/Lotus/Upgrades/Mods/Warframe/DualStat/ConstitutionMod),,,,,,,,,,,,,,,,,,,,,,,,,,,,,,,,,,,,,,,,,,,,,,,,,,,,,,,,,,,,,,,,,,,,,,,,,,,,,,,,
컨벌젼 (/Lotus/Upgrades/Mods/Pistol/WeaponElectricityDamageMod),Oxium Osprey (Drones/AIWeek/SuicideDrone),드론 (Drones/DroneDroneAttack),Sensor Regulator (AIWeek/CameraDrone),Frontier Regulator (SpecialEvents/ForestDrone),Regulator (SpecialEvents/SurveillanceDrone),차져 (AiWeek/Quadrupeds/Quadruped),,,,,,,,,,,,,,,,,,,,,,,,,,,,,,,,,,,,,,,,,,,,,,,,,,,,,,,,,,,,,,,,,,,,,,,,,,
컨티뉴어티 (/Lotus/Upgrades/Mods/Warframe/AvatarAbilityDurationMod),General Sargas Ruk (Vip/SargasRuk/SargasRukNew),,,,,,,,,,,,,,,,,,,,,,,,,,,,,,,,,,,,,,,,,,,,,,,,,,,,,,,,,,,,,,,,,,,,,,,,,,,,,,,
코로시브 프로젝션 (/Lotus/Upgrades/Mods/Aura/EnemyArmorReductionAuraMod),,,,,,,,,,,,,,,,,,,,,,,,,,,,,,,,,,,,,,,,,,,,,,,,,,,,,,,,,,,,,,,,,,,,,,,,,,,,,,,,
퀵 드로우 (/Lotus/Upgrades/Mods/Pistol/WeaponReloadSpeedMod),Alad V (Vip/AladV/AladBoss),Mutalist Alad V (Vip/InfestedAladV/InfestedAladBoss),엘리트 그리니어 랜서 (AIWeek/EliteRifleLancer),Elite Arid Lancer (Desert/EliteRifleLancer),Elite Frontier Lancer (Forest/EliteRifleLancer),보어 대위 (Vip/CaptainVorBoss),크롤러 (AiWeek/Crawlers/Crawler),노져스 크롤러 (AiWeek/Crawlers/GraspingCrawler),,,,,,,,,,,,,,,,,,,,,,,,,,,,,,,,,,,,,,,,,,,,,,,,,,,,,,,,,,,,,,,,,,,,,,,,
퀵 레스트 (/Lotus/Upgrades/Mods/Warframe/AvatarStaminaRechargeRateMod),쉴드 랜서 (AIWeek/ShieldLancer),,,,,,,,,,,,,,,,,,,,,,,,,,,,,,,,,,,,,,,,,,,,,,,,,,,,,,,,,,,,,,,,,,,,,,,,,,,,,,,
크라우드 디스퍼젼 (/Lotus/Types/Sentinels/SentinelPrecepts/CrowdDispersion),Sapping Osprey (Drones/AIWeek/DiscDrone),리치 어스프레이 (Drones/AIWeek/LeechDrone),,,,,,,,,,,,,,,,,,,,,,,,,,,,,,,,,,,,,,,,,,,,,,,,,,,,,,,,,,,,,,,,,,,,,,,,,,,,,,
크라우드 컨트롤 (/Lotus/Upgrades/Mods/Shotgun/WeaponStunChanceMod),Anti Moa (BipedRobot/AIWeek/LaserDiscBiped),프로드 크루맨 (Spaceman/AIWeek/MeleeSpaceman),General Sargas Ruk (Vip/SargasRuk/SargasRukNew),,,,,,,,,,,,,,,,,,,,,,,,,,,,,,,,,,,,,,,,,,,,,,,,,,,,,,,,,,,,,,,,,,,,,,,,,,,,,
크라이오 라운즈 (/Lotus/Upgrades/Mods/Rifle/WeaponFreezeDamageMod),쇼크웨이브 M.O.A (BipedRobot/AIWeek/ShockwaveBiped),렉 크릴 중위 (Vip/BossLechKril),Kela De Thaym (Vip/HeavyRocketFemale),Tyl Regor (Vip/NinjaLeader),Vay Hek Terra Frame (Vip/Hek/HekBiped),Councilor Vay Hek (Vip/Hek/HekDrone),Phorid (Vip/QuadrupedVIP),,,,,,,,,,,,,,,,,,,,,,,,,,,,,,,,,,,,,,,,,,,,,,,,,,,,,,,,,,,,,,,,,,,,,,,,,
클렌즈 그리니어 (/Lotus/Upgrades/Mods/Shotgun/WeaponShotgunFactionDamageGrineer),Corpus Warden (Gamemodes/DeployableSpacemanWarden),Corpus Warden (Gamemodes/DeployableSpacemanWardenLeader),코퍼스 테크 (Spaceman/AIWeek/DeployableSpaceman),,,,,,,,,,,,,,,,,,,,,,,,,,,,,,,,,,,,,,,,,,,,,,,,,,,,,,,,,,,,,,,,,,,,,,,,,,,,,
클렌즈 인페스티드 (/Lotus/Upgrades/Mods/Shotgun/WeaponShotgunFactionDamageInfested),리퍼 (AiWeek/Runners/LeapingRunner),,,,,,,,,,,,,,,,,,,,,,,,,,,,,,,,,,,,,,,,,,,,,,,,,,,,,,,,,,,,,,,,,,,,,,,,,,,,,,,
클렌즈 코퍼스 (/Lotus/Upgrades/Mods/Shotgun/WeaponShotgunFactionDamageCorpus),그리니어 플레임 블레이드 (AIWeek/BlowtorchSawman),Shock (AIWeek/DeltaProsecutorLeader),Shock (AIWeek/GrineerMeleeStaffLeader),,,,,,,,,,,,,,,,,,,,,,,,,,,,,,,,,,,,,,,,,,,,,,,,,,,,,,,,,,,,,,,,,,,,,,,,,,,,,
킬링 블로우 (/Lotus/Upgrades/Mods/Melee/WeaponMeleeHeavyDamageMod),Arid Seeker (Desert/GrineerMarinePistol),Frontier Seeker (Forest/GrineerMarinePistol),그리니어 씨커 (GrineerMarinePistol),렉 크릴 중위 (Vip/BossLechKril),Kela De Thaym (Vip/HeavyRocketFemale),Vay Hek Terra Frame (Vip/Hek/HekBiped),Councilor Vay Hek (Vip/Hek/HekDrone),Phorid (Vip/QuadrupedVIP),,,,,,,,,,,,,,,,,,,,,,,,,,,,,,,,,,,,,,,,,,,,,,,,,,,,,,,,,,,,,,,,,,,,,,,,
타겟 크랙커 (/Lotus/Upgrades/Mods/Pistol/WeaponCritDamageMod),그리니어 파워 피스트 (AIWeek/PistonSawman),,,,,,,,,,,,,,,,,,,,,,,,,,,,,,,,,,,,,,,,,,,,,,,,,,,,,,,,,,,,,,,,,,,,,,,,,,,,,,,
택티컬 펌프 (/Lotus/Upgrades/Mods/Shotgun/WeaponReloadSpeedMod),자칼 (QuadRobot/QuadRobot),그리니어 봄버드 (AIWeek/RocketBombard),,,,,,,,,,,,,,,,,,,,,,,,,,,,,,,,,,,,,,,,,,,,,,,,,,,,,,,,,,,,,,,,,,,,,,,,,,,,,,
트루 스틸 (/Lotus/Upgrades/Mods/Melee/WeaponCritChanceMod),쉴드 어스프레이 (Drones/AIWeek/ShieldDrone),Scavenger Drone (Drones/AIWeek/VacDrone),Lynx Osprey (QuadRobot/MiniBoss/ShieldDroneMiniBoss),Lynx Turret (QuadRobot/MiniBoss/TurretQuadMiniBoss),Hyena Th (Vip/Hyena/HyenaElec),Hyena Ng (Vip/Hyena/HyenaFire),Hyena Pb (Vip/Hyena/HyenaGun),Hyena Ln2 (Vip/Hyena/HyenaIce),그리니어 봄버드 (AIWeek/RocketBombard),그리니어 롤러 (AIWeek/RollingDrone),Tyl Regor (Vip/NinjaLeader),,,,,,,,,,,,,,,,,,,,,,,,,,,,,,,,,,,,,,,,,,,,,,,,,,,,,,,,,,,,,,,,,,,,,
트릭 매거진 (/Lotus/Upgrades/Mods/Pistol/WeaponAmmoMaxMod),레일건 M.O.A (BipedRobot/AIWeek/RailgunBiped),쇼크웨이브 M.O.A (BipedRobot/AIWeek/ShockwaveBiped),쉴드 어스프레이 (Drones/AIWeek/ShieldDrone),Lynx Osprey (QuadRobot/MiniBoss/ShieldDroneMiniBoss),Lynx Turret (QuadRobot/MiniBoss/TurretQuadMiniBoss),Hyena Th (Vip/Hyena/HyenaElec),Hyena Ng (Vip/Hyena/HyenaFire),Hyena Pb (Vip/Hyena/HyenaGun),Hyena Ln2 (Vip/Hyena/HyenaIce),그리니어 플레임 블레이드 (AIWeek/BlowtorchSawman),Shock (AIWeek/DeltaProsecutorLeader),Shock (AIWeek/GrineerMeleeStaffLeader),그리니어 롤러 (AIWeek/RollingDrone),Lobber Crawler (AiWeek/Crawlers/Grenade),녹셔스 크롤러 (AiWeek/Crawlers/NoxiousCrawler),,,,,,,,,,,,,,,,,,,,,,,,,,,,,,,,,,,,,,,,,,,,,,,,,,,,,,,,,,,,,,,,,
패스트 디플렉션 (/Lotus/Upgrades/Mods/Warframe/AvatarShieldRechargeRateMod),Ambulas (BipedRobot/Vip/BossBiped),쉴드 어스프레이 (Drones/AIWeek/ShieldDrone),Lynx Osprey (QuadRobot/MiniBoss/ShieldDroneMiniBoss),Lynx Turret (QuadRobot/MiniBoss/TurretQuadMiniBoss),그리니어 롤러 (AIWeek/RollingDrone),,,,,,,,,,,,,,,,,,,,,,,,,,,,,,,,,,,,,,,,,,,,,,,,,,,,,,,,,,,,,,,,,,,,,,,,,,,
패스트 디플렉션 (센티널) (/Lotus/Upgrades/Mods/Sentinel/SentinelShieldRechargeRateMod),Arid Seeker (Desert/GrineerMarinePistol),Frontier Seeker (Forest/GrineerMarinePistol),그리니어 씨커 (GrineerMarinePistol),Boiler (AiWeek/Ancients/SpawningAncient),Arcane Boiler (AiWeek/Ancients/SpawningAncientMiniboss),톡식 에인션트 (AiWeek/Ancients/ToxicAncient),,,,,,,,,,,,,,,,,,,,,,,,,,,,,,,,,,,,,,,,,,,,,,,,,,,,,,,,,,,,,,,,,,,,,,,,,,
패스트 핸즈 (/Lotus/Upgrades/Mods/Rifle/WeaponReloadSpeedMod),Drahk Master (AIWeek/BeastMaster),그리니어 쏘우맨 (AIWeek/BladeSawman),Guardsman (AIWeek/GrineerMeleeStaff),,,,,,,,,,,,,,,,,,,,,,,,,,,,,,,,,,,,,,,,,,,,,,,,,,,,,,,,,,,,,,,,,,,,,,,,,,,,,
포인트 블랭크 (/Lotus/Upgrades/Mods/Shotgun/WeaponDamageAmountMod),러너 (AiWeek/Runners/SuicideRunner),,,,,,,,,,,,,,,,,,,,,,,,,,,,,,,,,,,,,,,,,,,,,,,,,,,,,,,,,,,,,,,,,,,,,,,,,,,,,,,
포인트 스트라이크 (/Lotus/Upgrades/Mods/Rifle/WeaponCritChanceMod),Corpus Warden (Gamemodes/DeployableSpacemanWarden),Corpus Warden (Gamemodes/DeployableSpacemanWardenLeader),코퍼스 테크 (Spaceman/AIWeek/DeployableSpaceman),Drahk Master (AIWeek/BeastMaster),그리니어 쏘우맨 (AIWeek/BladeSawman),Guardsman (AIWeek/GrineerMeleeStaff),그리니어 네이팜 (AIWeek/IncendiaryBombard),,,,,,,,,,,,,,,,,,,,,,,,,,,,,,,,,,,,,,,,,,,,,,,,,,,,,,,,,,,,,,,,,,,,,,,,,
포커스 (/Lotus/Upgrades/Mods/Warframe/AvatarAbilityStrengthMod),Alad V (Vip/AladV/AladBoss),Mutalist Alad V (Vip/InfestedAladV/InfestedAladBoss),보어 대위 (Vip/CaptainVorBoss),스토커 (Stalker/Stalker),,,,,,,,,,,,,,,,,,,,,,,,,,,,,,,,,,,,,,,,,,,,,,,,,,,,,,,,,,,,,,,,,,,,,,,,,,,,
포커스 에너지 (/Lotus/Upgrades/Mods/Melee/DualStat/FocusEnergyMod),,,,,,,,,,,,,,,,,,,,,,,,,,,,,,,,,,,,,,,,,,,,,,,,,,,,,,,,,,,,,,,,,,,,,,,,,,,,,,,,
포티튜드 (/Lotus/Upgrades/Mods/Warframe/DualStat/FortitudeMod),,,,,,,,,,,,,,,,,,,,,,,,,,,,,,,,,,,,,,,,,,,,,,,,,,,,,,,,,,,,,,,,,,,,,,,,,,,,,,,,
퓨리 (/Lotus/Upgrades/Mods/Melee/WeaponFireRateMod),Oxium Osprey (Drones/AIWeek/SuicideDrone),드론 (Drones/DroneDroneAttack),Corpus Power Carrier (Spaceman/AIWeek/CarrierSpaceman),크루맨 (Spaceman/AIWeek/RifleSpaceman),Elite Crewman (Spaceman/EliteSpaceman),Sensor Regulator (AIWeek/CameraDrone),Grineer Power Carrier (AIWeek/CarrierRifleLancer),Hellion Power Carrier (AIWeek/JetpackMarineCarrier),Frontier Regulator (SpecialEvents/ForestDrone),Regulator (SpecialEvents/SurveillanceDrone),,,,,,,,,,,,,,,,,,,,,,,,,,,,,,,,,,,,,,,,,,,,,,,,,,,,,,,,,,,,,,,,,,,,,,
프레셔 포인트 (/Lotus/Upgrades/Mods/Melee/WeaponMeleeDamageMod),Ambulas (BipedRobot/Vip/BossBiped),마인 어스프레이 (Drones/AIWeek/MineDrone),Drahk Master (AIWeek/BeastMaster),그리니어 쏘우맨 (AIWeek/BladeSawman),Guardsman (AIWeek/GrineerMeleeStaff),Hellion (AIWeek/JetpackMarine),그리니어 랜서 (AIWeek/RifleLancer),Arid Hellion (Desert/JetpackMarine),Arid Lancer (Desert/RifleLancer),Frontier Hellion (Forest/JetpackMarine),Frontier Lancer (Forest/RifleLancer),Frontier Heavy Gunner (Forest/HeavyFemaleGrineerDesert),General Sargas Ruk (Vip/SargasRuk/SargasRukNew),Lobber Crawler (AiWeek/Crawlers/Grenade),녹셔스 크롤러 (AiWeek/Crawlers/NoxiousCrawler),Mutalist-Osprey (AiWeek/InfestedDrones/PoisonDrone),,,,,,,,,,,,,,,,,,,,,,,,,,,,,,,,,,,,,,,,,,,,,,,,,,,,,,,,,,,,,,,,
플레솃 (/Lotus/Upgrades/Mods/Shotgun/WeaponArmorPiercingDamageMod),쉴드 랜서 (AIWeek/ShieldLancer),에인션트 디스럽터 (AiWeek/Ancients/Ancient),Brood Mother (AiWeek/Ancients/DiseasedAncient),Tar-Mutalist Moa (AiWeek/InfestedMoas/SlowBombBiped),,,,,,,,,,,,,,,,,,,,,,,,,,,,,,,,,,,,,,,,,,,,,,,,,,,,,,,,,,,,,,,,,,,,,,,,,,,,
플레임 리펠런트 (/Lotus/Upgrades/Mods/Warframe/AvatarDamageResistanceFire),그리니어 플레임 블레이드 (AIWeek/BlowtorchSawman),Shock (AIWeek/DeltaProsecutorLeader),Shock (AIWeek/GrineerMeleeStaffLeader),에인션트 힐러 (AiWeek/Ancients/HealingAncient),Swarm-Mutalist Moa (AiWeek/InfestedMoas/NaniteCloudBiped),,,,,,,,,,,,,,,,,,,,,,,,,,,,,,,,,,,,,,,,,,,,,,,,,,,,,,,,,,,,,,,,,,,,,,,,,,,
플로우 (/Lotus/Upgrades/Mods/Warframe/AvatarPowerMaxMod),Drahk Master (AIWeek/BeastMaster),그리니어 쏘우맨 (AIWeek/BladeSawman),Guardsman (AIWeek/GrineerMeleeStaff),Arid Butcher (Desert/BladeSawman),Frontier Butcher (Forest/BladeSawman),Infested Mesa (TennoReplicants/TennoReplicantGunslinger),,,,,,,,,,,,,,,,,,,,,,,,,,,,,,,,,,,,,,,,,,,,,,,,,,,,,,,,,,,,,,,,,,,,,,,,,,
피스톨 갬빗 (/Lotus/Upgrades/Mods/Pistol/WeaponCritChanceMod),프로드 크루맨 (Spaceman/AIWeek/MeleeSpaceman),그리니어 에비서레이터 (AIWeek/EviseratorLancer),그리니어 트루퍼 (AIWeek/ShotgunLancer),Arid Eviscerator (Desert/EvisceratorLancer),Arid Trooper (Desert/ShotgunLancer),Frontier Eviscerator (Forest/EvisceratorLancer),Frontier Trooper (Forest/ShotgunLancer),,,,,,,,,,,,,,,,,,,,,,,,,,,,,,,,,,,,,,,,,,,,,,,,,,,,,,,,,,,,,,,,,,,,,,,,,
피스톨 스케빈져 (/Lotus/Upgrades/Mods/Aura/PlayerPistolAmmoAuraMod),,,,,,,,,,,,,,,,,,,,,,,,,,,,,,,,,,,,,,,,,,,,,,,,,,,,,,,,,,,,,,,,,,,,,,,,,,,,,,,,
피스톨 아모 뮤테이션 (/Lotus/Upgrades/Mods/Pistol/WeaponPistolConvertAmmoMod),,,,,,,,,,,,,,,,,,,,,,,,,,,,,,,,,,,,,,,,,,,,,,,,,,,,,,,,,,,,,,,,,,,,,,,,,,,,,,,,
피어싱 히트 (/Lotus/Upgrades/Mods/Rifle/WeaponArmorPiercingDamageMod),쇼크웨이브 M.O.A (BipedRobot/AIWeek/ShockwaveBiped),,,,,,,,,,,,,,,,,,,,,,,,,,,,,,,,,,,,,,,,,,,,,,,,,,,,,,,,,,,,,,,,,,,,,,,,,,,,,,,
피지크 (/Lotus/Upgrades/Mods/Aura/PlayerHealthAuraMod),,,,,,,,,,,,,,,,,,,,,,,,,,,,,,,,,,,,,,,,,,,,,,,,,,,,,,,,,,,,,,,,,,,,,,,,,,,,,,,,
해머 샷 (/Lotus/Upgrades/Mods/Rifle/DualStat/HammerShotMod),,,,,,,,,,,,,,,,,,,,,,,,,,,,,,,,,,,,,,,,,,,,,,,,,,,,,,,,,,,,,,,,,,,,,,,,,,,,,,,,
핸드스프링 (/Lotus/Upgrades/Mods/Warframe/AvatarKnockdownRecoveryMod),Corpus Warden (Gamemodes/DeployableSpacemanWarden),Corpus Warden (Gamemodes/DeployableSpacemanWardenLeader),자칼 (QuadRobot/QuadRobot),코퍼스 테크 (Spaceman/AIWeek/DeployableSpaceman),,,,,,,,,,,,,,,,,,,,,,,,,,,,,,,,,,,,,,,,,,,,,,,,,,,,,,,,,,,,,,,,,,,,,,,,,,,,
헤비 임펙트 (/Lotus/Upgrades/Mods/Warframe/AvatarFallingImpactMod),그리니어 스콜피온 (AIWeek/MacheteWoman),Lobber Crawler (AiWeek/Crawlers/Grenade),녹셔스 크롤러 (AiWeek/Crawlers/NoxiousCrawler),스토커 (Stalker/Stalker),,,,,,,,,,,,,,,,,,,,,,,,,,,,,,,,,,,,,,,,,,,,,,,,,,,,,,,,,,,,,,,,,,,,,,,,,,,,
헬스 체임버 (/Lotus/Upgrades/Mods/Shotgun/WeaponFireIterationsMod),Oxium Osprey (Drones/AIWeek/SuicideDrone),드론 (Drones/DroneDroneAttack),Sensor Regulator (AIWeek/CameraDrone),Vem Tabook (DeathSquad/DeathSquadA),Leekter (DeathSquad/DeathSquadB),Shik Tal (DeathSquad/DeathSquadC),Frontier Regulator (SpecialEvents/ForestDrone),Regulator (SpecialEvents/SurveillanceDrone),,,,,,,,,,,,,,,,,,,,,,,,,,,,,,,,,,,,,,,,,,,,,,,,,,,,,,,,,,,,,,,,,,,,,,,,
헬파이어 (/Lotus/Upgrades/Mods/Rifle/WeaponFireDamageMod),Ambulas (BipedRobot/Vip/BossBiped),쉴드 어스프레이 (Drones/AIWeek/ShieldDrone),Lynx Osprey (QuadRobot/MiniBoss/ShieldDroneMiniBoss),Lynx Turret (QuadRobot/MiniBoss/TurretQuadMiniBoss),그리니어 롤러 (AIWeek/RollingDrone),,,,,,,,,,,,,,,,,,,,,,,,,,,,,,,,,,,,,,,,,,,,,,,,,,,,,,,,,,,,,,,,,,,,,,,,,,,
호넷 스트라이크 (/Lotus/Upgrades/Mods/Pistol/WeaponDamageAmountMod),Boiler (AiWeek/Ancients/SpawningAncient),Arcane Boiler (AiWeek/Ancients/SpawningAncientMiniboss),톡식 에인션트 (AiWeek/Ancients/ToxicAncient),,,,,,,,,,,,,,,,,,,,,,,,,,,,,,,,,,,,,,,,,,,,,,,,,,,,,,,,,,,,,,,,,,,,,,,,,,,,,
호크 아이 (/Lotus/Upgrades/Mods/Pistol/WeaponPistolZoomFovMod),,,,,,,,,,,,,,,,,,,,,,,,,,,,,,,,,,,,,,,,,,,,,,,,,,,,,,,,,,,,,,,,,,,,,,,,,,,,,,,,
휠윈드 (/Lotus/Upgrades/Mods/Melee/WeaponGlaiveSpeedMod),Corrupted Heavy Gunner (OrokinHeavyFemale),Corrupted Nullifier (OrokinNullifySpaceman),Corrupted Bombard (OrokinRocketBombard),,,,,,,,,,,,,,,,,,,,,,,,,,,,,,,,,,,,,,,,,,,,,,,,,,,,,,,,,,,,,,,,,,,,,,,,,,,,,
히티드 차지 (/Lotus/Upgrades/Mods/Pistol/WeaponFireDamageMod),Ambulas (BipedRobot/Vip/BossBiped),Alad V (Vip/AladV/AladBoss),Mutalist Alad V (Vip/InfestedAladV/InfestedAladBoss),Hellion (AIWeek/JetpackMarine),그리니어 랜서 (AIWeek/RifleLancer),Arid Hellion (Desert/JetpackMarine),Arid Lancer (Desert/RifleLancer),Frontier Hellion (Forest/JetpackMarine),Frontier Lancer (Forest/RifleLancer),Frontier Heavy Gunner (Forest/HeavyFemaleGrineerDesert),보어 대위 (Vip/CaptainVorBoss),,,,,,,,,,,,,,,,,,,,,,,,,,,,,,,,,,,,,,,,,,,,,,,,,,,,,,,,,,,,,,,,,,,,,
