Mod,Drop Locations,,,,,,,,,,,,,,,,,,,,,,,,,,,,,,,,,,,,,,,,,,,,,,,,,,,,,,,,,,
/Lotus/Upgrades/Mods/Fusers/RareLvl5ModFuser,,,,,,,,,,,,,,,,,,,,,,,,,,,,,,,,,,,,,,,,,,,,,,,,,,,,,,,,,,,
Absorb(/Lotus/Powersuits/Jade/SelfBulletAttractorAbilityCard),General Sargas Ruk (Vip/SargasRuk/SargasRukNew),,,,,,,,,,,,,,,,,,,,,,,,,,,,,,,,,,,,,,,,,,,,,,,,,,,,,,,,,,
Accelerated Blast(/Lotus/Upgrades/Mods/Shotgun/DualStat/AcceleratedBlastMod),,,,,,,,,,,,,,,,,,,,,,,,,,,,,,,,,,,,,,,,,,,,,,,,,,,,,,,,,,,
Acrobat(/Lotus/Upgrades/Mods/Warframe/AvatarStaminaCostMultiplierMod),レールガン Moa (BipedRobot/AIWeek/RailgunBiped),,,,,,,,,,,,,,,,,,,,,,,,,,,,,,,,,,,,,,,,,,,,,,,,,,,,,,,,,,
Ammo Drum(/Lotus/Upgrades/Mods/Rifle/WeaponAmmoMaxMod),Moa (BipedRobot/AIWeek/LaserCannonBiped),クルーマン (Spaceman/AIWeek/RifleSpaceman),,,,,,,,,,,,,,,,,,,,,,,,,,,,,,,,,,,,,,,,,,,,,,,,,,,,,,,,,
Ammo Stock(/Lotus/Upgrades/Mods/Shotgun/WeaponClipMaxMod),Grineer ナパーム (AIWeek/IncendiaryBombard),,,,,,,,,,,,,,,,,,,,,,,,,,,,,,,,,,,,,,,,,,,,,,,,,,,,,,,,,,
Antimatter Drop(/Lotus/Powersuits/AntiMatter/AntiMatterDropAbilityCard),Arid Seeker (Desert/GrineerMarinePistol),Frontier Seeker (Forest/GrineerMarinePistol),Grineer シーカー (GrineerMarinePistol),,,,,,,,,,,,,,,,,,,,,,,,,,,,,,,,,,,,,,,,,,,,,,,,,,,,,,,,
Antitoxin(/Lotus/Upgrades/Mods/Warframe/AvatarDamageResistancePoison),フュージョン Moa (BipedRobot/AIWeek/SuperMoaBiped),Corrupted Moa (OrokinMoaBiped),Fusion Moa Guardian (TennoReplicants/TennoMoaBiped),,,,,,,,,,,,,,,,,,,,,,,,,,,,,,,,,,,,,,,,,,,,,,,,,,,,,,,,
Arrow Mutation(/Lotus/Upgrades/Mods/Rifle/WeaponBowConvertAmmoMod),,,,,,,,,,,,,,,,,,,,,,,,,,,,,,,,,,,,,,,,,,,,,,,,,,,,,,,,,,,
Avalanche(/Lotus/Powersuits/Frost/AvalancheAbilityCard),Grineer スコーピオン (AIWeek/MacheteWoman),,,,,,,,,,,,,,,,,,,,,,,,,,,,,,,,,,,,,,,,,,,,,,,,,,,,,,,,,,
Bane of Corpus(/Lotus/Upgrades/Mods/Rifle/WeaponFactionDamageCorpus),クローラー (AiWeek/Crawlers/Crawler),,,,,,,,,,,,,,,,,,,,,,,,,,,,,,,,,,,,,,,,,,,,,,,,,,,,,,,,,,
Bane of Grineer(/Lotus/Upgrades/Mods/Rifle/WeaponFactionDamageGrineer),Grineer スコーチ (AIWeek/FlameLancer),,,,,,,,,,,,,,,,,,,,,,,,,,,,,,,,,,,,,,,,,,,,,,,,,,,,,,,,,,
Bane of Infested(/Lotus/Upgrades/Mods/Rifle/WeaponFactionDamageInfested),Grineer パワーフィスト (AIWeek/PistonSawman),,,,,,,,,,,,,,,,,,,,,,,,,,,,,,,,,,,,,,,,,,,,,,,,,,,,,,,,,,
Barrel Diffusion(/Lotus/Upgrades/Mods/Pistol/WeaponFireIterationsMod),Arid Seeker (Desert/GrineerMarinePistol),Frontier Seeker (Forest/GrineerMarinePistol),Grineer シーカー (GrineerMarinePistol),,,,,,,,,,,,,,,,,,,,,,,,,,,,,,,,,,,,,,,,,,,,,,,,,,,,,,,,
Bastille(/Lotus/Powersuits/Trapper/LevTrapAbilityCard),バリスタ (AIWeek/FemaleGrineer),,,,,,,,,,,,,,,,,,,,,,,,,,,,,,,,,,,,,,,,,,,,,,,,,,,,,,,,,,
Berserker(/Lotus/Upgrades/Mods/Melee/WeaponCritFireRateBonusMod),Corrupted Ancient (OrokinHealingAncient),,,,,,,,,,,,,,,,,,,,,,,,,,,,,,,,,,,,,,,,,,,,,,,,,,,,,,,,,,
Blade Storm(/Lotus/Powersuits/Ninja/NinjaStormAbilityCard),Arid Seeker (Desert/GrineerMarinePistol),Frontier Seeker (Forest/GrineerMarinePistol),Grineer シーカー (GrineerMarinePistol),Tyl Regor (Vip/NinjaLeader),,,,,,,,,,,,,,,,,,,,,,,,,,,,,,,,,,,,,,,,,,,,,,,,,,,,,,,
Blaze(/Lotus/Upgrades/Mods/Shotgun/DualStat/BlazeMod),,,,,,,,,,,,,,,,,,,,,,,,,,,,,,,,,,,,,,,,,,,,,,,,,,,,,,,,,,,
Bleeding Willow(/Lotus/Weapons/Tenno/Melee/MeleeTrees/PolearmCmbTwoMeleeTree),Corrupted Moa (OrokinMoaBiped),Fusion Moa Guardian (TennoReplicants/TennoMoaBiped),,,,,,,,,,,,,,,,,,,,,,,,,,,,,,,,,,,,,,,,,,,,,,,,,,,,,,,,,
Blessing(/Lotus/Powersuits/Trinity/BlessingAbilityCard),レールガン Moa (BipedRobot/AIWeek/RailgunBiped),,,,,,,,,,,,,,,,,,,,,,,,,,,,,,,,,,,,,,,,,,,,,,,,,,,,,,,,,,
Blind Rage(/Lotus/Upgrades/Mods/Warframe/DualStat/CorruptedPowerEfficiencyWarframe),,,,,,,,,,,,,,,,,,,,,,,,,,,,,,,,,,,,,,,,,,,,,,,,,,,,,,,,,,,
Blunderbuss(/Lotus/Upgrades/Mods/Shotgun/WeaponCritChanceMod),Jackal (QuadRobot/QuadRobot),Grineer ヘビーガンナー (AIWeek/HeavyFemaleGrineer),Arid Butcher (Desert/BladeSawman),Arid Heavy Gunner (Desert/HeavyFemaleGrineerDesert),Frontier Butcher (Forest/BladeSawman),Grineer コマンダー (GrineerMarineLeader),Lobber Crawler (AiWeek/Crawlers/Grenade),ノキシャス クローラー (AiWeek/Crawlers/NoxiousCrawler),,,,,,,,,,,,,,,,,,,,,,,,,,,,,,,,,,,,,,,,,,,,,,,,,,,
Bounce(/Lotus/Powersuits/Trapper/BounceTrapAbilityCard),マイン オスプレイ (Drones/AIWeek/MineDrone),,,,,,,,,,,,,,,,,,,,,,,,,,,,,,,,,,,,,,,,,,,,,,,,,,,,,,,,,,
Brutal Tide(/Lotus/Weapons/Tenno/Melee/MeleeTrees/PunchKickCmbTwoMeleeTree),トキシック エンシェント (AiWeek/Ancients/ToxicAncient),,,,,,,,,,,,,,,,,,,,,,,,,,,,,,,,,,,,,,,,,,,,,,,,,,,,,,,,,,
Bullet Attractor(/Lotus/Powersuits/Mag/BulletAttractorAbilityCard),Grineer スコーピオン (AIWeek/MacheteWoman),,,,,,,,,,,,,,,,,,,,,,,,,,,,,,,,,,,,,,,,,,,,,,,,,,,,,,,,,,
Burdened Magazine(/Lotus/Upgrades/Mods/Shotgun/DualStat/CorruptedMaxClipReloadSpeedShotgun),,,,,,,,,,,,,,,,,,,,,,,,,,,,,,,,,,,,,,,,,,,,,,,,,,,,,,,,,,,
Burning Wasp(/Lotus/Weapons/Tenno/Melee/MeleeTrees/WhipCmbOneMeleeTree),Corrupted Lancer (RifleLancer),,,,,,,,,,,,,,,,,,,,,,,,,,,,,,,,,,,,,,,,,,,,,,,,,,,,,,,,,,
Chaos(/Lotus/Powersuits/Jade/ChaosAbilityCard),チャージャー (AiWeek/Quadrupeds/Quadruped),,,,,,,,,,,,,,,,,,,,,,,,,,,,,,,,,,,,,,,,,,,,,,,,,,,,,,,,,,
Charged Chamber(/Lotus/Upgrades/Mods/Rifle/SniperReloadDamageMod),レールガン Moa (BipedRobot/AIWeek/RailgunBiped),,,,,,,,,,,,,,,,,,,,,,,,,,,,,,,,,,,,,,,,,,,,,,,,,,,,,,,,,,
Charged Shell(/Lotus/Upgrades/Mods/Shotgun/WeaponElectricityDamageMod),Corpus テック (Spaceman/AIWeek/DeployableSpaceman),,,,,,,,,,,,,,,,,,,,,,,,,,,,,,,,,,,,,,,,,,,,,,,,,,,,,,,,,,
Chilling Grasp(/Lotus/Upgrades/Mods/Shotgun/WeaponFreezeDamageMod),プロッド クルーマン (Spaceman/AIWeek/MeleeSpaceman),,,,,,,,,,,,,,,,,,,,,,,,,,,,,,,,,,,,,,,,,,,,,,,,,,,,,,,,,,
Clashing Forest(/Lotus/Weapons/Tenno/Melee/MeleeTrees/StaffCmbOneMeleeTree),Corrupted Ancient (OrokinHealingAncient),,,,,,,,,,,,,,,,,,,,,,,,,,,,,,,,,,,,,,,,,,,,,,,,,,,,,,,,,,
Cleanse Corpus(/Lotus/Upgrades/Mods/Shotgun/WeaponShotgunFactionDamageCorpus),Grineer フレイムブレイド (AIWeek/BlowtorchSawman),Guardsman (AIWeek/GrineerMeleeStaffLeader),,,,,,,,,,,,,,,,,,,,,,,,,,,,,,,,,,,,,,,,,,,,,,,,,,,,,,,,,
Cleanse Grineer(/Lotus/Upgrades/Mods/Shotgun/WeaponShotgunFactionDamageGrineer),Corpus テック (Spaceman/AIWeek/DeployableSpaceman),,,,,,,,,,,,,,,,,,,,,,,,,,,,,,,,,,,,,,,,,,,,,,,,,,,,,,,,,,
Cleanse Infested(/Lotus/Upgrades/Mods/Shotgun/WeaponShotgunFactionDamageInfested),リーパー (AiWeek/Runners/LeapingRunner),,,,,,,,,,,,,,,,,,,,,,,,,,,,,,,,,,,,,,,,,,,,,,,,,,,,,,,,,,
Cleaving Whirlwind(/Lotus/Weapons/Tenno/Melee/MeleeTrees/AxeCmbTwoMeleeTree),エンシェント ディスラプター (AiWeek/Ancients/Ancient),,,,,,,,,,,,,,,,,,,,,,,,,,,,,,,,,,,,,,,,,,,,,,,,,,,,,,,,,,
Coiling Viper(/Lotus/Weapons/Tenno/Melee/MeleeTrees/WhipCmbTwoMeleeTree),Corrupted Crewman (RifleSpaceman),,,,,,,,,,,,,,,,,,,,,,,,,,,,,,,,,,,,,,,,,,,,,,,,,,,,,,,,,,
Common Fusion Core(/Lotus/Upgrades/Mods/Fusers/CommonModFuser),Moa (BipedRobot/AIWeek/LaserCannonBiped),レールガン Moa (BipedRobot/AIWeek/RailgunBiped),ショックウェーブ Moa (BipedRobot/AIWeek/ShockwaveBiped),フュージョン Moa (BipedRobot/AIWeek/SuperMoaBiped),リーチ オスプレイ (Drones/AIWeek/LeechDrone),マイン オスプレイ (Drones/AIWeek/MineDrone),シールド オスプレイ (Drones/AIWeek/ShieldDrone),Oxium Osprey (Drones/AIWeek/SuicideDrone),Corpus テック (Spaceman/AIWeek/DeployableSpaceman),プロッド クルーマン (Spaceman/AIWeek/MeleeSpaceman),クルーマン (Spaceman/AIWeek/RifleSpaceman),クルーマン (Spaceman/AIWeek/ShotgunSpaceman),Elite Crewman (Spaceman/EliteSpaceman),Grineer ソーマン (AIWeek/BladeSawman),Grineer フレイムブレイド (AIWeek/BlowtorchSawman),Grineer イヴィスレイター (AIWeek/EviseratorLancer),バリスタ (AIWeek/FemaleGrineer),Grineer スコーチ (AIWeek/FlameLancer),Guardsman (AIWeek/GrineerMeleeStaff),Guardsman (AIWeek/GrineerMeleeStaffLeader),Grineer ヘビーガンナー (AIWeek/HeavyFemaleGrineer),Grineer スコーピオン (AIWeek/MacheteWoman),Grineer ボンバード (AIWeek/RocketBombard),Grineer ローラー (AIWeek/RollingDrone),シールド ランサー (AIWeek/ShieldLancer),Grineer トルーパー (AIWeek/ShotgunLancer),Arid Butcher (Desert/BladeSawman),Arid Eviscerator (Desert/EvisceratorLancer),Arid Trooper (Desert/ShotgunLancer),Arid Heavy Gunner (Desert/HeavyFemaleGrineerDesert),Frontier Butcher (Forest/BladeSawman),Frontier Eviscerator (Forest/EvisceratorLancer),Frontier Trooper (Forest/ShotgunLancer),Frontier Regulator (SpecialEvents/ForestDrone),Regulator (SpecialEvents/SurveillanceDrone),Vay Hek Terra Frame (Vip/Hek/HekBiped),エンシェント ディスラプター (AiWeek/Ancients/Ancient),エンシェント ヒーラー (AiWeek/Ancients/HealingAncient),トキシック エンシェント (AiWeek/Ancients/ToxicAncient),クローラー (AiWeek/Crawlers/Crawler),ノーシャス クローラー (AiWeek/Crawlers/GraspingCrawler),Lobber Crawler (AiWeek/Crawlers/Grenade),ノキシャス クローラー (AiWeek/Crawlers/NoxiousCrawler),チャージャー (AiWeek/Quadrupeds/Quadruped),リーパー (AiWeek/Runners/LeapingRunner),ランナー (AiWeek/Runners/SuicideRunner),Corrupted Ancient (OrokinHealingAncient),Corrupted Moa (OrokinMoaBiped),Orokin Drone (OrokinShieldDrone),Corrupted Crewman (RifleSpaceman),Fusion Moa Guardian (TennoReplicants/TennoMoaBiped),,,,,,,,
Concussion Rounds(/Lotus/Upgrades/Mods/Pistol/WeaponImpactDamageMod),クルーマン (Spaceman/AIWeek/ShotgunSpaceman),ランナー (AiWeek/Runners/SuicideRunner),,,,,,,,,,,,,,,,,,,,,,,,,,,,,,,,,,,,,,,,,,,,,,,,,,,,,,,,,
Constitution(/Lotus/Upgrades/Mods/Warframe/DualStat/ConstitutionMod),,,,,,,,,,,,,,,,,,,,,,,,,,,,,,,,,,,,,,,,,,,,,,,,,,,,,,,,,,,
Contagion(/Lotus/Powersuits/Saryn/WeaponPoisonAbilityCard),クルーマン (Spaceman/AIWeek/RifleSpaceman),Corrupted Crewman (RifleSpaceman),,,,,,,,,,,,,,,,,,,,,,,,,,,,,,,,,,,,,,,,,,,,,,,,,,,,,,,,,
Contagious Spread(/Lotus/Upgrades/Mods/Shotgun/WeaponToxinDamageMod),Scavenger Drone (Drones/AIWeek/VacDrone),Electric Crawler (AiWeek/Crawlers/Lightning),,,,,,,,,,,,,,,,,,,,,,,,,,,,,,,,,,,,,,,,,,,,,,,,,,,,,,,,,
Continuity(/Lotus/Upgrades/Mods/Warframe/AvatarAbilityDurationMod),General Sargas Ruk (Vip/SargasRuk/SargasRukNew),,,,,,,,,,,,,,,,,,,,,,,,,,,,,,,,,,,,,,,,,,,,,,,,,,,,,,,,,,
Convulsion(/Lotus/Upgrades/Mods/Pistol/WeaponElectricityDamageMod),Oxium Osprey (Drones/AIWeek/SuicideDrone),Frontier Regulator (SpecialEvents/ForestDrone),Regulator (SpecialEvents/SurveillanceDrone),チャージャー (AiWeek/Quadrupeds/Quadruped),,,,,,,,,,,,,,,,,,,,,,,,,,,,,,,,,,,,,,,,,,,,,,,,,,,,,,,
Coolant Leak(/Lotus/Types/Sentinels/SentinelPrecepts/CoolantLeak),Orokin Drone (OrokinShieldDrone),,,,,,,,,,,,,,,,,,,,,,,,,,,,,,,,,,,,,,,,,,,,,,,,,,,,,,,,,,
Corrosive Projection(/Lotus/Upgrades/Mods/Aura/EnemyArmorReductionAuraMod),,,,,,,,,,,,,,,,,,,,,,,,,,,,,,,,,,,,,,,,,,,,,,,,,,,,,,,,,,,
Corrupt Charge(/Lotus/Upgrades/Mods/Melee/DualStat/CorruptedHeavyDamageChargeSpeedMod),,,,,,,,,,,,,,,,,,,,,,,,,,,,,,,,,,,,,,,,,,,,,,,,,,,,,,,,,,,
Crimson Dervish(/Lotus/Weapons/Tenno/Melee/MeleeTrees/CrimsonDervishMeleeTree),Grineer ボンバード (AIWeek/RocketBombard),,,,,,,,,,,,,,,,,,,,,,,,,,,,,,,,,,,,,,,,,,,,,,,,,,,,,,,,,,
Critical Delay(/Lotus/Upgrades/Mods/Rifle/DualStat/CorruptedCritRateFireRateRifle),,,,,,,,,,,,,,,,,,,,,,,,,,,,,,,,,,,,,,,,,,,,,,,,,,,,,,,,,,,
Crossing Snakes(/Lotus/Weapons/Tenno/Melee/MeleeTrees/DualSwordCmbTwoMeleeTree),Grineer ランサー エリート (AIWeek/EliteRifleLancer),Elite Arid Lancer (Desert/EliteRifleLancer),Elite Frontier Lancer (Forest/EliteRifleLancer),,,,,,,,,,,,,,,,,,,,,,,,,,,,,,,,,,,,,,,,,,,,,,,,,,,,,,,,
Crowd Control(/Lotus/Upgrades/Mods/Shotgun/WeaponStunChanceMod),Anti Moa (BipedRobot/AIWeek/LaserDiscBiped),プロッド クルーマン (Spaceman/AIWeek/MeleeSpaceman),General Sargas Ruk (Vip/SargasRuk/SargasRukNew),,,,,,,,,,,,,,,,,,,,,,,,,,,,,,,,,,,,,,,,,,,,,,,,,,,,,,,,
Crowd Dispersion(/Lotus/Types/Sentinels/SentinelPrecepts/CrowdDispersion),リーチ オスプレイ (Drones/AIWeek/LeechDrone),,,,,,,,,,,,,,,,,,,,,,,,,,,,,,,,,,,,,,,,,,,,,,,,,,,,,,,,,,
Crush(/Lotus/Powersuits/Mag/CrushAbilityCard),エンシェント ディスラプター (AiWeek/Ancients/Ancient),,,,,,,,,,,,,,,,,,,,,,,,,,,,,,,,,,,,,,,,,,,,,,,,,,,,,,,,,,
Crushing Ruin(/Lotus/Weapons/Tenno/Melee/MeleeTrees/HammerCmbTwoMeleeTree),Arid Seeker (Desert/GrineerMarinePistol),Frontier Seeker (Forest/GrineerMarinePistol),Grineer シーカー (GrineerMarinePistol),,,,,,,,,,,,,,,,,,,,,,,,,,,,,,,,,,,,,,,,,,,,,,,,,,,,,,,,
Cryo Rounds(/Lotus/Upgrades/Mods/Rifle/WeaponFreezeDamageMod),ショックウェーブ Moa (BipedRobot/AIWeek/ShockwaveBiped),Lt Lech Kril (Vip/BossLechKril),Kela De Thaym (Vip/HeavyRocketFemale),Tyl Regor (Vip/NinjaLeader),Vay Hek Terra Frame (Vip/Hek/HekBiped),,,,,,,,,,,,,,,,,,,,,,,,,,,,,,,,,,,,,,,,,,,,,,,,,,,,,,
Dead Eye(/Lotus/Upgrades/Mods/Aura/PlayerSniperDamageAuraMod),,,,,,,,,,,,,,,,,,,,,,,,,,,,,,,,,,,,,,,,,,,,,,,,,,,,,,,,,,,
Decisive Judgement(/Lotus/Weapons/Tenno/Melee/MeleeTrees/KatanaCmbTwoMeleeTree),,,,,,,,,,,,,,,,,,,,,,,,,,,,,,,,,,,,,,,,,,,,,,,,,,,,,,,,,,,
Decoy(/Lotus/Powersuits/Loki/DecoyAbilityCard),リーパー (AiWeek/Runners/LeapingRunner),,,,,,,,,,,,,,,,,,,,,,,,,,,,,,,,,,,,,,,,,,,,,,,,,,,,,,,,,,
Deep Freeze(/Lotus/Upgrades/Mods/Pistol/WeaponFreezeDamageMod),,,,,,,,,,,,,,,,,,,,,,,,,,,,,,,,,,,,,,,,,,,,,,,,,,,,,,,,,,,
Desecrate(/Lotus/Powersuits/Necro/SearchTheDeadAbilityCard),Corrupted Heavy Gunner (OrokinHeavyFemale),,,,,,,,,,,,,,,,,,,,,,,,,,,,,,,,,,,,,,,,,,,,,,,,,,,,,,,,,,
Diamond Skin(/Lotus/Upgrades/Mods/Warframe/AvatarDamageResistanceLaser),リーチ オスプレイ (Drones/AIWeek/LeechDrone),Hellion (AIWeek/JetpackMarine),Grineer ランサー (AIWeek/RifleLancer),Arid Hellion (Desert/JetpackMarine),Arid Lancer (Desert/RifleLancer),Frontier Hellion (Forest/JetpackMarine),Frontier Lancer (Forest/RifleLancer),Frontier Heavy Gunner (Forest/HeavyFemaleGrineerDesert),,,,,,,,,,,,,,,,,,,,,,,,,,,,,,,,,,,,,,,,,,,,,,,,,,,
Disruptor(/Lotus/Upgrades/Mods/Shotgun/WeaponImpactDamageMod),Grineer イヴィスレイター (AIWeek/EviseratorLancer),Grineer トルーパー (AIWeek/ShotgunLancer),Arid Eviscerator (Desert/EvisceratorLancer),Arid Trooper (Desert/ShotgunLancer),Frontier Eviscerator (Forest/EvisceratorLancer),Frontier Trooper (Forest/ShotgunLancer),,,,,,,,,,,,,,,,,,,,,,,,,,,,,,,,,,,,,,,,,,,,,,,,,,,,,
Dive Bomb(/Lotus/Powersuits/Tengu/DiveBombAbilityCard),Grineer ナパーム (AIWeek/IncendiaryBombard),,,,,,,,,,,,,,,,,,,,,,,,,,,,,,,,,,,,,,,,,,,,,,,,,,,,,,,,,,
Eagle Eye(/Lotus/Upgrades/Mods/Rifle/WeaponZoomFovMod),クローラー (AiWeek/Crawlers/Crawler),,,,,,,,,,,,,,,,,,,,,,,,,,,,,,,,,,,,,,,,,,,,,,,,,,,,,,,,,,
Electric Shield(/Lotus/Powersuits/Volt/ShieldAbilityCard),Grineer スコーチ (AIWeek/FlameLancer),,,,,,,,,,,,,,,,,,,,,,,,,,,,,,,,,,,,,,,,,,,,,,,,,,,,,,,,,,
Enduring Strike(/Lotus/Upgrades/Mods/Melee/Channel/ChannelStatusMod),,,,,,,,,,,,,,,,,,,,,,,,,,,,,,,,,,,,,,,,,,,,,,,,,,,,,,,,,,,
Enemy Radar(/Lotus/Upgrades/Mods/Aura/PlayerEnemyRadarAuraMod),,,,,,,,,,,,,,,,,,,,,,,,,,,,,,,,,,,,,,,,,,,,,,,,,,,,,,,,,,,
Enemy Sense(/Lotus/Upgrades/Mods/Warframe/AvatarEnemyRadarMod),Grineer フレイムブレイド (AIWeek/BlowtorchSawman),Guardsman (AIWeek/GrineerMeleeStaffLeader),,,,,,,,,,,,,,,,,,,,,,,,,,,,,,,,,,,,,,,,,,,,,,,,,,,,,,,,,
Energy Siphon(/Lotus/Upgrades/Mods/Aura/PlayerEnergyRegenAuraMod),,,,,,,,,,,,,,,,,,,,,,,,,,,,,,,,,,,,,,,,,,,,,,,,,,,,,,,,,,,
Energy Vampire(/Lotus/Powersuits/Trinity/EnergyVampireAbilityCard),リーパー (AiWeek/Runners/LeapingRunner),,,,,,,,,,,,,,,,,,,,,,,,,,,,,,,,,,,,,,,,,,,,,,,,,,,,,,,,,,
Expel Corpus(/Lotus/Upgrades/Mods/Pistol/WeaponPistolFactionDamageCorpus),,,,,,,,,,,,,,,,,,,,,,,,,,,,,,,,,,,,,,,,,,,,,,,,,,,,,,,,,,,
Expel Grineer(/Lotus/Upgrades/Mods/Pistol/WeaponPistolFactionDamageGrineer),Grineer ボンバード (AIWeek/RocketBombard),,,,,,,,,,,,,,,,,,,,,,,,,,,,,,,,,,,,,,,,,,,,,,,,,,,,,,,,,,
Expel Infested(/Lotus/Upgrades/Mods/Pistol/WeaponPistolFactionDamageInfested),エンシェント ディスラプター (AiWeek/Ancients/Ancient),,,,,,,,,,,,,,,,,,,,,,,,,,,,,,,,,,,,,,,,,,,,,,,,,,,,,,,,,,
Fast Deflection(/Lotus/Upgrades/Mods/Sentinel/SentinelShieldRechargeRateMod),Arid Seeker (Desert/GrineerMarinePistol),Frontier Seeker (Forest/GrineerMarinePistol),Grineer シーカー (GrineerMarinePistol),トキシック エンシェント (AiWeek/Ancients/ToxicAncient),,,,,,,,,,,,,,,,,,,,,,,,,,,,,,,,,,,,,,,,,,,,,,,,,,,,,,,
Fast Deflection(/Lotus/Upgrades/Mods/Warframe/AvatarShieldRechargeRateMod),Ambulas (BipedRobot/Vip/BossBiped),シールド オスプレイ (Drones/AIWeek/ShieldDrone),Grineer ローラー (AIWeek/RollingDrone),,,,,,,,,,,,,,,,,,,,,,,,,,,,,,,,,,,,,,,,,,,,,,,,,,,,,,,,
Fast Hands(/Lotus/Upgrades/Mods/Rifle/WeaponReloadSpeedMod),Grineer ソーマン (AIWeek/BladeSawman),Guardsman (AIWeek/GrineerMeleeStaff),,,,,,,,,,,,,,,,,,,,,,,,,,,,,,,,,,,,,,,,,,,,,,,,,,,,,,,,,
Fatal Attraction(/Lotus/Types/Sentinels/SentinelPrecepts/Bait),Corrupted Moa (OrokinMoaBiped),Fusion Moa Guardian (TennoReplicants/TennoMoaBiped),,,,,,,,,,,,,,,,,,,,,,,,,,,,,,,,,,,,,,,,,,,,,,,,,,,,,,,,,
Fever Strike(/Lotus/Upgrades/Mods/Melee/WeaponToxinDamageMod),Arid Butcher (Desert/BladeSawman),Frontier Butcher (Forest/BladeSawman),,,,,,,,,,,,,,,,,,,,,,,,,,,,,,,,,,,,,,,,,,,,,,,,,,,,,,,,,
Finishing Touch(/Lotus/Upgrades/Mods/Melee/WeaponMeleeFinisherDamageMod),Corrupted Lancer (RifleLancer),,,,,,,,,,,,,,,,,,,,,,,,,,,,,,,,,,,,,,,,,,,,,,,,,,,,,,,,,,
Fireball(/Lotus/Powersuits/Ember/FireBallAbilityCard),エンシェント ディスラプター (AiWeek/Ancients/Ancient),,,,,,,,,,,,,,,,,,,,,,,,,,,,,,,,,,,,,,,,,,,,,,,,,,,,,,,,,,
Fired Up(/Lotus/Upgrades/Mods/Sentinel/SentinelOverheatDamageMod),Orokin Drone (OrokinShieldDrone),Corrupted Crewman (RifleSpaceman),,,,,,,,,,,,,,,,,,,,,,,,,,,,,,,,,,,,,,,,,,,,,,,,,,,,,,,,,
Firestorm(/Lotus/Upgrades/Mods/Rifle/WeaponIncreaseRadialExplosionMod),トキシック エンシェント (AiWeek/Ancients/ToxicAncient),,,,,,,,,,,,,,,,,,,,,,,,,,,,,,,,,,,,,,,,,,,,,,,,,,,,,,,,,,
Flailing Branch(/Lotus/Weapons/Tenno/Melee/MeleeTrees/StaffCmbTwoMeleeTree),Corrupted Heavy Gunner (OrokinHeavyFemale),,,,,,,,,,,,,,,,,,,,,,,,,,,,,,,,,,,,,,,,,,,,,,,,,,,,,,,,,,
Flame Repellent(/Lotus/Upgrades/Mods/Warframe/AvatarDamageResistanceFire),Grineer フレイムブレイド (AIWeek/BlowtorchSawman),Guardsman (AIWeek/GrineerMeleeStaffLeader),エンシェント ヒーラー (AiWeek/Ancients/HealingAncient),,,,,,,,,,,,,,,,,,,,,,,,,,,,,,,,,,,,,,,,,,,,,,,,,,,,,,,,
Flechette(/Lotus/Upgrades/Mods/Shotgun/WeaponArmorPiercingDamageMod),シールド ランサー (AIWeek/ShieldLancer),エンシェント ディスラプター (AiWeek/Ancients/Ancient),,,,,,,,,,,,,,,,,,,,,,,,,,,,,,,,,,,,,,,,,,,,,,,,,,,,,,,,,
Fleeting Expertise(/Lotus/Upgrades/Mods/Warframe/DualStat/CorruptedEfficiencyDurationWarframe),,,,,,,,,,,,,,,,,,,,,,,,,,,,,,,,,,,,,,,,,,,,,,,,,,,,,,,,,,,
Flow(/Lotus/Upgrades/Mods/Warframe/AvatarPowerMaxMod),Grineer ソーマン (AIWeek/BladeSawman),Guardsman (AIWeek/GrineerMeleeStaff),Arid Butcher (Desert/BladeSawman),Frontier Butcher (Forest/BladeSawman),,,,,,,,,,,,,,,,,,,,,,,,,,,,,,,,,,,,,,,,,,,,,,,,,,,,,,,
Focus Energy(/Lotus/Upgrades/Mods/Melee/DualStat/FocusEnergyMod),,,,,,,,,,,,,,,,,,,,,,,,,,,,,,,,,,,,,,,,,,,,,,,,,,,,,,,,,,,
Focus(/Lotus/Upgrades/Mods/Warframe/AvatarAbilityStrengthMod),Alad V (Vip/AladV/AladBoss),Captain Vor (Vip/CaptainVorBoss),Vor (Vip/VorTwo/VorTwoBoss),,,,,,,,,,,,,,,,,,,,,,,,,,,,,,,,,,,,,,,,,,,,,,,,,,,,,,,,
Fortitude(/Lotus/Upgrades/Mods/Warframe/DualStat/FortitudeMod),,,,,,,,,,,,,,,,,,,,,,,,,,,,,,,,,,,,,,,,,,,,,,,,,,,,,,,,,,,
Fracturing Wind(/Lotus/Weapons/Tenno/Melee/MeleeTrees/FistCmbOneMeleeTree),チャージャー (AiWeek/Quadrupeds/Quadruped),,,,,,,,,,,,,,,,,,,,,,,,,,,,,,,,,,,,,,,,,,,,,,,,,,,,,,,,,,
Freeze(/Lotus/Powersuits/Frost/IcicleAbilityCard),Scavenger Drone (Drones/AIWeek/VacDrone),プロッド クルーマン (Spaceman/AIWeek/MeleeSpaceman),バリスタ (AIWeek/FemaleGrineer),,,,,,,,,,,,,,,,,,,,,,,,,,,,,,,,,,,,,,,,,,,,,,,,,,,,,,,,
Fury(/Lotus/Upgrades/Mods/Melee/WeaponFireRateMod),Oxium Osprey (Drones/AIWeek/SuicideDrone),クルーマン (Spaceman/AIWeek/RifleSpaceman),Elite Crewman (Spaceman/EliteSpaceman),Frontier Regulator (SpecialEvents/ForestDrone),Regulator (SpecialEvents/SurveillanceDrone),,,,,,,,,,,,,,,,,,,,,,,,,,,,,,,,,,,,,,,,,,,,,,,,,,,,,,
Ghost(/Lotus/Types/Sentinels/SentinelPrecepts/Ghost),ランナー (AiWeek/Runners/SuicideRunner),,,,,,,,,,,,,,,,,,,,,,,,,,,,,,,,,,,,,,,,,,,,,,,,,,,,,,,,,,
Glaive Power Throw(/Lotus/Upgrades/Mods/Melee/WeaponGlaivePowerthrowMod),Corrupted Lancer (RifleLancer),,,,,,,,,,,,,,,,,,,,,,,,,,,,,,,,,,,,,,,,,,,,,,,,,,,,,,,,,,
Glaive Reflection(/Lotus/Upgrades/Mods/Melee/WeaponGlaiveReflectionDecreaseMod),J3 Golem (Vip/GolemFull),Corrupted Crewman (RifleSpaceman),,,,,,,,,,,,,,,,,,,,,,,,,,,,,,,,,,,,,,,,,,,,,,,,,,,,,,,,,
Glaive Refraction(/Lotus/Upgrades/Mods/Melee/WeaponGlaiveReflectionIncreaseMod),J3 Golem (Vip/GolemFull),,,,,,,,,,,,,,,,,,,,,,,,,,,,,,,,,,,,,,,,,,,,,,,,,,,,,,,,,,
Gleaming Talon(/Lotus/Weapons/Tenno/Melee/MeleeTrees/GlaiveCmbOneMeleeTree),リーチ オスプレイ (Drones/AIWeek/LeechDrone),,,,,,,,,,,,,,,,,,,,,,,,,,,,,,,,,,,,,,,,,,,,,,,,,,,,,,,,,,
Gnashing Payara(/Lotus/Weapons/Tenno/Melee/MeleeTrees/DualDaggerCmbTwoMeleeTree),Elite Crewman (Spaceman/EliteSpaceman),,,,,,,,,,,,,,,,,,,,,,,,,,,,,,,,,,,,,,,,,,,,,,,,,,,,,,,,,,
Grim Fury(/Lotus/Weapons/Tenno/Melee/MeleeTrees/PunchKickCmbOneMeleeTree),Grineer パワーフィスト (AIWeek/PistonSawman),,,,,,,,,,,,,,,,,,,,,,,,,,,,,,,,,,,,,,,,,,,,,,,,,,,,,,,,,,
Gunslinger(/Lotus/Upgrades/Mods/Pistol/WeaponFireRateMod),Scavenger Drone (Drones/AIWeek/VacDrone),Alad V (Vip/AladV/AladBoss),Grineer ナパーム (AIWeek/IncendiaryBombard),Captain Vor (Vip/CaptainVorBoss),,,,,,,,,,,,,,,,,,,,,,,,,,,,,,,,,,,,,,,,,,,,,,,,,,,,,,,
Hallowed Ground(/Lotus/Powersuits/Paladin/StairwayToHeavenAbilityCard),レールガン Moa (BipedRobot/AIWeek/RailgunBiped),,,,,,,,,,,,,,,,,,,,,,,,,,,,,,,,,,,,,,,,,,,,,,,,,,,,,,,,,,
Hammer Shot(/Lotus/Upgrades/Mods/Rifle/DualStat/HammerShotMod),,,,,,,,,,,,,,,,,,,,,,,,,,,,,,,,,,,,,,,,,,,,,,,,,,,,,,,,,,,
Handspring(/Lotus/Upgrades/Mods/Warframe/AvatarKnockdownRecoveryMod),Jackal (QuadRobot/QuadRobot),Corpus テック (Spaceman/AIWeek/DeployableSpaceman),,,,,,,,,,,,,,,,,,,,,,,,,,,,,,,,,,,,,,,,,,,,,,,,,,,,,,,,,
Hawk Eye(/Lotus/Upgrades/Mods/Pistol/WeaponPistolZoomFovMod),,,,,,,,,,,,,,,,,,,,,,,,,,,,,,,,,,,,,,,,,,,,,,,,,,,,,,,,,,,
Heated Charge(/Lotus/Upgrades/Mods/Pistol/WeaponFireDamageMod),Ambulas (BipedRobot/Vip/BossBiped),Alad V (Vip/AladV/AladBoss),Hellion (AIWeek/JetpackMarine),Grineer ランサー (AIWeek/RifleLancer),Arid Hellion (Desert/JetpackMarine),Arid Lancer (Desert/RifleLancer),Frontier Hellion (Forest/JetpackMarine),Frontier Lancer (Forest/RifleLancer),Frontier Heavy Gunner (Forest/HeavyFemaleGrineerDesert),Captain Vor (Vip/CaptainVorBoss),,,,,,,,,,,,,,,,,,,,,,,,,,,,,,,,,,,,,,,,,,,,,,,,,
Heavy Caliber(/Lotus/Upgrades/Mods/Rifle/DualStat/CorruptedDamageRecoilRifle),,,,,,,,,,,,,,,,,,,,,,,,,,,,,,,,,,,,,,,,,,,,,,,,,,,,,,,,,,,
Heavy Impact(/Lotus/Upgrades/Mods/Warframe/AvatarFallingImpactMod),Grineer スコーピオン (AIWeek/MacheteWoman),Lobber Crawler (AiWeek/Crawlers/Grenade),ノキシャス クローラー (AiWeek/Crawlers/NoxiousCrawler),,,,,,,,,,,,,,,,,,,,,,,,,,,,,,,,,,,,,,,,,,,,,,,,,,,,,,,,
Heavy Trauma(/Lotus/Upgrades/Mods/Melee/WeaponImpactDamageMod),Hellion (AIWeek/JetpackMarine),Grineer ランサー (AIWeek/RifleLancer),Arid Hellion (Desert/JetpackMarine),Arid Lancer (Desert/RifleLancer),Frontier Hellion (Forest/JetpackMarine),Frontier Lancer (Forest/RifleLancer),Frontier Heavy Gunner (Forest/HeavyFemaleGrineerDesert),,,,,,,,,,,,,,,,,,,,,,,,,,,,,,,,,,,,,,,,,,,,,,,,,,,,
Hell's Chamber(/Lotus/Upgrades/Mods/Shotgun/WeaponFireIterationsMod),Oxium Osprey (Drones/AIWeek/SuicideDrone),Frontier Regulator (SpecialEvents/ForestDrone),Regulator (SpecialEvents/SurveillanceDrone),,,,,,,,,,,,,,,,,,,,,,,,,,,,,,,,,,,,,,,,,,,,,,,,,,,,,,,,
Hellfire(/Lotus/Upgrades/Mods/Rifle/WeaponFireDamageMod),Ambulas (BipedRobot/Vip/BossBiped),シールド オスプレイ (Drones/AIWeek/ShieldDrone),Grineer ローラー (AIWeek/RollingDrone),,,,,,,,,,,,,,,,,,,,,,,,,,,,,,,,,,,,,,,,,,,,,,,,,,,,,,,,
Hollow Point(/Lotus/Upgrades/Mods/Pistol/DualStat/CorruptedCritDamagePistol),,,,,,,,,,,,,,,,,,,,,,,,,,,,,,,,,,,,,,,,,,,,,,,,,,,,,,,,,,,
Homing Fang(/Lotus/Weapons/Tenno/Melee/MeleeTrees/DaggerCmbOneMeleeTree),ノーシャス クローラー (AiWeek/Crawlers/GraspingCrawler),,,,,,,,,,,,,,,,,,,,,,,,,,,,,,,,,,,,,,,,,,,,,,,,,,,,,,,,,,
Hornet Strike(/Lotus/Upgrades/Mods/Pistol/WeaponDamageAmountMod),トキシック エンシェント (AiWeek/Ancients/ToxicAncient),,,,,,,,,,,,,,,,,,,,,,,,,,,,,,,,,,,,,,,,,,,,,,,,,,,,,,,,,,
Hush(/Lotus/Upgrades/Mods/Rifle/WeaponNoiseReductionMod),Orokin Drone (OrokinShieldDrone),,,,,,,,,,,,,,,,,,,,,,,,,,,,,,,,,,,,,,,,,,,,,,,,,,,,,,,,,,
Hysteria(/Lotus/Powersuits/Berserker/LastStandAbilityCard),Anti Moa (BipedRobot/AIWeek/LaserDiscBiped),,,,,,,,,,,,,,,,,,,,,,,,,,,,,,,,,,,,,,,,,,,,,,,,,,,,,,,,,,
Ice Storm(/Lotus/Upgrades/Mods/Pistol/DualStat/IceStormMod),,,,,,,,,,,,,,,,,,,,,,,,,,,,,,,,,,,,,,,,,,,,,,,,,,,,,,,,,,,
Ice Wave(/Lotus/Powersuits/Frost/IceSpikeAbilityCard),Grineer イヴィスレイター (AIWeek/EviseratorLancer),Grineer トルーパー (AIWeek/ShotgunLancer),Arid Eviscerator (Desert/EvisceratorLancer),Arid Trooper (Desert/ShotgunLancer),Frontier Eviscerator (Forest/EvisceratorLancer),Frontier Trooper (Forest/ShotgunLancer),Lobber Crawler (AiWeek/Crawlers/Grenade),ノキシャス クローラー (AiWeek/Crawlers/NoxiousCrawler),,,,,,,,,,,,,,,,,,,,,,,,,,,,,,,,,,,,,,,,,,,,,,,,,,,
Incendiary Coat(/Lotus/Upgrades/Mods/Shotgun/WeaponFireDamageMod),スナイパー クルーマン (Spaceman/AIWeek/SniperSpaceman),,,,,,,,,,,,,,,,,,,,,,,,,,,,,,,,,,,,,,,,,,,,,,,,,,,,,,,,,,
Infected Clip(/Lotus/Upgrades/Mods/Rifle/WeaponToxinDamageMod),クルーマン (Spaceman/AIWeek/ShotgunSpaceman),Elite Crewman (Spaceman/EliteSpaceman),Corrupted Lancer (RifleLancer),,,,,,,,,,,,,,,,,,,,,,,,,,,,,,,,,,,,,,,,,,,,,,,,,,,,,,,,
Infested Impedance(/Lotus/Upgrades/Mods/Aura/InfestationSpeedReductionAuraMod),,,,,,,,,,,,,,,,,,,,,,,,,,,,,,,,,,,,,,,,,,,,,,,,,,,,,,,,,,,
Insulation(/Lotus/Upgrades/Mods/Warframe/AvatarDamageResistanceIce),Grineer ナパーム (AIWeek/IncendiaryBombard),,,,,,,,,,,,,,,,,,,,,,,,,,,,,,,,,,,,,,,,,,,,,,,,,,,,,,,,,,
Intruder(/Lotus/Upgrades/Mods/Warframe/AvatarTimeLimitIncreaseMod),Corrupted Heavy Gunner (OrokinHeavyFemale),,,,,,,,,,,,,,,,,,,,,,,,,,,,,,,,,,,,,,,,,,,,,,,,,,,,,,,,,,
Invisibility(/Lotus/Powersuits/Loki/InvisibilityAbilityCard),Grineer ヘビーガンナー (AIWeek/HeavyFemaleGrineer),Arid Heavy Gunner (Desert/HeavyFemaleGrineerDesert),Grineer コマンダー (GrineerMarineLeader),,,,,,,,,,,,,,,,,,,,,,,,,,,,,,,,,,,,,,,,,,,,,,,,,,,,,,,,
Iron Phoenix(/Lotus/Weapons/Tenno/Melee/MeleeTrees/IronPhoenixMeleeTree),Hellion (AIWeek/JetpackMarine),Grineer ランサー (AIWeek/RifleLancer),Arid Hellion (Desert/JetpackMarine),Arid Lancer (Desert/RifleLancer),Frontier Hellion (Forest/JetpackMarine),Frontier Lancer (Forest/RifleLancer),Frontier Heavy Gunner (Forest/HeavyFemaleGrineerDesert),,,,,,,,,,,,,,,,,,,,,,,,,,,,,,,,,,,,,,,,,,,,,,,,,,,,
Iron Skin(/Lotus/Powersuits/Rhino/IronSkinAbilityCard),エンシェント ヒーラー (AiWeek/Ancients/HealingAncient),,,,,,,,,,,,,,,,,,,,,,,,,,,,,,,,,,,,,,,,,,,,,,,,,,,,,,,,,,
Jagged Edge(/Lotus/Upgrades/Mods/Melee/WeaponSlashDamageMod),Elite Crewman (Spaceman/EliteSpaceman),,,,,,,,,,,,,,,,,,,,,,,,,,,,,,,,,,,,,,,,,,,,,,,,,,,,,,,,,,
Killing Blow(/Lotus/Upgrades/Mods/Melee/WeaponMeleeHeavyDamageMod),Arid Seeker (Desert/GrineerMarinePistol),Frontier Seeker (Forest/GrineerMarinePistol),Grineer シーカー (GrineerMarinePistol),Lt Lech Kril (Vip/BossLechKril),Kela De Thaym (Vip/HeavyRocketFemale),Vay Hek Terra Frame (Vip/Hek/HekBiped),,,,,,,,,,,,,,,,,,,,,,,,,,,,,,,,,,,,,,,,,,,,,,,,,,,,,
Lethal Torrent(/Lotus/Upgrades/Mods/Pistol/DualStat/GrinderMod),,,,,,,,,,,,,,,,,,,,,,,,,,,,,,,,,,,,,,,,,,,,,,,,,,,,,,,,,,,
Life Strike(/Lotus/Upgrades/Mods/Melee/Channel/ChannelVampireMod),,,,,,,,,,,,,,,,,,,,,,,,,,,,,,,,,,,,,,,,,,,,,,,,,,,,,,,,,,,
Lightning Rod(/Lotus/Upgrades/Mods/Warframe/AvatarDamageResistanceElectricity),Grineer スコーピオン (AIWeek/MacheteWoman),エンシェント ヒーラー (AiWeek/Ancients/HealingAncient),,,,,,,,,,,,,,,,,,,,,,,,,,,,,,,,,,,,,,,,,,,,,,,,,,,,,,,,,
Link(/Lotus/Powersuits/Trinity/LinkAbilityCard),Grineer イヴィスレイター (AIWeek/EviseratorLancer),Grineer トルーパー (AIWeek/ShotgunLancer),Arid Eviscerator (Desert/EvisceratorLancer),Arid Trooper (Desert/ShotgunLancer),Frontier Eviscerator (Forest/EvisceratorLancer),Frontier Trooper (Forest/ShotgunLancer),,,,,,,,,,,,,,,,,,,,,,,,,,,,,,,,,,,,,,,,,,,,,,,,,,,,,
Loot Detector(/Lotus/Upgrades/Mods/Aura/PlayerLootRadarAuraMod),,,,,,,,,,,,,,,,,,,,,,,,,,,,,,,,,,,,,,,,,,,,,,,,,,,,,,,,,,,
Magazine Warp(/Lotus/Upgrades/Mods/Rifle/WeaponClipMaxMod),Ambulas (BipedRobot/Vip/BossBiped),リーチ オスプレイ (Drones/AIWeek/LeechDrone),Sergeant Nef Anyo (Spaceman/Vip/SniperBoss),Grineer ヘビーガンナー (AIWeek/HeavyFemaleGrineer),Arid Heavy Gunner (Desert/HeavyFemaleGrineerDesert),Grineer コマンダー (GrineerMarineLeader),,,,,,,,,,,,,,,,,,,,,,,,,,,,,,,,,,,,,,,,,,,,,,,,,,,,,
Maglev(/Lotus/Upgrades/Mods/Warframe/AvatarSlideBoostMod),Corrupted Ancient (OrokinHealingAncient),,,,,,,,,,,,,,,,,,,,,,,,,,,,,,,,,,,,,,,,,,,,,,,,,,,,,,,,,,
Magnum Force(/Lotus/Upgrades/Mods/Pistol/DualStat/CorruptedDamageRecoilPistol),,,,,,,,,,,,,,,,,,,,,,,,,,,,,,,,,,,,,,,,,,,,,,,,,,,,,,,,,,,
Malignant Force(/Lotus/Upgrades/Mods/Rifle/DualStat/PoisonEventRifleMod),Vor (Vip/VorTwo/VorTwoBoss),,,,,,,,,,,,,,,,,,,,,,,,,,,,,,,,,,,,,,,,,,,,,,,,,,,,,,,,,,
Marathon(/Lotus/Upgrades/Mods/Warframe/AvatarStaminaMaxMod),Corpus テック (Spaceman/AIWeek/DeployableSpaceman),,,,,,,,,,,,,,,,,,,,,,,,,,,,,,,,,,,,,,,,,,,,,,,,,,,,,,,,,,
Master Thief(/Lotus/Upgrades/Mods/Warframe/AvatarChanceToLoot),Grineer スコーピオン (AIWeek/MacheteWoman),,,,,,,,,,,,,,,,,,,,,,,,,,,,,,,,,,,,,,,,,,,,,,,,,,,,,,,,,,
Melee Channel(/Lotus/Upgrades/Mods/Melee/WeaponPowerDamageMod),Moa (BipedRobot/AIWeek/LaserCannonBiped),Lt Lech Kril (Vip/BossLechKril),Kela De Thaym (Vip/HeavyRocketFemale),Vay Hek Terra Frame (Vip/Hek/HekBiped),,,,,,,,,,,,,,,,,,,,,,,,,,,,,,,,,,,,,,,,,,,,,,,,,,,,,,,
Metal Auger(/Lotus/Upgrades/Mods/Rifle/WeaponPunctureDepthMod),マイン オスプレイ (Drones/AIWeek/MineDrone),,,,,,,,,,,,,,,,,,,,,,,,,,,,,,,,,,,,,,,,,,,,,,,,,,,,,,,,,,
Miasma(/Lotus/Powersuits/Saryn/ExplosiveDissolveAbilityCard),Corpus テック (Spaceman/AIWeek/DeployableSpaceman),,,,,,,,,,,,,,,,,,,,,,,,,,,,,,,,,,,,,,,,,,,,,,,,,,,,,,,,,,
Mind Control(/Lotus/Powersuits/Jade/MindControlAbilityCard),リーチ オスプレイ (Drones/AIWeek/LeechDrone),,,,,,,,,,,,,,,,,,,,,,,,,,,,,,,,,,,,,,,,,,,,,,,,,,,,,,,,,,
Molecular Prime(/Lotus/Powersuits/AntiMatter/MolecularPrimeAbilityCard),Raptor (Drones/Vip/DroneAttack),,,,,,,,,,,,,,,,,,,,,,,,,,,,,,,,,,,,,,,,,,,,,,,,,,,,,,,,,,
Molt(/Lotus/Powersuits/Saryn/ShedAbilityCard),スナイパー クルーマン (Spaceman/AIWeek/SniperSpaceman),,,,,,,,,,,,,,,,,,,,,,,,,,,,,,,,,,,,,,,,,,,,,,,,,,,,,,,,,,
Molten Impact(/Lotus/Upgrades/Mods/Melee/WeaponFireDamageMod),Ambulas (BipedRobot/Vip/BossBiped),Lt Lech Kril (Vip/BossLechKril),Kela De Thaym (Vip/HeavyRocketFemale),Vay Hek Terra Frame (Vip/Hek/HekBiped),,,,,,,,,,,,,,,,,,,,,,,,,,,,,,,,,,,,,,,,,,,,,,,,,,,,,,,
Narrow Minded(/Lotus/Upgrades/Mods/Warframe/DualStat/CorruptedDurationRangeWarframe),,,,,,,,,,,,,,,,,,,,,,,,,,,,,,,,,,,,,,,,,,,,,,,,,,,,,,,,,,,
Natural Talent(/Lotus/Upgrades/Mods/Warframe/AvatarCastingSpeedMod),,,,,,,,,,,,,,,,,,,,,,,,,,,,,,,,,,,,,,,,,,,,,,,,,,,,,,,,,,,
No Return(/Lotus/Upgrades/Mods/Pistol/WeaponArmorPiercingDamageMod),クルーマン (Spaceman/AIWeek/RifleSpaceman),Elite Crewman (Spaceman/EliteSpaceman),,,,,,,,,,,,,,,,,,,,,,,,,,,,,,,,,,,,,,,,,,,,,,,,,,,,,,,,,
North Wind(/Lotus/Upgrades/Mods/Melee/WeaponFreezeDamageMod),Moa (BipedRobot/AIWeek/LaserCannonBiped),Grineer ソーマン (AIWeek/BladeSawman),Guardsman (AIWeek/GrineerMeleeStaff),Arid Butcher (Desert/BladeSawman),Frontier Butcher (Forest/BladeSawman),,,,,,,,,,,,,,,,,,,,,,,,,,,,,,,,,,,,,,,,,,,,,,,,,,,,,,
Null Star(/Lotus/Powersuits/AntiMatter/NullStarAbilityCard),マイン オスプレイ (Drones/AIWeek/MineDrone),,,,,,,,,,,,,,,,,,,,,,,,,,,,,,,,,,,,,,,,,,,,,,,,,,,,,,,,,,
Organ Shatter(/Lotus/Upgrades/Mods/Melee/WeaponCritDamageMod),Raptor (Drones/Vip/DroneAttack),バリスタ (AIWeek/FemaleGrineer),トキシック エンシェント (AiWeek/Ancients/ToxicAncient),,,,,,,,,,,,,,,,,,,,,,,,,,,,,,,,,,,,,,,,,,,,,,,,,,,,,,,,
Overextended(/Lotus/Upgrades/Mods/Warframe/DualStat/CorruptedRangePowerWarframe),,,,,,,,,,,,,,,,,,,,,,,,,,,,,,,,,,,,,,,,,,,,,,,,,,,,,,,,,,,
Overheat(/Lotus/Powersuits/Ember/FireSkinAbilityCard),エンシェント ヒーラー (AiWeek/Ancients/HealingAncient),,,,,,,,,,,,,,,,,,,,,,,,,,,,,,,,,,,,,,,,,,,,,,,,,,,,,,,,,,
Overload(/Lotus/Powersuits/Volt/OverloadAbilityCard),スナイパー クルーマン (Spaceman/AIWeek/SniperSpaceman),,,,,,,,,,,,,,,,,,,,,,,,,,,,,,,,,,,,,,,,,,,,,,,,,,,,,,,,,,
Paralysis(/Lotus/Powersuits/Berserker/ShieldBlastAbilityCard),Arid Butcher (Desert/BladeSawman),Frontier Butcher (Forest/BladeSawman),,,,,,,,,,,,,,,,,,,,,,,,,,,,,,,,,,,,,,,,,,,,,,,,,,,,,,,,,
Parry(/Lotus/Upgrades/Mods/Warframe/AvatarParryMeleeMod),,,,,,,,,,,,,,,,,,,,,,,,,,,,,,,,,,,,,,,,,,,,,,,,,,,,,,,,,,,
Pathogen Rounds(/Lotus/Upgrades/Mods/Pistol/WeaponToxinDamageMod),Anti Moa (BipedRobot/AIWeek/LaserDiscBiped),,,,,,,,,,,,,,,,,,,,,,,,,,,,,,,,,,,,,,,,,,,,,,,,,,,,,,,,,,
Physique(/Lotus/Upgrades/Mods/Aura/PlayerHealthAuraMod),,,,,,,,,,,,,,,,,,,,,,,,,,,,,,,,,,,,,,,,,,,,,,,,,,,,,,,,,,,
Piercing Hit(/Lotus/Upgrades/Mods/Rifle/WeaponArmorPiercingDamageMod),ショックウェーブ Moa (BipedRobot/AIWeek/ShockwaveBiped),,,,,,,,,,,,,,,,,,,,,,,,,,,,,,,,,,,,,,,,,,,,,,,,,,,,,,,,,,
Pistol Ammo Mutation(/Lotus/Upgrades/Mods/Pistol/WeaponPistolConvertAmmoMod),,,,,,,,,,,,,,,,,,,,,,,,,,,,,,,,,,,,,,,,,,,,,,,,,,,,,,,,,,,
Pistol Gambit(/Lotus/Upgrades/Mods/Pistol/WeaponCritChanceMod),プロッド クルーマン (Spaceman/AIWeek/MeleeSpaceman),Grineer イヴィスレイター (AIWeek/EviseratorLancer),Grineer トルーパー (AIWeek/ShotgunLancer),Arid Eviscerator (Desert/EvisceratorLancer),Arid Trooper (Desert/ShotgunLancer),Frontier Eviscerator (Forest/EvisceratorLancer),Frontier Trooper (Forest/ShotgunLancer),,,,,,,,,,,,,,,,,,,,,,,,,,,,,,,,,,,,,,,,,,,,,,,,,,,,
Pistol Pestilence(/Lotus/Upgrades/Mods/Pistol/DualStat/PoisonEventPistolMod),Vor (Vip/VorTwo/VorTwoBoss),,,,,,,,,,,,,,,,,,,,,,,,,,,,,,,,,,,,,,,,,,,,,,,,,,,,,,,,,,
Pistol Scavenger(/Lotus/Upgrades/Mods/Aura/PlayerPistolAmmoAuraMod),,,,,,,,,,,,,,,,,,,,,,,,,,,,,,,,,,,,,,,,,,,,,,,,,,,,,,,,,,,
Point Blank(/Lotus/Upgrades/Mods/Shotgun/WeaponDamageAmountMod),ランナー (AiWeek/Runners/SuicideRunner),,,,,,,,,,,,,,,,,,,,,,,,,,,,,,,,,,,,,,,,,,,,,,,,,,,,,,,,,,
Point Strike(/Lotus/Upgrades/Mods/Rifle/WeaponCritChanceMod),Corpus テック (Spaceman/AIWeek/DeployableSpaceman),Grineer ソーマン (AIWeek/BladeSawman),Guardsman (AIWeek/GrineerMeleeStaff),Grineer ナパーム (AIWeek/IncendiaryBombard),,,,,,,,,,,,,,,,,,,,,,,,,,,,,,,,,,,,,,,,,,,,,,,,,,,,,,,
Pointed Wind(/Lotus/Weapons/Tenno/Melee/MeleeTrees/DaggerCmbTwoMeleeTree),ショックウェーブ Moa (BipedRobot/AIWeek/ShockwaveBiped),,,,,,,,,,,,,,,,,,,,,,,,,,,,,,,,,,,,,,,,,,,,,,,,,,,,,,,,,,
Pressure Point(/Lotus/Upgrades/Mods/Melee/WeaponMeleeDamageMod),Ambulas (BipedRobot/Vip/BossBiped),マイン オスプレイ (Drones/AIWeek/MineDrone),Grineer ソーマン (AIWeek/BladeSawman),Guardsman (AIWeek/GrineerMeleeStaff),Hellion (AIWeek/JetpackMarine),Grineer ランサー (AIWeek/RifleLancer),Arid Hellion (Desert/JetpackMarine),Arid Lancer (Desert/RifleLancer),Frontier Hellion (Forest/JetpackMarine),Frontier Lancer (Forest/RifleLancer),Frontier Heavy Gunner (Forest/HeavyFemaleGrineerDesert),General Sargas Ruk (Vip/SargasRuk/SargasRukNew),Lobber Crawler (AiWeek/Crawlers/Grenade),ノキシャス クローラー (AiWeek/Crawlers/NoxiousCrawler),,,,,,,,,,,,,,,,,,,,,,,,,,,,,,,,,,,,,,,,,,,,,
Provoked(/Lotus/Upgrades/Mods/Warframe/AvatarGroundFireDmgMod),,,,,,,,,,,,,,,,,,,,,,,,,,,,,,,,,,,,,,,,,,,,,,,,,,,,,,,,,,,
Psychic Bolts(/Lotus/Powersuits/Jade/DaggerAbilityCard),Grineer スコーチ (AIWeek/FlameLancer),,,,,,,,,,,,,,,,,,,,,,,,,,,,,,,,,,,,,,,,,,,,,,,,,,,,,,,,,,
Pull(/Lotus/Powersuits/Mag/PullAbilityCard),クローラー (AiWeek/Crawlers/Crawler),ノーシャス クローラー (AiWeek/Crawlers/GraspingCrawler),Electric Crawler (AiWeek/Crawlers/Lightning),Corrupted Crewman (RifleSpaceman),,,,,,,,,,,,,,,,,,,,,,,,,,,,,,,,,,,,,,,,,,,,,,,,,,,,,,,
Quick Rest(/Lotus/Upgrades/Mods/Warframe/AvatarStaminaRechargeRateMod),シールド ランサー (AIWeek/ShieldLancer),,,,,,,,,,,,,,,,,,,,,,,,,,,,,,,,,,,,,,,,,,,,,,,,,,,,,,,,,,
Quick Thinking(/Lotus/Upgrades/Mods/Warframe/AvatarPowerToHealthOnDeathMod),Corrupted Ancient (OrokinHealingAncient),,,,,,,,,,,,,,,,,,,,,,,,,,,,,,,,,,,,,,,,,,,,,,,,,,,,,,,,,,
Quickdraw(/Lotus/Upgrades/Mods/Pistol/WeaponReloadSpeedMod),Alad V (Vip/AladV/AladBoss),Grineer ランサー エリート (AIWeek/EliteRifleLancer),Elite Arid Lancer (Desert/EliteRifleLancer),Elite Frontier Lancer (Forest/EliteRifleLancer),Captain Vor (Vip/CaptainVorBoss),クローラー (AiWeek/Crawlers/Crawler),ノーシャス クローラー (AiWeek/Crawlers/GraspingCrawler),,,,,,,,,,,,,,,,,,,,,,,,,,,,,,,,,,,,,,,,,,,,,,,,,,,,
Quickening(/Lotus/Upgrades/Mods/Melee/Channel/ChannelFireRateMod),,,,,,,,,,,,,,,,,,,,,,,,,,,,,,,,,,,,,,,,,,,,,,,,,,,,,,,,,,,
Radial Disarm(/Lotus/Powersuits/Loki/DisarmAbilityCard),Moa (BipedRobot/AIWeek/LaserCannonBiped),,,,,,,,,,,,,,,,,,,,,,,,,,,,,,,,,,,,,,,,,,,,,,,,,,,,,,,,,,
Radial Javelin(/Lotus/Powersuits/Excalibur/RadialJavelinAbilityCard),Oxium Osprey (Drones/AIWeek/SuicideDrone),Frontier Regulator (SpecialEvents/ForestDrone),Regulator (SpecialEvents/SurveillanceDrone),,,,,,,,,,,,,,,,,,,,,,,,,,,,,,,,,,,,,,,,,,,,,,,,,,,,,,,,
Rage(/Lotus/Upgrades/Mods/Warframe/AvatarDamageToEnergyMod),Grineer ナパーム (AIWeek/IncendiaryBombard),,,,,,,,,,,,,,,,,,,,,,,,,,,,,,,,,,,,,,,,,,,,,,,,,,,,,,,,,,
Rare Fusion Core(/Lotus/Upgrades/Mods/Fusers/RareModFuser),Moa (BipedRobot/AIWeek/LaserCannonBiped),ショックウェーブ Moa (BipedRobot/AIWeek/ShockwaveBiped),フュージョン Moa (BipedRobot/AIWeek/SuperMoaBiped),リーチ オスプレイ (Drones/AIWeek/LeechDrone),マイン オスプレイ (Drones/AIWeek/MineDrone),シールド オスプレイ (Drones/AIWeek/ShieldDrone),Oxium Osprey (Drones/AIWeek/SuicideDrone),プロッド クルーマン (Spaceman/AIWeek/MeleeSpaceman),クルーマン (Spaceman/AIWeek/RifleSpaceman),スナイパー クルーマン (Spaceman/AIWeek/SniperSpaceman),Elite Crewman (Spaceman/EliteSpaceman),Grineer ソーマン (AIWeek/BladeSawman),Grineer フレイムブレイド (AIWeek/BlowtorchSawman),Grineer イヴィスレイター (AIWeek/EviseratorLancer),バリスタ (AIWeek/FemaleGrineer),Guardsman (AIWeek/GrineerMeleeStaff),Guardsman (AIWeek/GrineerMeleeStaffLeader),Grineer ヘビーガンナー (AIWeek/HeavyFemaleGrineer),Hellion (AIWeek/JetpackMarine),Grineer スコーピオン (AIWeek/MacheteWoman),Grineer パワーフィスト (AIWeek/PistonSawman),Grineer ランサー (AIWeek/RifleLancer),Grineer ボンバード (AIWeek/RocketBombard),Grineer ローラー (AIWeek/RollingDrone),シールド ランサー (AIWeek/ShieldLancer),Grineer トルーパー (AIWeek/ShotgunLancer),Arid Eviscerator (Desert/EvisceratorLancer),Arid Seeker (Desert/GrineerMarinePistol),Arid Hellion (Desert/JetpackMarine),Arid Lancer (Desert/RifleLancer),Arid Trooper (Desert/ShotgunLancer),Arid Heavy Gunner (Desert/HeavyFemaleGrineerDesert),Frontier Eviscerator (Forest/EvisceratorLancer),Frontier Seeker (Forest/GrineerMarinePistol),Frontier Hellion (Forest/JetpackMarine),Frontier Lancer (Forest/RifleLancer),Frontier Trooper (Forest/ShotgunLancer),Frontier Heavy Gunner (Forest/HeavyFemaleGrineerDesert),Grineer シーカー (GrineerMarinePistol),Frontier Regulator (SpecialEvents/ForestDrone),Regulator (SpecialEvents/SurveillanceDrone),Vay Hek Terra Frame (Vip/Hek/HekBiped),エンシェント ディスラプター (AiWeek/Ancients/Ancient),エンシェント ヒーラー (AiWeek/Ancients/HealingAncient),クローラー (AiWeek/Crawlers/Crawler),ノーシャス クローラー (AiWeek/Crawlers/GraspingCrawler),Lobber Crawler (AiWeek/Crawlers/Grenade),Electric Crawler (AiWeek/Crawlers/Lightning),ノキシャス クローラー (AiWeek/Crawlers/NoxiousCrawler),チャージャー (AiWeek/Quadrupeds/Quadruped),リーパー (AiWeek/Runners/LeapingRunner),ランナー (AiWeek/Runners/SuicideRunner),Corrupted Ancient (OrokinHealingAncient),Corrupted Heavy Gunner (OrokinHeavyFemale),Corrupted Moa (OrokinMoaBiped),Orokin Drone (OrokinShieldDrone),Corrupted Lancer (RifleLancer),Corrupted Crewman (RifleSpaceman),Fusion Moa Guardian (TennoReplicants/TennoMoaBiped)
Ravage(/Lotus/Upgrades/Mods/Shotgun/WeaponCritDamageMod),スナイパー クルーマン (Spaceman/AIWeek/SniperSpaceman),,,,,,,,,,,,,,,,,,,,,,,,,,,,,,,,,,,,,,,,,,,,,,,,,,,,,,,,,,
Razor Shot(/Lotus/Upgrades/Mods/Pistol/WeaponSlashDamageMod),Grineer ランサー エリート (AIWeek/EliteRifleLancer),Elite Arid Lancer (Desert/EliteRifleLancer),Elite Frontier Lancer (Forest/EliteRifleLancer),,,,,,,,,,,,,,,,,,,,,,,,,,,,,,,,,,,,,,,,,,,,,,,,,,,,,,,,
Reach(/Lotus/Upgrades/Mods/Melee/WeaponMeleeRangeIncMod),Raptor (Drones/Vip/DroneAttack),クルーマン (Spaceman/AIWeek/RifleSpaceman),ランナー (AiWeek/Runners/SuicideRunner),,,,,,,,,,,,,,,,,,,,,,,,,,,,,,,,,,,,,,,,,,,,,,,,,,,,,,,,
Reaping Spiral(/Lotus/Weapons/Tenno/Melee/MeleeTrees/ScytheCmbOneMeleeTree),クルーマン (Spaceman/AIWeek/RifleSpaceman),,,,,,,,,,,,,,,,,,,,,,,,,,,,,,,,,,,,,,,,,,,,,,,,,,,,,,,,,,
Reckoning(/Lotus/Powersuits/Paladin/ReckoningAbilityCard),Grineer ランサー エリート (AIWeek/EliteRifleLancer),Elite Arid Lancer (Desert/EliteRifleLancer),Elite Frontier Lancer (Forest/EliteRifleLancer),,,,,,,,,,,,,,,,,,,,,,,,,,,,,,,,,,,,,,,,,,,,,,,,,,,,,,,,
Redirection(/Lotus/Upgrades/Mods/Sentinel/SentinelShieldMaxMod),Grineer パワーフィスト (AIWeek/PistonSawman),チャージャー (AiWeek/Quadrupeds/Quadruped),,,,,,,,,,,,,,,,,,,,,,,,,,,,,,,,,,,,,,,,,,,,,,,,,,,,,,,,,
Redirection(/Lotus/Upgrades/Mods/Warframe/AvatarShieldMaxMod),Scavenger Drone (Drones/AIWeek/VacDrone),Grineer ランサー エリート (AIWeek/EliteRifleLancer),Elite Arid Lancer (Desert/EliteRifleLancer),Elite Frontier Lancer (Forest/EliteRifleLancer),エンシェント ディスラプター (AiWeek/Ancients/Ancient),,,,,,,,,,,,,,,,,,,,,,,,,,,,,,,,,,,,,,,,,,,,,,,,,,,,,,
Reflection(/Lotus/Upgrades/Mods/Warframe/AvatarParryReflectMod),Corrupted Ancient (OrokinHealingAncient),,,,,,,,,,,,,,,,,,,,,,,,,,,,,,,,,,,,,,,,,,,,,,,,,,,,,,,,,,
Reflex Coil(/Lotus/Upgrades/Mods/Melee/WeaponMeleeChargeRateMod),Raptor (Drones/Vip/DroneAttack),Sergeant Nef Anyo (Spaceman/Vip/SniperBoss),Grineer ソーマン (AIWeek/BladeSawman),Guardsman (AIWeek/GrineerMeleeStaff),Arid Butcher (Desert/BladeSawman),Frontier Butcher (Forest/BladeSawman),,,,,,,,,,,,,,,,,,,,,,,,,,,,,,,,,,,,,,,,,,,,,,,,,,,,,
Reflex Guard(/Lotus/Upgrades/Mods/Warframe/AvatarAutoParryMod),Corrupted Moa (OrokinMoaBiped),Fusion Moa Guardian (TennoReplicants/TennoMoaBiped),,,,,,,,,,,,,,,,,,,,,,,,,,,,,,,,,,,,,,,,,,,,,,,,,,,,,,,,,
Regen(/Lotus/Types/Sentinels/SentinelPrecepts/Regen),チャージャー (AiWeek/Quadrupeds/Quadruped),,,,,,,,,,,,,,,,,,,,,,,,,,,,,,,,,,,,,,,,,,,,,,,,,,,,,,,,,,
Rejuvenation(/Lotus/Upgrades/Mods/Aura/PlayerHealthRegenAuraMod),,,,,,,,,,,,,,,,,,,,,,,,,,,,,,,,,,,,,,,,,,,,,,,,,,,,,,,,,,,
Rending Crane(/Lotus/Weapons/Tenno/Melee/MeleeTrees/AxeCmbOneMeleeTree),Grineer ナパーム (AIWeek/IncendiaryBombard),,,,,,,,,,,,,,,,,,,,,,,,,,,,,,,,,,,,,,,,,,,,,,,,,,,,,,,,,,
Rending Strike(/Lotus/Upgrades/Mods/Melee/DualStat/RendingStrikeMod),,,,,,,,,,,,,,,,,,,,,,,,,,,,,,,,,,,,,,,,,,,,,,,,,,,,,,,,,,,
Renewal(/Lotus/Powersuits/Paladin/RegenerationAbilityCard),Moa (BipedRobot/AIWeek/LaserCannonBiped),,,,,,,,,,,,,,,,,,,,,,,,,,,,,,,,,,,,,,,,,,,,,,,,,,,,,,,,,,
Retribution(/Lotus/Upgrades/Mods/Warframe/AvatarRevengeDamageMelee),シールド ランサー (AIWeek/ShieldLancer),,,,,,,,,,,,,,,,,,,,,,,,,,,,,,,,,,,,,,,,,,,,,,,,,,,,,,,,,,
Revenge(/Lotus/Types/Sentinels/SentinelPrecepts/Revenge),Moa (BipedRobot/AIWeek/LaserCannonBiped),Grineer ランサー エリート (AIWeek/EliteRifleLancer),Elite Arid Lancer (Desert/EliteRifleLancer),Elite Frontier Lancer (Forest/EliteRifleLancer),,,,,,,,,,,,,,,,,,,,,,,,,,,,,,,,,,,,,,,,,,,,,,,,,,,,,,,
Rhino Charge(/Lotus/Powersuits/Rhino/RhinoChargeAbilityCard),ショックウェーブ Moa (BipedRobot/AIWeek/ShockwaveBiped),Grineer パワーフィスト (AIWeek/PistonSawman),,,,,,,,,,,,,,,,,,,,,,,,,,,,,,,,,,,,,,,,,,,,,,,,,,,,,,,,,
Rhino Stomp(/Lotus/Powersuits/Rhino/RhinoStompAbilityCard),ショックウェーブ Moa (BipedRobot/AIWeek/ShockwaveBiped),Jackal (QuadRobot/QuadRobot),,,,,,,,,,,,,,,,,,,,,,,,,,,,,,,,,,,,,,,,,,,,,,,,,,,,,,,,,
Rifle Ammo Mutation(/Lotus/Upgrades/Mods/Rifle/WeaponRifleConvertAmmoMod),,,,,,,,,,,,,,,,,,,,,,,,,,,,,,,,,,,,,,,,,,,,,,,,,,,,,,,,,,,
Rifle Amp(/Lotus/Upgrades/Mods/Aura/PlayerRifleDamageAuraMod),,,,,,,,,,,,,,,,,,,,,,,,,,,,,,,,,,,,,,,,,,,,,,,,,,,,,,,,,,,
Rifle Scavenger(/Lotus/Upgrades/Mods/Aura/PlayerRifleAmmoAuraMod),,,,,,,,,,,,,,,,,,,,,,,,,,,,,,,,,,,,,,,,,,,,,,,,,,,,,,,,,,,
Rip Line(/Lotus/Powersuits/Berserker/GrappleAbilityCard),クルーマン (Spaceman/AIWeek/ShotgunSpaceman),Elite Crewman (Spaceman/EliteSpaceman),Electric Crawler (AiWeek/Crawlers/Lightning),,,,,,,,,,,,,,,,,,,,,,,,,,,,,,,,,,,,,,,,,,,,,,,,,,,,,,,,
Roar(/Lotus/Powersuits/Rhino/RadialBlastAbilityCard),シールド ランサー (AIWeek/ShieldLancer),,,,,,,,,,,,,,,,,,,,,,,,,,,,,,,,,,,,,,,,,,,,,,,,,,,,,,,,,,
Rupture(/Lotus/Upgrades/Mods/Rifle/WeaponImpactDamageMod),Electric Crawler (AiWeek/Crawlers/Lightning),チャージャー (AiWeek/Quadrupeds/Quadruped),,,,,,,,,,,,,,,,,,,,,,,,,,,,,,,,,,,,,,,,,,,,,,,,,,,,,,,,,
Rush(/Lotus/Upgrades/Mods/Warframe/AvatarSprintSpeedMod),フュージョン Moa (BipedRobot/AIWeek/SuperMoaBiped),,,,,,,,,,,,,,,,,,,,,,,,,,,,,,,,,,,,,,,,,,,,,,,,,,,,,,,,,,
Sanctuary(/Lotus/Types/Sentinels/SentinelPrecepts/Sanctuary),Grineer ボンバード (AIWeek/RocketBombard),,,,,,,,,,,,,,,,,,,,,,,,,,,,,,,,,,,,,,,,,,,,,,,,,,,,,,,,,,
Sawtooth Clip(/Lotus/Upgrades/Mods/Rifle/WeaponSlashDamageMod),Arid Seeker (Desert/GrineerMarinePistol),Frontier Seeker (Forest/GrineerMarinePistol),Grineer シーカー (GrineerMarinePistol),,,,,,,,,,,,,,,,,,,,,,,,,,,,,,,,,,,,,,,,,,,,,,,,,,,,,,,,
Second Wind(/Lotus/Upgrades/Mods/Melee/WeaponStaminaBonusMod),Corrupted Moa (OrokinMoaBiped),Fusion Moa Guardian (TennoReplicants/TennoMoaBiped),,,,,,,,,,,,,,,,,,,,,,,,,,,,,,,,,,,,,,,,,,,,,,,,,,,,,,,,,
Seeker(/Lotus/Upgrades/Mods/Pistol/WeaponPunctureDepthMod),エンシェント ヒーラー (AiWeek/Ancients/HealingAncient),,,,,,,,,,,,,,,,,,,,,,,,,,,,,,,,,,,,,,,,,,,,,,,,,,,,,,,,,,
Seeking Force(/Lotus/Upgrades/Mods/Shotgun/WeaponPunctureDepthMod),Grineer パワーフィスト (AIWeek/PistonSawman),,,,,,,,,,,,,,,,,,,,,,,,,,,,,,,,,,,,,,,,,,,,,,,,,,,,,,,,,,
Seismic Palm(/Lotus/Weapons/Tenno/Melee/MeleeTrees/FistCmbTwoMeleeTree),リーパー (AiWeek/Runners/LeapingRunner),,,,,,,,,,,,,,,,,,,,,,,,,,,,,,,,,,,,,,,,,,,,,,,,,,,,,,,,,,
Self Destruct(/Lotus/Upgrades/Mods/Sentinel/SentinelExplosionMod),フュージョン Moa (BipedRobot/AIWeek/SuperMoaBiped),,,,,,,,,,,,,,,,,,,,,,,,,,,,,,,,,,,,,,,,,,,,,,,,,,,,,,,,,,
Serration(/Lotus/Upgrades/Mods/Rifle/WeaponDamageAmountMod),Grineer スコーピオン (AIWeek/MacheteWoman),ノーシャス クローラー (AiWeek/Crawlers/GraspingCrawler),Electric Crawler (AiWeek/Crawlers/Lightning),,,,,,,,,,,,,,,,,,,,,,,,,,,,,,,,,,,,,,,,,,,,,,,,,,,,,,,,
Shadows of the Dead(/Lotus/Powersuits/Necro/CloneTheDeadAbilityCard),J3 Golem (Vip/GolemFull),,,,,,,,,,,,,,,,,,,,,,,,,,,,,,,,,,,,,,,,,,,,,,,,,,,,,,,,,,
Shattering Storm(/Lotus/Weapons/Tenno/Melee/MeleeTrees/HammerCmbOneMeleeTree),General Sargas Ruk (Vip/SargasRuk/SargasRukNew),,,,,,,,,,,,,,,,,,,,,,,,,,,,,,,,,,,,,,,,,,,,,,,,,,,,,,,,,,
Shell Compression(/Lotus/Upgrades/Mods/Shotgun/WeaponAmmoMaxMod),Jackal (QuadRobot/QuadRobot),Grineer ヘビーガンナー (AIWeek/HeavyFemaleGrineer),Arid Heavy Gunner (Desert/HeavyFemaleGrineerDesert),Grineer コマンダー (GrineerMarineLeader),,,,,,,,,,,,,,,,,,,,,,,,,,,,,,,,,,,,,,,,,,,,,,,,,,,,,,,
Shield Disruption(/Lotus/Upgrades/Mods/Aura/EnemyShieldReductionAuraMod),,,,,,,,,,,,,,,,,,,,,,,,,,,,,,,,,,,,,,,,,,,,,,,,,,,,,,,,,,,
Shield Flux(/Lotus/Upgrades/Mods/Warframe/AvatarShieldToStaminaMod),,,,,,,,,,,,,,,,,,,,,,,,,,,,,,,,,,,,,,,,,,,,,,,,,,,,,,,,,,,
Shield Polarize(/Lotus/Powersuits/Mag/ShieldRegenAbilityCard),Grineer ランサー エリート (AIWeek/EliteRifleLancer),Elite Arid Lancer (Desert/EliteRifleLancer),Elite Frontier Lancer (Forest/EliteRifleLancer),,,,,,,,,,,,,,,,,,,,,,,,,,,,,,,,,,,,,,,,,,,,,,,,,,,,,,,,
Shimmering Blight(/Lotus/Weapons/Tenno/Melee/MeleeTrees/PolearmCmbOneMeleeTree),Arid Seeker (Desert/GrineerMarinePistol),Frontier Seeker (Forest/GrineerMarinePistol),Grineer シーカー (GrineerMarinePistol),,,,,,,,,,,,,,,,,,,,,,,,,,,,,,,,,,,,,,,,,,,,,,,,,,,,,,,,
Shock Absorbers(/Lotus/Upgrades/Mods/Warframe/AvatarDamageResistanceKnockdown),Jackal (QuadRobot/QuadRobot),,,,,,,,,,,,,,,,,,,,,,,,,,,,,,,,,,,,,,,,,,,,,,,,,,,,,,,,,,
Shock(/Lotus/Powersuits/Volt/ShockAbilityCard),レールガン Moa (BipedRobot/AIWeek/RailgunBiped),エンシェント ヒーラー (AiWeek/Ancients/HealingAncient),,,,,,,,,,,,,,,,,,,,,,,,,,,,,,,,,,,,,,,,,,,,,,,,,,,,,,,,,
Shocking Touch(/Lotus/Upgrades/Mods/Melee/WeaponElectricityDamageMod),Sergeant Nef Anyo (Spaceman/Vip/SniperBoss),Grineer イヴィスレイター (AIWeek/EviseratorLancer),Grineer トルーパー (AIWeek/ShotgunLancer),Arid Eviscerator (Desert/EvisceratorLancer),Arid Trooper (Desert/ShotgunLancer),Frontier Eviscerator (Forest/EvisceratorLancer),Frontier Trooper (Forest/ShotgunLancer),Tyl Regor (Vip/NinjaLeader),,,,,,,,,,,,,,,,,,,,,,,,,,,,,,,,,,,,,,,,,,,,,,,,,,,
Shotgun Ammo Mutation(/Lotus/Upgrades/Mods/Shotgun/WeaponShotgunConvertAmmoMod),,,,,,,,,,,,,,,,,,,,,,,,,,,,,,,,,,,,,,,,,,,,,,,,,,,,,,,,,,,
Shotgun Scavenger(/Lotus/Upgrades/Mods/Aura/PlayerShellAmmoAuraMod),,,,,,,,,,,,,,,,,,,,,,,,,,,,,,,,,,,,,,,,,,,,,,,,,,,,,,,,,,,
Shotgun Spazz(/Lotus/Upgrades/Mods/Shotgun/WeaponFireRateMod),,,,,,,,,,,,,,,,,,,,,,,,,,,,,,,,,,,,,,,,,,,,,,,,,,,,,,,,,,,
Shred(/Lotus/Upgrades/Mods/Rifle/DualStat/ShredMod),,,,,,,,,,,,,,,,,,,,,,,,,,,,,,,,,,,,,,,,,,,,,,,,,,,,,,,,,,,
Shredder(/Lotus/Upgrades/Mods/Shotgun/WeaponSlashDamageMod),クルーマン (Spaceman/AIWeek/ShotgunSpaceman),トキシック エンシェント (AiWeek/Ancients/ToxicAncient),,,,,,,,,,,,,,,,,,,,,,,,,,,,,,,,,,,,,,,,,,,,,,,,,,,,,,,,,
Shuriken(/Lotus/Powersuits/Ninja/GlaiveAbilityCard),マイン オスプレイ (Drones/AIWeek/MineDrone),バリスタ (AIWeek/FemaleGrineer),,,,,,,,,,,,,,,,,,,,,,,,,,,,,,,,,,,,,,,,,,,,,,,,,,,,,,,,,
Silence(/Lotus/Powersuits/Banshee/SilenceAbilityCard),シールド オスプレイ (Drones/AIWeek/ShieldDrone),Grineer ローラー (AIWeek/RollingDrone),,,,,,,,,,,,,,,,,,,,,,,,,,,,,,,,,,,,,,,,,,,,,,,,,,,,,,,,,
Sinking Talon(/Lotus/Weapons/Tenno/Melee/MeleeTrees/DualDaggerCmbOneMeleeTree),クルーマン (Spaceman/AIWeek/ShotgunSpaceman),,,,,,,,,,,,,,,,,,,,,,,,,,,,,,,,,,,,,,,,,,,,,,,,,,,,,,,,,,
Slash Dash(/Lotus/Powersuits/Excalibur/SlashDashAbilityCard),クルーマン (Spaceman/AIWeek/RifleSpaceman),スナイパー クルーマン (Spaceman/AIWeek/SniperSpaceman),,,,,,,,,,,,,,,,,,,,,,,,,,,,,,,,,,,,,,,,,,,,,,,,,,,,,,,,,
Slip Magazine(/Lotus/Upgrades/Mods/Pistol/WeaponClipMaxMod),Alad V (Vip/AladV/AladBoss),Grineer ヘビーガンナー (AIWeek/HeavyFemaleGrineer),Arid Heavy Gunner (Desert/HeavyFemaleGrineerDesert),Grineer コマンダー (GrineerMarineLeader),Captain Vor (Vip/CaptainVorBoss),トキシック エンシェント (AiWeek/Ancients/ToxicAncient),,,,,,,,,,,,,,,,,,,,,,,,,,,,,,,,,,,,,,,,,,,,,,,,,,,,,
Smite Corpus(/Lotus/Upgrades/Mods/Melee/WeaponMeleeFactionDamageCorpus),フュージョン Moa (BipedRobot/AIWeek/SuperMoaBiped),,,,,,,,,,,,,,,,,,,,,,,,,,,,,,,,,,,,,,,,,,,,,,,,,,,,,,,,,,
Smite Grineer(/Lotus/Upgrades/Mods/Melee/WeaponMeleeFactionDamageGrineer),Moa (BipedRobot/AIWeek/LaserCannonBiped),Grineer ソーマン (AIWeek/BladeSawman),Guardsman (AIWeek/GrineerMeleeStaff),,,,,,,,,,,,,,,,,,,,,,,,,,,,,,,,,,,,,,,,,,,,,,,,,,,,,,,,
Smite Infested(/Lotus/Upgrades/Mods/Melee/WeaponMeleeFactionDamageInfested),シールド ランサー (AIWeek/ShieldLancer),,,,,,,,,,,,,,,,,,,,,,,,,,,,,,,,,,,,,,,,,,,,,,,,,,,,,,,,,,
Smite(/Lotus/Powersuits/Paladin/SmiteAbilityCard),Corpus テック (Spaceman/AIWeek/DeployableSpaceman),,,,,,,,,,,,,,,,,,,,,,,,,,,,,,,,,,,,,,,,,,,,,,,,,,,,,,,,,,
Smoke Screen(/Lotus/Powersuits/Ninja/SmokeScreenAbilityCard),バリスタ (AIWeek/FemaleGrineer),ノーシャス クローラー (AiWeek/Crawlers/GraspingCrawler),,,,,,,,,,,,,,,,,,,,,,,,,,,,,,,,,,,,,,,,,,,,,,,,,,,,,,,,,
Sniper Ammo Mutation(/Lotus/Upgrades/Mods/Rifle/WeaponSnipersConvertAmmoMod),,,,,,,,,,,,,,,,,,,,,,,,,,,,,,,,,,,,,,,,,,,,,,,,,,,,,,,,,,,
Sniper Scavenger(/Lotus/Upgrades/Mods/Aura/PlayerSniperAmmoAuraMod),,,,,,,,,,,,,,,,,,,,,,,,,,,,,,,,,,,,,,,,,,,,,,,,,,,,,,,,,,,
Snow Globe(/Lotus/Powersuits/Frost/IceShieldAbilityCard),リーパー (AiWeek/Runners/LeapingRunner),,,,,,,,,,,,,,,,,,,,,,,,,,,,,,,,,,,,,,,,,,,,,,,,,,,,,,,,,,
Sonar(/Lotus/Powersuits/Banshee/SonarAbilityCard),エンシェント ディスラプター (AiWeek/Ancients/Ancient),,,,,,,,,,,,,,,,,,,,,,,,,,,,,,,,,,,,,,,,,,,,,,,,,,,,,,,,,,
Sonic Boom(/Lotus/Powersuits/Banshee/PushAbilityCard),Grineer フレイムブレイド (AIWeek/BlowtorchSawman),Guardsman (AIWeek/GrineerMeleeStaffLeader),ノーシャス クローラー (AiWeek/Crawlers/GraspingCrawler),,,,,,,,,,,,,,,,,,,,,,,,,,,,,,,,,,,,,,,,,,,,,,,,,,,,,,,,
Soul Punch(/Lotus/Powersuits/Necro/SoulPunchAbilityCard),Orokin Drone (OrokinShieldDrone),,,,,,,,,,,,,,,,,,,,,,,,,,,,,,,,,,,,,,,,,,,,,,,,,,,,,,,,,,
Sound Quake(/Lotus/Powersuits/Banshee/EarthQuakeAbilityCard),Lt Lech Kril (Vip/BossLechKril),Kela De Thaym (Vip/HeavyRocketFemale),Vay Hek Terra Frame (Vip/Hek/HekBiped),,,,,,,,,,,,,,,,,,,,,,,,,,,,,,,,,,,,,,,,,,,,,,,,,,,,,,,,
Spare Parts(/Lotus/Upgrades/Mods/Sentinel/SentinelDropChanceMod),J3 Golem (Vip/GolemFull),Corrupted Heavy Gunner (OrokinHeavyFemale),,,,,,,,,,,,,,,,,,,,,,,,,,,,,,,,,,,,,,,,,,,,,,,,,,,,,,,,,
Speed Holster(/Lotus/Upgrades/Mods/Aura/PlayerHolsterSpeedAuraMod),,,,,,,,,,,,,,,,,,,,,,,,,,,,,,,,,,,,,,,,,,,,,,,,,,,,,,,,,,,
Speed Trigger(/Lotus/Upgrades/Mods/Rifle/WeaponFireRateMod),チャージャー (AiWeek/Quadrupeds/Quadruped),,,,,,,,,,,,,,,,,,,,,,,,,,,,,,,,,,,,,,,,,,,,,,,,,,,,,,,,,,
Speed(/Lotus/Powersuits/Volt/SpeedAbilityCard),マイン オスプレイ (Drones/AIWeek/MineDrone),,,,,,,,,,,,,,,,,,,,,,,,,,,,,,,,,,,,,,,,,,,,,,,,,,,,,,,,,,
Split Chamber(/Lotus/Upgrades/Mods/Rifle/WeaponFireIterationsMod),リーチ オスプレイ (Drones/AIWeek/LeechDrone),Raptor (Drones/Vip/DroneAttack),General Sargas Ruk (Vip/SargasRuk/SargasRukNew),,,,,,,,,,,,,,,,,,,,,,,,,,,,,,,,,,,,,,,,,,,,,,,,,,,,,,,,
Spoiled Strike(/Lotus/Upgrades/Mods/Melee/DualStat/CorruptedDamageSpeedMod),,,,,,,,,,,,,,,,,,,,,,,,,,,,,,,,,,,,,,,,,,,,,,,,,,,,,,,,,,,
Sprint Boost(/Lotus/Upgrades/Mods/Aura/PlayerSprintAuraMod),,,,,,,,,,,,,,,,,,,,,,,,,,,,,,,,,,,,,,,,,,,,,,,,,,,,,,,,,,,
Stabilizer(/Lotus/Upgrades/Mods/Rifle/WeaponRecoilReductionMod),J3 Golem (Vip/GolemFull),,,,,,,,,,,,,,,,,,,,,,,,,,,,,,,,,,,,,,,,,,,,,,,,,,,,,,,,,,
Staggering Force(/Lotus/Upgrades/Mods/Melee/WeaponStunChanceMod),Oxium Osprey (Drones/AIWeek/SuicideDrone),クルーマン (Spaceman/AIWeek/ShotgunSpaceman),Grineer イヴィスレイター (AIWeek/EviseratorLancer),Grineer トルーパー (AIWeek/ShotgunLancer),Arid Eviscerator (Desert/EvisceratorLancer),Arid Trooper (Desert/ShotgunLancer),Frontier Eviscerator (Forest/EvisceratorLancer),Frontier Trooper (Forest/ShotgunLancer),Frontier Regulator (SpecialEvents/ForestDrone),Regulator (SpecialEvents/SurveillanceDrone),General Sargas Ruk (Vip/SargasRuk/SargasRukNew),,,,,,,,,,,,,,,,,,,,,,,,,,,,,,,,,,,,,,,,,,,,,,,,
Stalking Fan(/Lotus/Weapons/Tenno/Melee/MeleeTrees/ScytheCmbTwoMeleeTree),スナイパー クルーマン (Spaceman/AIWeek/SniperSpaceman),,,,,,,,,,,,,,,,,,,,,,,,,,,,,,,,,,,,,,,,,,,,,,,,,,,,,,,,,,
Steady Hands(/Lotus/Upgrades/Mods/Pistol/WeaponRecoilReductionMod),Corrupted Crewman (RifleSpaceman),,,,,,,,,,,,,,,,,,,,,,,,,,,,,,,,,,,,,,,,,,,,,,,,,,,,,,,,,,
Steel Charge(/Lotus/Upgrades/Mods/Aura/PlayerMeleeAuraMod),,,,,,,,,,,,,,,,,,,,,,,,,,,,,,,,,,,,,,,,,,,,,,,,,,,,,,,,,,,
Steel Fiber(/Lotus/Upgrades/Mods/Sentinel/SentinelArmourMod),プロッド クルーマン (Spaceman/AIWeek/MeleeSpaceman),,,,,,,,,,,,,,,,,,,,,,,,,,,,,,,,,,,,,,,,,,,,,,,,,,,,,,,,,,
Steel Fiber(/Lotus/Upgrades/Mods/Warframe/AvatarArmourMod),Tyl Regor (Vip/NinjaLeader),クローラー (AiWeek/Crawlers/Crawler),,,,,,,,,,,,,,,,,,,,,,,,,,,,,,,,,,,,,,,,,,,,,,,,,,,,,,,,,
Stopping Power(/Lotus/Upgrades/Mods/Pistol/WeaponStunChanceMod),Grineer スコーチ (AIWeek/FlameLancer),Electric Crawler (AiWeek/Crawlers/Lightning),,,,,,,,,,,,,,,,,,,,,,,,,,,,,,,,,,,,,,,,,,,,,,,,,,,,,,,,,
Stormbringer(/Lotus/Upgrades/Mods/Rifle/WeaponElectricityDamageMod),バリスタ (AIWeek/FemaleGrineer),,,,,,,,,,,,,,,,,,,,,,,,,,,,,,,,,,,,,,,,,,,,,,,,,,,,,,,,,,
Streamline(/Lotus/Upgrades/Mods/Warframe/AvatarAbilityEfficiencyMod),Hellion (AIWeek/JetpackMarine),Grineer ランサー (AIWeek/RifleLancer),Arid Hellion (Desert/JetpackMarine),Arid Lancer (Desert/RifleLancer),Frontier Hellion (Forest/JetpackMarine),Frontier Lancer (Forest/RifleLancer),Frontier Heavy Gunner (Forest/HeavyFemaleGrineerDesert),,,,,,,,,,,,,,,,,,,,,,,,,,,,,,,,,,,,,,,,,,,,,,,,,,,,
Stretch(/Lotus/Upgrades/Mods/Warframe/AvatarAbilityRangeMod),ショックウェーブ Moa (BipedRobot/AIWeek/ShockwaveBiped),リーチ オスプレイ (Drones/AIWeek/LeechDrone),Raptor (Drones/Vip/DroneAttack),Lt Lech Kril (Vip/BossLechKril),Kela De Thaym (Vip/HeavyRocketFemale),Vay Hek Terra Frame (Vip/Hek/HekBiped),,,,,,,,,,,,,,,,,,,,,,,,,,,,,,,,,,,,,,,,,,,,,,,,,,,,,
Striker(/Lotus/Types/Sentinels/SentinelPrecepts/BoomStick),Corrupted Moa (OrokinMoaBiped),Fusion Moa Guardian (TennoReplicants/TennoMoaBiped),,,,,,,,,,,,,,,,,,,,,,,,,,,,,,,,,,,,,,,,,,,,,,,,,,,,,,,,,
Stunning Speed(/Lotus/Upgrades/Mods/Pistol/DualStat/StunningSpeedMod),,,,,,,,,,,,,,,,,,,,,,,,,,,,,,,,,,,,,,,,,,,,,,,,,,,,,,,,,,,
Sundering Strike(/Lotus/Upgrades/Mods/Melee/WeaponArmorPiercingDamageMod),ランナー (AiWeek/Runners/SuicideRunner),,,,,,,,,,,,,,,,,,,,,,,,,,,,,,,,,,,,,,,,,,,,,,,,,,,,,,,,,,
Sundering Weave(/Lotus/Weapons/Tenno/Melee/MeleeTrees/MacheteCmbOneMeleeTree),Grineer イヴィスレイター (AIWeek/EviseratorLancer),Grineer トルーパー (AIWeek/ShotgunLancer),Arid Eviscerator (Desert/EvisceratorLancer),Arid Trooper (Desert/ShotgunLancer),Frontier Eviscerator (Forest/EvisceratorLancer),Frontier Trooper (Forest/ShotgunLancer),,,,,,,,,,,,,,,,,,,,,,,,,,,,,,,,,,,,,,,,,,,,,,,,,,,,,
Super Jump(/Lotus/Powersuits/Excalibur/SuperJumpAbilityCard),ノーシャス クローラー (AiWeek/Crawlers/GraspingCrawler),Electric Crawler (AiWeek/Crawlers/Lightning),,,,,,,,,,,,,,,,,,,,,,,,,,,,,,,,,,,,,,,,,,,,,,,,,,,,,,,,,
Suppress(/Lotus/Upgrades/Mods/Pistol/WeaponNoiseReductionMod),Corrupted Crewman (RifleSpaceman),,,,,,,,,,,,,,,,,,,,,,,,,,,,,,,,,,,,,,,,,,,,,,,,,,,,,,,,,,
Sure Footed(/Lotus/Upgrades/Mods/Warframe/AvatarKnockdownResistanceMod),Grineer ボンバード (AIWeek/RocketBombard),,,,,,,,,,,,,,,,,,,,,,,,,,,,,,,,,,,,,,,,,,,,,,,,,,,,,,,,,,
Swift Deth(/Lotus/Types/Sentinels/SentinelPrecepts/SwiftDeth),Grineer スコーチ (AIWeek/FlameLancer),リーパー (AiWeek/Runners/LeapingRunner),,,,,,,,,,,,,,,,,,,,,,,,,,,,,,,,,,,,,,,,,,,,,,,,,,,,,,,,,
Swirling Tiger(/Lotus/Weapons/Tenno/Melee/MeleeTrees/DualSwordCmbOneMeleeTree),Anti Moa (BipedRobot/AIWeek/LaserDiscBiped),Corpus テック (Spaceman/AIWeek/DeployableSpaceman),Grineer スコーチ (AIWeek/FlameLancer),,,,,,,,,,,,,,,,,,,,,,,,,,,,,,,,,,,,,,,,,,,,,,,,,,,,,,,,
Switch Teleport(/Lotus/Powersuits/Loki/SwitchAbilityCard),Lobber Crawler (AiWeek/Crawlers/Grenade),ノキシャス クローラー (AiWeek/Crawlers/NoxiousCrawler),,,,,,,,,,,,,,,,,,,,,,,,,,,,,,,,,,,,,,,,,,,,,,,,,,,,,,,,,
Tactical Pump(/Lotus/Upgrades/Mods/Shotgun/WeaponReloadSpeedMod),Jackal (QuadRobot/QuadRobot),Grineer ボンバード (AIWeek/RocketBombard),,,,,,,,,,,,,,,,,,,,,,,,,,,,,,,,,,,,,,,,,,,,,,,,,,,,,,,,,
Tail Wind(/Lotus/Powersuits/Tengu/TailWindAbilityCard),Hellion (AIWeek/JetpackMarine),Grineer ランサー (AIWeek/RifleLancer),Arid Hellion (Desert/JetpackMarine),Arid Lancer (Desert/RifleLancer),Frontier Hellion (Forest/JetpackMarine),Frontier Lancer (Forest/RifleLancer),Frontier Heavy Gunner (Forest/HeavyFemaleGrineerDesert),,,,,,,,,,,,,,,,,,,,,,,,,,,,,,,,,,,,,,,,,,,,,,,,,,,,
Tainted Clip(/Lotus/Upgrades/Mods/Pistol/DualStat/CorruptedMaxClipReloadSpeedPistol),,,,,,,,,,,,,,,,,,,,,,,,,,,,,,,,,,,,,,,,,,,,,,,,,,,,,,,,,,,
Tainted Mag(/Lotus/Upgrades/Mods/Rifle/DualStat/CorruptedMaxClipReloadSpeedRifle),,,,,,,,,,,,,,,,,,,,,,,,,,,,,,,,,,,,,,,,,,,,,,,,,,,,,,,,,,,
Tainted Shell(/Lotus/Upgrades/Mods/Shotgun/DualStat/CorruptedAccuracyFireRateShotgun),,,,,,,,,,,,,,,,,,,,,,,,,,,,,,,,,,,,,,,,,,,,,,,,,,,,,,,,,,,
Target Cracker(/Lotus/Upgrades/Mods/Pistol/WeaponCritDamageMod),Grineer パワーフィスト (AIWeek/PistonSawman),,,,,,,,,,,,,,,,,,,,,,,,,,,,,,,,,,,,,,,,,,,,,,,,,,,,,,,,,,
Teleport(/Lotus/Powersuits/Ninja/TelelportToAbilityCard),リーパー (AiWeek/Runners/LeapingRunner),,,,,,,,,,,,,,,,,,,,,,,,,,,,,,,,,,,,,,,,,,,,,,,,,,,,,,,,,,
Terrify(/Lotus/Powersuits/Necro/TerrorTotemAbilityCard),Orokin Drone (OrokinShieldDrone),,,,,,,,,,,,,,,,,,,,,,,,,,,,,,,,,,,,,,,,,,,,,,,,,,,,,,,,,,
Thief's Wit(/Lotus/Upgrades/Mods/Warframe/AvatarLootRadarMod),Anti Moa (BipedRobot/AIWeek/LaserDiscBiped),フュージョン Moa (BipedRobot/AIWeek/SuperMoaBiped),Sergeant Nef Anyo (Spaceman/Vip/SniperBoss),シールド ランサー (AIWeek/ShieldLancer),,,,,,,,,,,,,,,,,,,,,,,,,,,,,,,,,,,,,,,,,,,,,,,,,,,,,,,
Thumper(/Lotus/Types/Sentinels/SentinelPrecepts/Thumper),Corrupted Lancer (RifleLancer),,,,,,,,,,,,,,,,,,,,,,,,,,,,,,,,,,,,,,,,,,,,,,,,,,,,,,,,,,
Thunderbolt(/Lotus/Upgrades/Mods/Rifle/BowExplosionChanceMod),Grineer ランサー エリート (AIWeek/EliteRifleLancer),Elite Arid Lancer (Desert/EliteRifleLancer),Elite Frontier Lancer (Forest/EliteRifleLancer),,,,,,,,,,,,,,,,,,,,,,,,,,,,,,,,,,,,,,,,,,,,,,,,,,,,,,,,
Thunderclap(/Lotus/Upgrades/Mods/Rifle/WeaponStunChanceMod),Grineer フレイムブレイド (AIWeek/BlowtorchSawman),Guardsman (AIWeek/GrineerMeleeStaffLeader),Arid Butcher (Desert/BladeSawman),Frontier Butcher (Forest/BladeSawman),,,,,,,,,,,,,,,,,,,,,,,,,,,,,,,,,,,,,,,,,,,,,,,,,,,,,,,
Tornado(/Lotus/Powersuits/Tengu/TornadoAbilityCard),ランナー (AiWeek/Runners/SuicideRunner),,,,,,,,,,,,,,,,,,,,,,,,,,,,,,,,,,,,,,,,,,,,,,,,,,,,,,,,,,
Toxic Barrage(/Lotus/Upgrades/Mods/Shotgun/DualStat/PoisonEventShotgunMod),Vor (Vip/VorTwo/VorTwoBoss),,,,,,,,,,,,,,,,,,,,,,,,,,,,,,,,,,,,,,,,,,,,,,,,,,,,,,,,,,
Tranquil Cleave(/Lotus/Weapons/Tenno/Melee/MeleeTrees/KatanaCmbOneMeleeTree),Arid Butcher (Desert/BladeSawman),Frontier Butcher (Forest/BladeSawman),,,,,,,,,,,,,,,,,,,,,,,,,,,,,,,,,,,,,,,,,,,,,,,,,,,,,,,,,
Trick Mag(/Lotus/Upgrades/Mods/Pistol/WeaponAmmoMaxMod),レールガン Moa (BipedRobot/AIWeek/RailgunBiped),ショックウェーブ Moa (BipedRobot/AIWeek/ShockwaveBiped),シールド オスプレイ (Drones/AIWeek/ShieldDrone),Grineer フレイムブレイド (AIWeek/BlowtorchSawman),Guardsman (AIWeek/GrineerMeleeStaffLeader),Grineer ローラー (AIWeek/RollingDrone),Lobber Crawler (AiWeek/Crawlers/Grenade),ノキシャス クローラー (AiWeek/Crawlers/NoxiousCrawler),,,,,,,,,,,,,,,,,,,,,,,,,,,,,,,,,,,,,,,,,,,,,,,,,,,
True Punishment(/Lotus/Upgrades/Mods/Melee/Channel/ChannelCritsMod),,,,,,,,,,,,,,,,,,,,,,,,,,,,,,,,,,,,,,,,,,,,,,,,,,,,,,,,,,,
True Steel(/Lotus/Upgrades/Mods/Melee/WeaponCritChanceMod),シールド オスプレイ (Drones/AIWeek/ShieldDrone),Scavenger Drone (Drones/AIWeek/VacDrone),Grineer ボンバード (AIWeek/RocketBombard),Grineer ローラー (AIWeek/RollingDrone),Tyl Regor (Vip/NinjaLeader),,,,,,,,,,,,,,,,,,,,,,,,,,,,,,,,,,,,,,,,,,,,,,,,,,,,,,
Turbulence(/Lotus/Powersuits/Tengu/TurbulenceAbilityCard),Anti Moa (BipedRobot/AIWeek/LaserDiscBiped),,,,,,,,,,,,,,,,,,,,,,,,,,,,,,,,,,,,,,,,,,,,,,,,,,,,,,,,,,
Uncommon Fusion Core(/Lotus/Upgrades/Mods/Fusers/UncommonModFuser),レールガン Moa (BipedRobot/AIWeek/RailgunBiped),フュージョン Moa (BipedRobot/AIWeek/SuperMoaBiped),マイン オスプレイ (Drones/AIWeek/MineDrone),シールド オスプレイ (Drones/AIWeek/ShieldDrone),Oxium Osprey (Drones/AIWeek/SuicideDrone),Corpus テック (Spaceman/AIWeek/DeployableSpaceman),プロッド クルーマン (Spaceman/AIWeek/MeleeSpaceman),クルーマン (Spaceman/AIWeek/ShotgunSpaceman),スナイパー クルーマン (Spaceman/AIWeek/SniperSpaceman),Elite Crewman (Spaceman/EliteSpaceman),Grineer ソーマン (AIWeek/BladeSawman),Grineer フレイムブレイド (AIWeek/BlowtorchSawman),Grineer ランサー エリート (AIWeek/EliteRifleLancer),バリスタ (AIWeek/FemaleGrineer),Grineer スコーチ (AIWeek/FlameLancer),Guardsman (AIWeek/GrineerMeleeStaff),Guardsman (AIWeek/GrineerMeleeStaffLeader),Grineer ヘビーガンナー (AIWeek/HeavyFemaleGrineer),Grineer ナパーム (AIWeek/IncendiaryBombard),Grineer スコーピオン (AIWeek/MacheteWoman),Grineer パワーフィスト (AIWeek/PistonSawman),Grineer ローラー (AIWeek/RollingDrone),シールド ランサー (AIWeek/ShieldLancer),Arid Butcher (Desert/BladeSawman),Elite Arid Lancer (Desert/EliteRifleLancer),Arid Heavy Gunner (Desert/HeavyFemaleGrineerDesert),Frontier Butcher (Forest/BladeSawman),Elite Frontier Lancer (Forest/EliteRifleLancer),Frontier Regulator (SpecialEvents/ForestDrone),Regulator (SpecialEvents/SurveillanceDrone),Vay Hek Terra Frame (Vip/Hek/HekBiped),エンシェント ヒーラー (AiWeek/Ancients/HealingAncient),トキシック エンシェント (AiWeek/Ancients/ToxicAncient),クローラー (AiWeek/Crawlers/Crawler),Lobber Crawler (AiWeek/Crawlers/Grenade),Electric Crawler (AiWeek/Crawlers/Lightning),ノキシャス クローラー (AiWeek/Crawlers/NoxiousCrawler),Corrupted Ancient (OrokinHealingAncient),Corrupted Heavy Gunner (OrokinHeavyFemale),Orokin Drone (OrokinShieldDrone),Corrupted Lancer (RifleLancer),,,,,,,,,,,,,,,,,,
Undying Will(/Lotus/Upgrades/Mods/Warframe/AvatarBleedoutDelayMod),Grineer ランサー エリート (AIWeek/EliteRifleLancer),Elite Arid Lancer (Desert/EliteRifleLancer),Elite Frontier Lancer (Forest/EliteRifleLancer),,,,,,,,,,,,,,,,,,,,,,,,,,,,,,,,,,,,,,,,,,,,,,,,,,,,,,,,
Vacuum(/Lotus/Types/Sentinels/SentinelPrecepts/ItemVacum),Corrupted Lancer (RifleLancer),,,,,,,,,,,,,,,,,,,,,,,,,,,,,,,,,,,,,,,,,,,,,,,,,,,,,,,,,,
Vaporize(/Lotus/Types/Sentinels/SentinelPrecepts/Vaporize),フュージョン Moa (BipedRobot/AIWeek/SuperMoaBiped),Grineer パワーフィスト (AIWeek/PistonSawman),,,,,,,,,,,,,,,,,,,,,,,,,,,,,,,,,,,,,,,,,,,,,,,,,,,,,,,,,
Venom(/Lotus/Powersuits/Saryn/PoisonAbilityCard),Anti Moa (BipedRobot/AIWeek/LaserDiscBiped),レールガン Moa (BipedRobot/AIWeek/RailgunBiped),Grineer スコーチ (AIWeek/FlameLancer),,,,,,,,,,,,,,,,,,,,,,,,,,,,,,,,,,,,,,,,,,,,,,,,,,,,,,,,
Vicious Spread(/Lotus/Upgrades/Mods/Shotgun/DualStat/CorruptedDamageAccuracyShotgun),,,,,,,,,,,,,,,,,,,,,,,,,,,,,,,,,,,,,,,,,,,,,,,,,,,,,,,,,,,
Vigor(/Lotus/Upgrades/Mods/Warframe/DualStat/VigorMod),,,,,,,,,,,,,,,,,,,,,,,,,,,,,,,,,,,,,,,,,,,,,,,,,,,,,,,,,,,
Vile Precision(/Lotus/Upgrades/Mods/Rifle/DualStat/CorruptedRecoilFireRateRifle),,,,,,,,,,,,,,,,,,,,,,,,,,,,,,,,,,,,,,,,,,,,,,,,,,,,,,,,,,,
Virulent Scourge(/Lotus/Upgrades/Mods/Melee/DualStat/PoisonEventMeleeMod),Vor (Vip/VorTwo/VorTwoBoss),,,,,,,,,,,,,,,,,,,,,,,,,,,,,,,,,,,,,,,,,,,,,,,,,,,,,,,,,,
Vital Sense(/Lotus/Upgrades/Mods/Rifle/WeaponCritDamageMod),プロッド クルーマン (Spaceman/AIWeek/MeleeSpaceman),,,,,,,,,,,,,,,,,,,,,,,,,,,,,,,,,,,,,,,,,,,,,,,,,,,,,,,,,,
Vitality(/Lotus/Upgrades/Mods/Sentinel/SentinelHealthMaxMod),Anti Moa (BipedRobot/AIWeek/LaserDiscBiped),フュージョン Moa (BipedRobot/AIWeek/SuperMoaBiped),シールド オスプレイ (Drones/AIWeek/ShieldDrone),Grineer ナパーム (AIWeek/IncendiaryBombard),Grineer ローラー (AIWeek/RollingDrone),,,,,,,,,,,,,,,,,,,,,,,,,,,,,,,,,,,,,,,,,,,,,,,,,,,,,,
Vitality(/Lotus/Upgrades/Mods/Warframe/AvatarHealthMaxMod),Oxium Osprey (Drones/AIWeek/SuicideDrone),Alad V (Vip/AladV/AladBoss),Hellion (AIWeek/JetpackMarine),Grineer ランサー (AIWeek/RifleLancer),Arid Hellion (Desert/JetpackMarine),Arid Lancer (Desert/RifleLancer),Frontier Hellion (Forest/JetpackMarine),Frontier Lancer (Forest/RifleLancer),Frontier Heavy Gunner (Forest/HeavyFemaleGrineerDesert),Frontier Regulator (SpecialEvents/ForestDrone),Regulator (SpecialEvents/SurveillanceDrone),Captain Vor (Vip/CaptainVorBoss),Tyl Regor (Vip/NinjaLeader),Vor (Vip/VorTwo/VorTwoBoss),,,,,,,,,,,,,,,,,,,,,,,,,,,,,,,,,,,,,,,,,,,,,
Vortex(/Lotus/Powersuits/Trapper/MagHoleAbilityCard),Sergeant Nef Anyo (Spaceman/Vip/SniperBoss),クローラー (AiWeek/Crawlers/Crawler),,,,,,,,,,,,,,,,,,,,,,,,,,,,,,,,,,,,,,,,,,,,,,,,,,,,,,,,,
Warcry(/Lotus/Powersuits/Berserker/IntimidateAbilityCard),Scavenger Drone (Drones/AIWeek/VacDrone),,,,,,,,,,,,,,,,,,,,,,,,,,,,,,,,,,,,,,,,,,,,,,,,,,,,,,,,,,
Warm Coat(/Lotus/Upgrades/Mods/Warframe/AvatarMissionSpecificResistanceIce),Grineer ボンバード (AIWeek/RocketBombard),トキシック エンシェント (AiWeek/Ancients/ToxicAncient),,,,,,,,,,,,,,,,,,,,,,,,,,,,,,,,,,,,,,,,,,,,,,,,,,,,,,,,,
Warrior's Grip(/Lotus/Upgrades/Mods/Melee/Channel/ChannelParryStaminaRedMod),,,,,,,,,,,,,,,,,,,,,,,,,,,,,,,,,,,,,,,,,,,,,,,,,,,,,,,,,,,
Warrior(/Lotus/Types/Sentinels/SentinelPrecepts/Warrior),スナイパー クルーマン (Spaceman/AIWeek/SniperSpaceman),,,,,,,,,,,,,,,,,,,,,,,,,,,,,,,,,,,,,,,,,,,,,,,,,,,,,,,,,,
Well Of Life(/Lotus/Powersuits/Trinity/WellOfLifeAbilityCard),ランナー (AiWeek/Runners/SuicideRunner),,,,,,,,,,,,,,,,,,,,,,,,,,,,,,,,,,,,,,,,,,,,,,,,,,,,,,,,,,
Whirlwind(/Lotus/Upgrades/Mods/Melee/WeaponGlaiveSpeedMod),Corrupted Heavy Gunner (OrokinHeavyFemale),,,,,,,,,,,,,,,,,,,,,,,,,,,,,,,,,,,,,,,,,,,,,,,,,,,,,,,,,,
Wildfire(/Lotus/Upgrades/Mods/Rifle/DualStat/WildfireMod),,,,,,,,,,,,,,,,,,,,,,,,,,,,,,,,,,,,,,,,,,,,,,,,,,,,,,,,,,,
World On Fire(/Lotus/Powersuits/Ember/WorldOnFireAbilityCard),Ambulas (BipedRobot/Vip/BossBiped),Grineer ヘビーガンナー (AIWeek/HeavyFemaleGrineer),Arid Heavy Gunner (Desert/HeavyFemaleGrineerDesert),Grineer コマンダー (GrineerMarineLeader),,,,,,,,,,,,,,,,,,,,,,,,,,,,,,,,,,,,,,,,,,,,,,,,,,,,,,,
Worm Hole(/Lotus/Powersuits/AntiMatter/WormHoleAbilityCard),シールド オスプレイ (Drones/AIWeek/ShieldDrone),Grineer ローラー (AIWeek/RollingDrone),,,,,,,,,,,,,,,,,,,,,,,,,,,,,,,,,,,,,,,,,,,,,,,,,,,,,,,,,
