Mod,Drop Locations,,,,,,,,,,,,,,,,,,,,,,,,,,,,,,,,,,,,,,,,,,,,,,,,,,,,,,,,,,,,,,,,,,,,,,,,
Anemic Agility (/Lotus/Upgrades/Mods/Pistol/DualStat/CorruptedFireRateDamagePistol),Баллиста (AIWeek/FemaleGrineer),,,,,,,,,,,,,,,,,,,,,,,,,,,,,,,,,,,,,,,,,,,,,,,,,,,,,,,,,,,,,,,,,,,,,,,,
Argon Plating (/Lotus/Upgrades/Mods/Archwing/Suit/ArchwingSuitArmourMod),Carrier (SpaceBattles/Ships/SwarmShip),Dreg (SpaceBattles/Drones/GrineerSpaceDrone),,,,,,,,,,,,,,,,,,,,,,,,,,,,,,,,,,,,,,,,,,,,,,,,,,,,,,,,,,,,,,,,,,,,,,,
Automatic Trigger (/Lotus/Upgrades/Mods/Archwing/Rifle/ArchwingRifleFireRateMod),Carrier (SpaceBattles/Ships/SwarmShip),,,,,,,,,,,,,,,,,,,,,,,,,,,,,,,,,,,,,,,,,,,,,,,,,,,,,,,,,,,,,,,,,,,,,,,,
Auxiliary Power (/Lotus/Upgrades/Mods/Archwing/Suit/ArchwingSuitPowerMaxMod),Shield Dargyn (SpaceBattles/Skiffs/ShieldSkiff),,,,,,,,,,,,,,,,,,,,,,,,,,,,,,,,,,,,,,,,,,,,,,,,,,,,,,,,,,,,,,,,,,,,,,,,
Berserker (/Lotus/Upgrades/Mods/Melee/WeaponCritFireRateBonusMod),Corrupted Ancient (OrokinHealingAncient),,,,,,,,,,,,,,,,,,,,,,,,,,,,,,,,,,,,,,,,,,,,,,,,,,,,,,,,,,,,,,,,,,,,,,,,
Bite (/Lotus/Upgrades/Mods/Sentinel/Kubrow/KubrowCritMod),Drahk (AIWeek/CombatKubrow),Kubrow (/Lotus/Types/NeutralCreatures/Kubrow/Kubrow),,,,,,,,,,,,,,,,,,,,,,,,,,,,,,,,,,,,,,,,,,,,,,,,,,,,,,,,,,,,,,,,,,,,,,,
Blazing Steel (/Lotus/Upgrades/Mods/Archwing/Melee/ArchwingWeaponFireDamageMod),Shield-Hellion Dargyn (SpaceBattles/Skiffs/MissileShieldSkiff),,,,,,,,,,,,,,,,,,,,,,,,,,,,,,,,,,,,,,,,,,,,,,,,,,,,,,,,,,,,,,,,,,,,,,,,
Bleeding Edge (/Lotus/Upgrades/Mods/Archwing/Melee/ArchwingMeleeCritDamageMod),Dargyn (SpaceBattles/Skiffs/GrineerSpaceMarine),Shield-Hellion Dargyn (SpaceBattles/Skiffs/MissileShieldSkiff),,,,,,,,,,,,,,,,,,,,,,,,,,,,,,,,,,,,,,,,,,,,,,,,,,,,,,,,,,,,,,,,,,,,,,,
Bleeding Willow (/Lotus/Weapons/Tenno/Melee/MeleeTrees/PolearmCmbTwoMeleeTree),Corrupted Moa (OrokinMoaBiped),,,,,,,,,,,,,,,,,,,,,,,,,,,,,,,,,,,,,,,,,,,,,,,,,,,,,,,,,,,,,,,,,,,,,,,,
Blind Justice (/Lotus/Weapons/Tenno/Melee/MeleeTrees/KatanaCmbThreeMeleeTree),Сталкер (Stalker/Stalker),,,,,,,,,,,,,,,,,,,,,,,,,,,,,,,,,,,,,,,,,,,,,,,,,,,,,,,,,,,,,,,,,,,,,,,,
Blind Rage (/Lotus/Upgrades/Mods/Warframe/DualStat/CorruptedPowerEfficiencyWarframe),,,,,,,,,,,,,,,,,,,,,,,,,,,,,,,,,,,,,,,,,,,,,,,,,,,,,,,,,,,,,,,,,,,,,,,,,
Brutal Tide (/Lotus/Weapons/Tenno/Melee/MeleeTrees/PunchKickCmbTwoMeleeTree),Токсичный Древний (AiWeek/Ancients/ToxicAncient),,,,,,,,,,,,,,,,,,,,,,,,,,,,,,,,,,,,,,,,,,,,,,,,,,,,,,,,,,,,,,,,,,,,,,,,
Burdened Magazine (/Lotus/Upgrades/Mods/Shotgun/DualStat/CorruptedMaxClipReloadSpeedShotgun),,,,,,,,,,,,,,,,,,,,,,,,,,,,,,,,,,,,,,,,,,,,,,,,,,,,,,,,,,,,,,,,,,,,,,,,,
Burning Wasp (/Lotus/Weapons/Tenno/Melee/MeleeTrees/WhipCmbOneMeleeTree),Corrupted Lancer (RifleLancer),,,,,,,,,,,,,,,,,,,,,,,,,,,,,,,,,,,,,,,,,,,,,,,,,,,,,,,,,,,,,,,,,,,,,,,,
Clashing Forest (/Lotus/Weapons/Tenno/Melee/MeleeTrees/StaffCmbOneMeleeTree),Corrupted Ancient (OrokinHealingAncient),,,,,,,,,,,,,,,,,,,,,,,,,,,,,,,,,,,,,,,,,,,,,,,,,,,,,,,,,,,,,,,,,,,,,,,,
Cleaving Whirlwind (/Lotus/Weapons/Tenno/Melee/MeleeTrees/AxeCmbTwoMeleeTree),Древний Разрушитель (AiWeek/Ancients/Ancient),,,,,,,,,,,,,,,,,,,,,,,,,,,,,,,,,,,,,,,,,,,,,,,,,,,,,,,,,,,,,,,,,,,,,,,,
Coiling Viper (/Lotus/Weapons/Tenno/Melee/MeleeTrees/WhipCmbTwoMeleeTree),Corrupted Crewman (RifleSpaceman),,,,,,,,,,,,,,,,,,,,,,,,,,,,,,,,,,,,,,,,,,,,,,,,,,,,,,,,,,,,,,,,,,,,,,,,
Combustion Rounds (/Lotus/Upgrades/Mods/Archwing/Rifle/ArchwingWeaponFireDamageMod),Dreg (SpaceBattles/Drones/GrineerSpaceDrone),,,,,,,,,,,,,,,,,,,,,,,,,,,,,,,,,,,,,,,,,,,,,,,,,,,,,,,,,,,,,,,,,,,,,,,,
Common Ядро Синтеза (/Lotus/Upgrades/Mods/Fusers/CommonModFuser),Моа Шагоход (BipedRobot/AIWeek/LaserCannonBiped),Моа Рельсотрон (BipedRobot/AIWeek/RailgunBiped),Ударный Моа (BipedRobot/AIWeek/ShockwaveBiped),Гибридный Моа (BipedRobot/AIWeek/SuperMoaBiped),Дрон Пиявка (Drones/AIWeek/LeechDrone),Дрон Минёр (Drones/AIWeek/MineDrone),Дрон Щитогенератор (Drones/AIWeek/ShieldDrone),Oxium Osprey (Drones/AIWeek/SuicideDrone),Дрон (Drones/DroneDroneAttack),Corpus Warden (Gamemodes/DeployableSpacemanWarden),Corpus Warden (Gamemodes/DeployableSpacemanWardenLeader),Lynx (QuadRobot/MiniBoss/QuadRobotMiniBoss),Lynx Osprey (QuadRobot/MiniBoss/ShieldDroneMiniBoss),Lynx Turret (QuadRobot/MiniBoss/TurretQuadMiniBoss),Corpus Power Carrier (Spaceman/AIWeek/CarrierSpaceman),Техник Корпуса (Spaceman/AIWeek/DeployableSpaceman),Солдат С Жезлом (Spaceman/AIWeek/MeleeSpaceman),Солдат (Spaceman/AIWeek/RifleSpaceman),Солдат (Spaceman/AIWeek/ShotgunSpaceman),Elite Crewman (Spaceman/EliteSpaceman),Drahk Master (AIWeek/BeastMaster),Солдат С Пилой (AIWeek/BladeSawman),Солдат С Термоклинком (AIWeek/BlowtorchSawman),Grineer Power Carrier (AIWeek/CarrierRifleLancer),Shock (AIWeek/DeltaProsecutorLeader),Баллиста (AIWeek/FemaleGrineer),Выжигатель (AIWeek/FlameLancer),Guardsman (AIWeek/GrineerMeleeStaff),Shock (AIWeek/GrineerMeleeStaffLeader),Пулемётчик (AIWeek/HeavyFemaleGrineer),Hellion Power Carrier (AIWeek/JetpackMarineCarrier),Скорпион (AIWeek/MacheteWoman),Бомбардир (AIWeek/RocketBombard),Дрон-Каток (AIWeek/RollingDrone),Щитоносец (AIWeek/ShieldLancer),Arid Heavy Gunner (Desert/HeavyFemaleGrineerDesert),Grineer Warden (Gamemodes/WardenGrineerHeavy),Grineer Warden (Gamemodes/WardenGrineerHeavyLeader),Frontier Regulator (SpecialEvents/ForestDrone),Regulator (SpecialEvents/SurveillanceDrone),Vay Hek Terra Frame (Vip/Hek/HekBiped),Councilor Vay Hek (Vip/Hek/HekDrone),Древний Целитель (AiWeek/Ancients/HealingAncient),Токсичный Древний (AiWeek/Ancients/ToxicAncient),Ползун (AiWeek/Crawlers/Crawler),Рвотный Ползун (AiWeek/Crawlers/GraspingCrawler),Lobber Crawler (AiWeek/Crawlers/Grenade),Ядовитый Ползун (AiWeek/Crawlers/NoxiousCrawler),Mutalist-Osprey (AiWeek/InfestedDrones/PoisonDrone),Инфестоид (AiWeek/Quadrupeds/Quadruped),Прыгун (AiWeek/Runners/LeapingRunner),Бегун (AiWeek/Runners/SuicideRunner),Corrupted Ancient (OrokinHealingAncient),Corrupted Moa (OrokinMoaBiped),Orokin Drone (OrokinShieldDrone),Corrupted Crewman (RifleSpaceman),Ranger (SpaceBattles/CrewMan/JetpackMarine),Quanta Ranger (SpaceBattles/CrewMan/JetpackMarineThree),Penta Ranger (SpaceBattles/CrewMan/JetpackMarineTwo),Locust Drone (SpaceBattles/Drones/SwarmDrone),Gox (SpaceBattles/Ships/CrpPod),Corvette (SpaceBattles/Ships/FlakShip),Frigate (SpaceBattles/Ships/LaserShip),Carrier (SpaceBattles/Ships/SwarmShip),Дрон (SpaceBattles/CrpSpaceDroneAttack),Dreg (SpaceBattles/Drones/GrineerSpaceDrone),Lancer Dreg (SpaceBattles/Drones/LaserDrone),Temporal Dreg (SpaceBattles/Drones/StasisDrone),Ogma (SpaceBattles/Pods/CombatPod),Dargyn (SpaceBattles/Skiffs/GrineerSpaceMarine),Shield-Hellion Dargyn (SpaceBattles/Skiffs/MissileShieldSkiff),Hellion Dargyn (SpaceBattles/Skiffs/MissileSkiff),Shield Dargyn (SpaceBattles/Skiffs/ShieldSkiff)
Concussion Rounds (/Lotus/Upgrades/Mods/Pistol/WeaponImpactDamageMod),Солдат (Spaceman/AIWeek/ShotgunSpaceman),Бегун (AiWeek/Runners/SuicideRunner),,,,,,,,,,,,,,,,,,,,,,,,,,,,,,,,,,,,,,,,,,,,,,,,,,,,,,,,,,,,,,,,,,,,,,,
Contagious Spread (/Lotus/Upgrades/Mods/Shotgun/WeaponToxinDamageMod),Scavenger Drone (Drones/AIWeek/VacDrone),Electric Crawler (AiWeek/Crawlers/Lightning),,,,,,,,,,,,,,,,,,,,,,,,,,,,,,,,,,,,,,,,,,,,,,,,,,,,,,,,,,,,,,,,,,,,,,,
Continuous Misery (/Lotus/Upgrades/Mods/Rifle/WeaponProcTimeMod),,,,,,,,,,,,,,,,,,,,,,,,,,,,,,,,,,,,,,,,,,,,,,,,,,,,,,,,,,,,,,,,,,,,,,,,,
Coolant Leak (/Lotus/Types/Sentinels/SentinelPrecepts/CoolantLeak),Orokin Drone (OrokinShieldDrone),,,,,,,,,,,,,,,,,,,,,,,,,,,,,,,,,,,,,,,,,,,,,,,,,,,,,,,,,,,,,,,,,,,,,,,,
Corrupt Charge (/Lotus/Upgrades/Mods/Melee/DualStat/CorruptedHeavyDamageChargeSpeedMod),,,,,,,,,,,,,,,,,,,,,,,,,,,,,,,,,,,,,,,,,,,,,,,,,,,,,,,,,,,,,,,,,,,,,,,,,
Creeping Bullseye (/Lotus/Upgrades/Mods/Pistol/DualStat/CorruptedCritChanceFireRatePistol),,,,,,,,,,,,,,,,,,,,,,,,,,,,,,,,,,,,,,,,,,,,,,,,,,,,,,,,,,,,,,,,,,,,,,,,,
Crimson Dervish (/Lotus/Weapons/Tenno/Melee/MeleeTrees/CrimsonDervishMeleeTree),Бомбардир (AIWeek/RocketBombard),,,,,,,,,,,,,,,,,,,,,,,,,,,,,,,,,,,,,,,,,,,,,,,,,,,,,,,,,,,,,,,,,,,,,,,,
Critical Deceleration (/Lotus/Upgrades/Mods/Shotgun/DualStat/CorruptedCritChanceFireRateShotgun),,,,,,,,,,,,,,,,,,,,,,,,,,,,,,,,,,,,,,,,,,,,,,,,,,,,,,,,,,,,,,,,,,,,,,,,,
Critical Delay (/Lotus/Upgrades/Mods/Rifle/DualStat/CorruptedCritRateFireRateRifle),,,,,,,,,,,,,,,,,,,,,,,,,,,,,,,,,,,,,,,,,,,,,,,,,,,,,,,,,,,,,,,,,,,,,,,,,
Crossing Snakes (/Lotus/Weapons/Tenno/Melee/MeleeTrees/DualSwordCmbTwoMeleeTree),Элитный Солдат (AIWeek/EliteRifleLancer),Elite Arid Lancer (Desert/EliteRifleLancer),Elite Frontier Lancer (Forest/EliteRifleLancer),,,,,,,,,,,,,,,,,,,,,,,,,,,,,,,,,,,,,,,,,,,,,,,,,,,,,,,,,,,,,,,,,,,,,,
Crushing Ruin (/Lotus/Weapons/Tenno/Melee/MeleeTrees/HammerCmbTwoMeleeTree),Arid Seeker (Desert/GrineerMarinePistol),Frontier Seeker (Forest/GrineerMarinePistol),Искатель (GrineerMarinePistol),,,,,,,,,,,,,,,,,,,,,,,,,,,,,,,,,,,,,,,,,,,,,,,,,,,,,,,,,,,,,,,,,,,,,,
Cutting Edge (/Lotus/Upgrades/Mods/Archwing/Melee/ArchwingMeleeDamageMod),Ranger (SpaceBattles/CrewMan/JetpackMarine),Quanta Ranger (SpaceBattles/CrewMan/JetpackMarineThree),Penta Ranger (SpaceBattles/CrewMan/JetpackMarineTwo),Frigate (SpaceBattles/Ships/LaserShip),Dreg (SpaceBattles/Drones/GrineerSpaceDrone),Ogma (SpaceBattles/Pods/CombatPod),,,,,,,,,,,,,,,,,,,,,,,,,,,,,,,,,,,,,,,,,,,,,,,,,,,,,,,,,,,,,,,,,,,
Decisive Judgement (/Lotus/Weapons/Tenno/Melee/MeleeTrees/KatanaCmbTwoMeleeTree),Пулемётчик (AIWeek/HeavyFemaleGrineer),Arid Heavy Gunner (Desert/HeavyFemaleGrineerDesert),Grineer Warden (Gamemodes/WardenGrineerHeavy),Grineer Warden (Gamemodes/WardenGrineerHeavyLeader),,,,,,,,,,,,,,,,,,,,,,,,,,,,,,,,,,,,,,,,,,,,,,,,,,,,,,,,,,,,,,,,,,,,,
Dig (/Lotus/Types/Friendly/Pets/KubrowPetPrecepts/KubrowDigPrecept),Drahk (AIWeek/CombatKubrow),Kubrow (/Lotus/Types/NeutralCreatures/Kubrow/Kubrow),,,,,,,,,,,,,,,,,,,,,,,,,,,,,,,,,,,,,,,,,,,,,,,,,,,,,,,,,,,,,,,,,,,,,,,
Disruptor (/Lotus/Upgrades/Mods/Shotgun/WeaponImpactDamageMod),Потрошитель (AIWeek/EviseratorLancer),Штурмовик (AIWeek/ShotgunLancer),Arid Eviscerator (Desert/EvisceratorLancer),Arid Trooper (Desert/ShotgunLancer),Frontier Eviscerator (Forest/EvisceratorLancer),Frontier Trooper (Forest/ShotgunLancer),,,,,,,,,,,,,,,,,,,,,,,,,,,,,,,,,,,,,,,,,,,,,,,,,,,,,,,,,,,,,,,,,,,
Dual Rounds (/Lotus/Upgrades/Mods/Archwing/Rifle/ArchwingRifleFireIterationsMod),Ogma (SpaceBattles/Pods/CombatPod),Shield-Hellion Dargyn (SpaceBattles/Skiffs/MissileShieldSkiff),,,,,,,,,,,,,,,,,,,,,,,,,,,,,,,,,,,,,,,,,,,,,,,,,,,,,,,,,,,,,,,,,,,,,,,
Efficient Transferral (/Lotus/Upgrades/Mods/Archwing/Suit/ArchwingSuitAbilityDurationMod),Дрон (SpaceBattles/CrpSpaceDroneAttack),Dargyn (SpaceBattles/Skiffs/GrineerSpaceMarine),,,,,,,,,,,,,,,,,,,,,,,,,,,,,,,,,,,,,,,,,,,,,,,,,,,,,,,,,,,,,,,,,,,,,,,
Electrified Barrel (/Lotus/Upgrades/Mods/Archwing/Rifle/ArchwingWeaponElectricityDamageMod),Lancer Dreg (SpaceBattles/Drones/LaserDrone),,,,,,,,,,,,,,,,,,,,,,,,,,,,,,,,,,,,,,,,,,,,,,,,,,,,,,,,,,,,,,,,,,,,,,,,
Eleventh Storm (/Lotus/Weapons/Tenno/Melee/MeleeTrees/SwordShieldCmbOneMeleeTree),,,,,,,,,,,,,,,,,,,,,,,,,,,,,,,,,,,,,,,,,,,,,,,,,,,,,,,,,,,,,,,,,,,,,,,,,
Enduring Strike (/Lotus/Upgrades/Mods/Melee/Channel/ChannelStatusMod),,,,,,,,,,,,,,,,,,,,,,,,,,,,,,,,,,,,,,,,,,,,,,,,,,,,,,,,,,,,,,,,,,,,,,,,,
Energy Amplifier (/Lotus/Upgrades/Mods/Archwing/Suit/ArchwingSuitAbilityRangeMod),Lancer Dreg (SpaceBattles/Drones/LaserDrone),Shield-Hellion Dargyn (SpaceBattles/Skiffs/MissileShieldSkiff),,,,,,,,,,,,,,,,,,,,,,,,,,,,,,,,,,,,,,,,,,,,,,,,,,,,,,,,,,,,,,,,,,,,,,,
Energy Inversion (/Lotus/Upgrades/Mods/Archwing/Suit/ArchwingSuitShieldMaxMod),Shield Dargyn (SpaceBattles/Skiffs/ShieldSkiff),,,,,,,,,,,,,,,,,,,,,,,,,,,,,,,,,,,,,,,,,,,,,,,,,,,,,,,,,,,,,,,,,,,,,,,,
Enhanced Durability (/Lotus/Upgrades/Mods/Archwing/Suit/ArchwingSuitHealthMaxMod),Gox (SpaceBattles/Ships/CrpPod),Corvette (SpaceBattles/Ships/FlakShip),,,,,,,,,,,,,,,,,,,,,,,,,,,,,,,,,,,,,,,,,,,,,,,,,,,,,,,,,,,,,,,,,,,,,,,
Equilibrium (/Lotus/Upgrades/Mods/Warframe/AvatarPickupBonusMod),,,,,,,,,,,,,,,,,,,,,,,,,,,,,,,,,,,,,,,,,,,,,,,,,,,,,,,,,,,,,,,,,,,,,,,,,
Extend (/Lotus/Upgrades/Mods/Archwing/Melee/ArchwingMeleeRangeIncMod),Дрон (SpaceBattles/CrpSpaceDroneAttack),Lancer Dreg (SpaceBattles/Drones/LaserDrone),Temporal Dreg (SpaceBattles/Drones/StasisDrone),Hellion Dargyn (SpaceBattles/Skiffs/MissileSkiff),,,,,,,,,,,,,,,,,,,,,,,,,,,,,,,,,,,,,,,,,,,,,,,,,,,,,,,,,,,,,,,,,,,,,
Fast Deflection (/Lotus/Upgrades/Mods/Sentinel/Kubrow/KubrowShieldRechargeRateMod),Drahk (AIWeek/CombatKubrow),Kubrow (/Lotus/Types/NeutralCreatures/Kubrow/Kubrow),,,,,,,,,,,,,,,,,,,,,,,,,,,,,,,,,,,,,,,,,,,,,,,,,,,,,,,,,,,,,,,,,,,,,,,
Fatal Acceleration (/Lotus/Upgrades/Mods/Shotgun/WeaponProjectileSpeedMod),Прыгун (AiWeek/Runners/LeapingRunner),,,,,,,,,,,,,,,,,,,,,,,,,,,,,,,,,,,,,,,,,,,,,,,,,,,,,,,,,,,,,,,,,,,,,,,,
Fatal Attraction (/Lotus/Types/Sentinels/SentinelPrecepts/Bait),Corrupted Moa (OrokinMoaBiped),,,,,,,,,,,,,,,,,,,,,,,,,,,,,,,,,,,,,,,,,,,,,,,,,,,,,,,,,,,,,,,,,,,,,,,,
Ferocity (/Lotus/Upgrades/Mods/Sentinel/Kubrow/KubrowFinisherMod),Drahk (AIWeek/CombatKubrow),Kubrow (/Lotus/Types/NeutralCreatures/Kubrow/Kubrow),,,,,,,,,,,,,,,,,,,,,,,,,,,,,,,,,,,,,,,,,,,,,,,,,,,,,,,,,,,,,,,,,,,,,,,
Fever Strike (/Lotus/Upgrades/Mods/Melee/WeaponToxinDamageMod),Arid Butcher (Desert/BladeSawman),Frontier Butcher (Forest/BladeSawman),,,,,,,,,,,,,,,,,,,,,,,,,,,,,,,,,,,,,,,,,,,,,,,,,,,,,,,,,,,,,,,,,,,,,,,
Finishing Touch (/Lotus/Upgrades/Mods/Melee/WeaponMeleeFinisherDamageMod),Corrupted Lancer (RifleLancer),,,,,,,,,,,,,,,,,,,,,,,,,,,,,,,,,,,,,,,,,,,,,,,,,,,,,,,,,,,,,,,,,,,,,,,,
Fired Up (/Lotus/Upgrades/Mods/Sentinel/SentinelOverheatDamageMod),Orokin Drone (OrokinShieldDrone),Corrupted Crewman (RifleSpaceman),,,,,,,,,,,,,,,,,,,,,,,,,,,,,,,,,,,,,,,,,,,,,,,,,,,,,,,,,,,,,,,,,,,,,,,
Firestorm (/Lotus/Upgrades/Mods/Rifle/WeaponIncreaseRadialExplosionMod),Токсичный Древний (AiWeek/Ancients/ToxicAncient),,,,,,,,,,,,,,,,,,,,,,,,,,,,,,,,,,,,,,,,,,,,,,,,,,,,,,,,,,,,,,,,,,,,,,,,
Flailing Branch (/Lotus/Weapons/Tenno/Melee/MeleeTrees/StaffCmbTwoMeleeTree),Corrupted Heavy Gunner (OrokinHeavyFemale),,,,,,,,,,,,,,,,,,,,,,,,,,,,,,,,,,,,,,,,,,,,,,,,,,,,,,,,,,,,,,,,,,,,,,,,
Fleeting Expertise (/Lotus/Upgrades/Mods/Warframe/DualStat/CorruptedEfficiencyDurationWarframe),,,,,,,,,,,,,,,,,,,,,,,,,,,,,,,,,,,,,,,,,,,,,,,,,,,,,,,,,,,,,,,,,,,,,,,,,
Fracturing Wind (/Lotus/Weapons/Tenno/Melee/MeleeTrees/FistCmbOneMeleeTree),Инфестоид (AiWeek/Quadrupeds/Quadruped),,,,,,,,,,,,,,,,,,,,,,,,,,,,,,,,,,,,,,,,,,,,,,,,,,,,,,,,,,,,,,,,,,,,,,,,
Frail Momentum (/Lotus/Upgrades/Mods/Shotgun/DualStat/CorruptedFireRateDamageShotgun),,,,,,,,,,,,,,,,,,,,,,,,,,,,,,,,,,,,,,,,,,,,,,,,,,,,,,,,,,,,,,,,,,,,,,,,,
Furor (/Lotus/Upgrades/Mods/Archwing/Melee/ArchwingMeleeFireRateMod),Gox (SpaceBattles/Ships/CrpPod),Corvette (SpaceBattles/Ships/FlakShip),Carrier (SpaceBattles/Ships/SwarmShip),Shield Dargyn (SpaceBattles/Skiffs/ShieldSkiff),,,,,,,,,,,,,,,,,,,,,,,,,,,,,,,,,,,,,,,,,,,,,,,,,,,,,,,,,,,,,,,,,,,,,
Galvanized Blade (/Lotus/Upgrades/Mods/Archwing/Melee/ArchwingWeaponElectricityDamageMod),Shield Dargyn (SpaceBattles/Skiffs/ShieldSkiff),,,,,,,,,,,,,,,,,,,,,,,,,,,,,,,,,,,,,,,,,,,,,,,,,,,,,,,,,,,,,,,,,,,,,,,,
Gemini Cross (/Lotus/Weapons/Tenno/Melee/MeleeTrees/TonfaCmbOneMeleeTree),Corrupted Moa (OrokinMoaBiped),,,,,,,,,,,,,,,,,,,,,,,,,,,,,,,,,,,,,,,,,,,,,,,,,,,,,,,,,,,,,,,,,,,,,,,,
Glacial Edge (/Lotus/Upgrades/Mods/Archwing/Melee/ArchwingWeaponFreezeDamageMod),Dargyn (SpaceBattles/Skiffs/GrineerSpaceMarine),,,,,,,,,,,,,,,,,,,,,,,,,,,,,,,,,,,,,,,,,,,,,,,,,,,,,,,,,,,,,,,,,,,,,,,,
Glaive Reflection (/Lotus/Upgrades/Mods/Melee/WeaponGlaiveReflectionDecreaseMod),J3 Golem (Vip/GolemFull),Corrupted Crewman (RifleSpaceman),,,,,,,,,,,,,,,,,,,,,,,,,,,,,,,,,,,,,,,,,,,,,,,,,,,,,,,,,,,,,,,,,,,,,,,
Glaive Refraction (/Lotus/Upgrades/Mods/Melee/WeaponGlaiveReflectionIncreaseMod),J3 Golem (Vip/GolemFull),,,,,,,,,,,,,,,,,,,,,,,,,,,,,,,,,,,,,,,,,,,,,,,,,,,,,,,,,,,,,,,,,,,,,,,,
Gleaming Talon (/Lotus/Weapons/Tenno/Melee/MeleeTrees/GlaiveCmbOneMeleeTree),Дрон Пиявка (Drones/AIWeek/LeechDrone),,,,,,,,,,,,,,,,,,,,,,,,,,,,,,,,,,,,,,,,,,,,,,,,,,,,,,,,,,,,,,,,,,,,,,,,
Gnashing Payara (/Lotus/Weapons/Tenno/Melee/MeleeTrees/DualDaggerCmbTwoMeleeTree),Elite Crewman (Spaceman/EliteSpaceman),,,,,,,,,,,,,,,,,,,,,,,,,,,,,,,,,,,,,,,,,,,,,,,,,,,,,,,,,,,,,,,,,,,,,,,,
Grim Fury (/Lotus/Weapons/Tenno/Melee/MeleeTrees/PunchKickCmbOneMeleeTree),Солдат С Силовой Перчаткой (AIWeek/PistonSawman),,,,,,,,,,,,,,,,,,,,,,,,,,,,,,,,,,,,,,,,,,,,,,,,,,,,,,,,,,,,,,,,,,,,,,,,
Heavy Caliber (/Lotus/Upgrades/Mods/Rifle/DualStat/CorruptedDamageRecoilRifle),,,,,,,,,,,,,,,,,,,,,,,,,,,,,,,,,,,,,,,,,,,,,,,,,,,,,,,,,,,,,,,,,,,,,,,,,
Heavy Trauma (/Lotus/Upgrades/Mods/Melee/WeaponImpactDamageMod),Hellion (AIWeek/JetpackMarine),Солдат (AIWeek/RifleLancer),Arid Hellion (Desert/JetpackMarine),Arid Lancer (Desert/RifleLancer),Frontier Hellion (Forest/JetpackMarine),Frontier Lancer (Forest/RifleLancer),Frontier Heavy Gunner (Forest/HeavyFemaleGrineerDesert),,,,,,,,,,,,,,,,,,,,,,,,,,,,,,,,,,,,,,,,,,,,,,,,,,,,,,,,,,,,,,,,,,
Hollow Point (/Lotus/Upgrades/Mods/Pistol/DualStat/CorruptedCritDamagePistol),,,,,,,,,,,,,,,,,,,,,,,,,,,,,,,,,,,,,,,,,,,,,,,,,,,,,,,,,,,,,,,,,,,,,,,,,
Hollowed Bullets (/Lotus/Upgrades/Mods/Archwing/Rifle/ArchwingRifleCritDamageMod),Ranger (SpaceBattles/CrewMan/JetpackMarine),Quanta Ranger (SpaceBattles/CrewMan/JetpackMarineThree),Penta Ranger (SpaceBattles/CrewMan/JetpackMarineTwo),Frigate (SpaceBattles/Ships/LaserShip),,,,,,,,,,,,,,,,,,,,,,,,,,,,,,,,,,,,,,,,,,,,,,,,,,,,,,,,,,,,,,,,,,,,,
Homing Fang (/Lotus/Weapons/Tenno/Melee/MeleeTrees/DaggerCmbOneMeleeTree),Рвотный Ползун (AiWeek/Crawlers/GraspingCrawler),,,,,,,,,,,,,,,,,,,,,,,,,,,,,,,,,,,,,,,,,,,,,,,,,,,,,,,,,,,,,,,,,,,,,,,,
Howl (/Lotus/Types/Friendly/Pets/KubrowPetPrecepts/KubrowFearPrecept),Drahk (AIWeek/CombatKubrow),Kubrow (/Lotus/Types/NeutralCreatures/Kubrow/Kubrow),,,,,,,,,,,,,,,,,,,,,,,,,,,,,,,,,,,,,,,,,,,,,,,,,,,,,,,,,,,,,,,,,,,,,,,
Hunt (/Lotus/Types/Friendly/Pets/KubrowPetPrecepts/KubrowChargePrecept),Drahk (AIWeek/CombatKubrow),Kubrow (/Lotus/Types/NeutralCreatures/Kubrow/Kubrow),,,,,,,,,,,,,,,,,,,,,,,,,,,,,,,,,,,,,,,,,,,,,,,,,,,,,,,,,,,,,,,,,,,,,,,
Hush (/Lotus/Upgrades/Mods/Rifle/WeaponNoiseReductionMod),Orokin Drone (OrokinShieldDrone),,,,,,,,,,,,,,,,,,,,,,,,,,,,,,,,,,,,,,,,,,,,,,,,,,,,,,,,,,,,,,,,,,,,,,,,
Hyperion Thrusters (/Lotus/Upgrades/Mods/Archwing/Suit/ArchwingSuitSprintSpeedMod),Locust Drone (SpaceBattles/Drones/SwarmDrone),,,,,,,,,,,,,,,,,,,,,,,,,,,,,,,,,,,,,,,,,,,,,,,,,,,,,,,,,,,,,,,,,,,,,,,,
Infected Clip (/Lotus/Upgrades/Mods/Rifle/WeaponToxinDamageMod),Солдат (Spaceman/AIWeek/ShotgunSpaceman),Elite Crewman (Spaceman/EliteSpaceman),Corrupted Lancer (RifleLancer),,,,,,,,,,,,,,,,,,,,,,,,,,,,,,,,,,,,,,,,,,,,,,,,,,,,,,,,,,,,,,,,,,,,,,
Intruder (/Lotus/Upgrades/Mods/Warframe/AvatarTimeLimitIncreaseMod),Corrupted Heavy Gunner (OrokinHeavyFemale),,,,,,,,,,,,,,,,,,,,,,,,,,,,,,,,,,,,,,,,,,,,,,,,,,,,,,,,,,,,,,,,,,,,,,,,
Iron Phoenix (/Lotus/Weapons/Tenno/Melee/MeleeTrees/IronPhoenixMeleeTree),Hellion (AIWeek/JetpackMarine),Солдат (AIWeek/RifleLancer),Arid Hellion (Desert/JetpackMarine),Arid Lancer (Desert/RifleLancer),Frontier Hellion (Forest/JetpackMarine),Frontier Lancer (Forest/RifleLancer),Frontier Heavy Gunner (Forest/HeavyFemaleGrineerDesert),,,,,,,,,,,,,,,,,,,,,,,,,,,,,,,,,,,,,,,,,,,,,,,,,,,,,,,,,,,,,,,,,,
Jagged Edge (/Lotus/Upgrades/Mods/Melee/WeaponSlashDamageMod),Elite Crewman (Spaceman/EliteSpaceman),,,,,,,,,,,,,,,,,,,,,,,,,,,,,,,,,,,,,,,,,,,,,,,,,,,,,,,,,,,,,,,,,,,,,,,,
Lasting Sting (/Lotus/Upgrades/Mods/Melee/WeaponProcTimeMod),Древний Разрушитель (AiWeek/Ancients/Ancient),,,,,,,,,,,,,,,,,,,,,,,,,,,,,,,,,,,,,,,,,,,,,,,,,,,,,,,,,,,,,,,,,,,,,,,,
Lethal Momentum (/Lotus/Upgrades/Mods/Pistol/WeaponProjectileSpeedMod),Tyl Regor (Vip/NinjaLeader),,,,,,,,,,,,,,,,,,,,,,,,,,,,,,,,,,,,,,,,,,,,,,,,,,,,,,,,,,,,,,,,,,,,,,,,
Lethal Torrent (/Lotus/Upgrades/Mods/Pistol/DualStat/GrinderMod),,,,,,,,,,,,,,,,,,,,,,,,,,,,,,,,,,,,,,,,,,,,,,,,,,,,,,,,,,,,,,,,,,,,,,,,,
Life Strike (/Lotus/Upgrades/Mods/Melee/Channel/ChannelVampireMod),,,,,,,,,,,,,,,,,,,,,,,,,,,,,,,,,,,,,,,,,,,,,,,,,,,,,,,,,,,,,,,,,,,,,,,,,
Lingering Torment (/Lotus/Upgrades/Mods/Shotgun/WeaponProcTimeMod),Потрошитель (AIWeek/EviseratorLancer),Штурмовик (AIWeek/ShotgunLancer),Arid Eviscerator (Desert/EvisceratorLancer),Arid Trooper (Desert/ShotgunLancer),Frontier Eviscerator (Forest/EvisceratorLancer),Frontier Trooper (Forest/ShotgunLancer),,,,,,,,,,,,,,,,,,,,,,,,,,,,,,,,,,,,,,,,,,,,,,,,,,,,,,,,,,,,,,,,,,,
Link Armor (/Lotus/Upgrades/Mods/Sentinel/Kubrow/KubrowLinkArmourMaxMod),Drahk (AIWeek/CombatKubrow),Kubrow (/Lotus/Types/NeutralCreatures/Kubrow/Kubrow),,,,,,,,,,,,,,,,,,,,,,,,,,,,,,,,,,,,,,,,,,,,,,,,,,,,,,,,,,,,,,,,,,,,,,,
Link Health (/Lotus/Upgrades/Mods/Sentinel/Kubrow/KubrowLinkHealthMaxMod),Drahk (AIWeek/CombatKubrow),Kubrow (/Lotus/Types/NeutralCreatures/Kubrow/Kubrow),,,,,,,,,,,,,,,,,,,,,,,,,,,,,,,,,,,,,,,,,,,,,,,,,,,,,,,,,,,,,,,,,,,,,,,
Link Shields (/Lotus/Upgrades/Mods/Sentinel/Kubrow/KubrowLinkShieldMaxMod),Drahk (AIWeek/CombatKubrow),Kubrow (/Lotus/Types/NeutralCreatures/Kubrow/Kubrow),,,,,,,,,,,,,,,,,,,,,,,,,,,,,,,,,,,,,,,,,,,,,,,,,,,,,,,,,,,,,,,,,,,,,,,
Loyal Companion (/Lotus/Upgrades/Mods/Sentinel/Kubrow/KubrowMasterBleedoutMod),Drahk (AIWeek/CombatKubrow),Kubrow (/Lotus/Types/NeutralCreatures/Kubrow/Kubrow),,,,,,,,,,,,,,,,,,,,,,,,,,,,,,,,,,,,,,,,,,,,,,,,,,,,,,,,,,,,,,,,,,,,,,,
Magazine Extension (/Lotus/Upgrades/Mods/Archwing/Rifle/ArchwingRifleClipMaxMod),Дрон (SpaceBattles/CrpSpaceDroneAttack),Dargyn (SpaceBattles/Skiffs/GrineerSpaceMarine),,,,,,,,,,,,,,,,,,,,,,,,,,,,,,,,,,,,,,,,,,,,,,,,,,,,,,,,,,,,,,,,,,,,,,,
Maglev (/Lotus/Upgrades/Mods/Warframe/AvatarSlideBoostMod),Corrupted Ancient (OrokinHealingAncient),,,,,,,,,,,,,,,,,,,,,,,,,,,,,,,,,,,,,,,,,,,,,,,,,,,,,,,,,,,,,,,,,,,,,,,,
Magnum Force (/Lotus/Upgrades/Mods/Pistol/DualStat/CorruptedDamageRecoilPistol),,,,,,,,,,,,,,,,,,,,,,,,,,,,,,,,,,,,,,,,,,,,,,,,,,,,,,,,,,,,,,,,,,,,,,,,,
Malicious Raptor (/Lotus/Weapons/Tenno/Melee/MeleeTrees/ClawCmbOneMeleeTree),Солдат С Силовой Перчаткой (AIWeek/PistonSawman),,,,,,,,,,,,,,,,,,,,,,,,,,,,,,,,,,,,,,,,,,,,,,,,,,,,,,,,,,,,,,,,,,,,,,,,
Malignant Force (/Lotus/Upgrades/Mods/Rifle/DualStat/PoisonEventRifleMod),Vor (Vip/VorTwo/VorTwoBoss),,,,,,,,,,,,,,,,,,,,,,,,,,,,,,,,,,,,,,,,,,,,,,,,,,,,,,,,,,,,,,,,,,,,,,,,
Maul (/Lotus/Upgrades/Mods/Sentinel/Kubrow/KubrowMeleeDamageMod),Drahk (AIWeek/CombatKubrow),Kubrow (/Lotus/Types/NeutralCreatures/Kubrow/Kubrow),,,,,,,,,,,,,,,,,,,,,,,,,,,,,,,,,,,,,,,,,,,,,,,,,,,,,,,,,,,,,,,,,,,,,,,
Modified Munitions (/Lotus/Upgrades/Mods/Archwing/Rifle/ArchwingRifleStatusChanceMod),Dargyn (SpaceBattles/Skiffs/GrineerSpaceMarine),,,,,,,,,,,,,,,,,,,,,,,,,,,,,,,,,,,,,,,,,,,,,,,,,,,,,,,,,,,,,,,,,,,,,,,,
Morphic Transformer (/Lotus/Upgrades/Mods/Archwing/Suit/ArchwingSuitAbilityStrengthMod),Temporal Dreg (SpaceBattles/Drones/StasisDrone),,,,,,,,,,,,,,,,,,,,,,,,,,,,,,,,,,,,,,,,,,,,,,,,,,,,,,,,,,,,,,,,,,,,,,,,
Narrow Minded (/Lotus/Upgrades/Mods/Warframe/DualStat/CorruptedDurationRangeWarframe),,,,,,,,,,,,,,,,,,,,,,,,,,,,,,,,,,,,,,,,,,,,,,,,,,,,,,,,,,,,,,,,,,,,,,,,,
Natural Talent (/Lotus/Upgrades/Mods/Warframe/AvatarCastingSpeedMod),Vem Tabook (DeathSquad/DeathSquadA),Leekter (DeathSquad/DeathSquadB),Shik Tal (DeathSquad/DeathSquadC),,,,,,,,,,,,,,,,,,,,,,,,,,,,,,,,,,,,,,,,,,,,,,,,,,,,,,,,,,,,,,,,,,,,,,
Overextended (/Lotus/Upgrades/Mods/Warframe/DualStat/CorruptedRangePowerWarframe),,,,,,,,,,,,,,,,,,,,,,,,,,,,,,,,,,,,,,,,,,,,,,,,,,,,,,,,,,,,,,,,,,,,,,,,,
Pack Leader (/Lotus/Upgrades/Mods/Sentinel/Kubrow/KubrowPackLeaderMod),Drahk (AIWeek/CombatKubrow),Kubrow (/Lotus/Types/NeutralCreatures/Kubrow/Kubrow),,,,,,,,,,,,,,,,,,,,,,,,,,,,,,,,,,,,,,,,,,,,,,,,,,,,,,,,,,,,,,,,,,,,,,,
Parallax Scope (/Lotus/Upgrades/Mods/Archwing/Rifle/ArchwingRifleCritChanceMod),Ranger (SpaceBattles/CrewMan/JetpackMarine),Quanta Ranger (SpaceBattles/CrewMan/JetpackMarineThree),Penta Ranger (SpaceBattles/CrewMan/JetpackMarineTwo),Frigate (SpaceBattles/Ships/LaserShip),Dreg (SpaceBattles/Drones/GrineerSpaceDrone),Temporal Dreg (SpaceBattles/Drones/StasisDrone),,,,,,,,,,,,,,,,,,,,,,,,,,,,,,,,,,,,,,,,,,,,,,,,,,,,,,,,,,,,,,,,,,,
Parry (/Lotus/Upgrades/Mods/Warframe/AvatarParryMeleeMod),,,,,,,,,,,,,,,,,,,,,,,,,,,,,,,,,,,,,,,,,,,,,,,,,,,,,,,,,,,,,,,,,,,,,,,,,
Pathogen Rounds (/Lotus/Upgrades/Mods/Pistol/WeaponToxinDamageMod),Anti Moa (BipedRobot/AIWeek/LaserDiscBiped),,,,,,,,,,,,,,,,,,,,,,,,,,,,,,,,,,,,,,,,,,,,,,,,,,,,,,,,,,,,,,,,,,,,,,,,
Perpetual Agony (/Lotus/Upgrades/Mods/Pistol/WeaponProcTimeMod),Arid Butcher (Desert/BladeSawman),Frontier Butcher (Forest/BladeSawman),,,,,,,,,,,,,,,,,,,,,,,,,,,,,,,,,,,,,,,,,,,,,,,,,,,,,,,,,,,,,,,,,,,,,,,
Pistol Pestilence (/Lotus/Upgrades/Mods/Pistol/DualStat/PoisonEventPistolMod),Vor (Vip/VorTwo/VorTwoBoss),,,,,,,,,,,,,,,,,,,,,,,,,,,,,,,,,,,,,,,,,,,,,,,,,,,,,,,,,,,,,,,,,,,,,,,,
Pointed Wind (/Lotus/Weapons/Tenno/Melee/MeleeTrees/DaggerCmbTwoMeleeTree),Ударный Моа (BipedRobot/AIWeek/ShockwaveBiped),,,,,,,,,,,,,,,,,,,,,,,,,,,,,,,,,,,,,,,,,,,,,,,,,,,,,,,,,,,,,,,,,,,,,,,,
Poisonous Sting (/Lotus/Upgrades/Mods/Archwing/Melee/ArchwingWeaponToxinDamageMod),Ogma (SpaceBattles/Pods/CombatPod),,,,,,,,,,,,,,,,,,,,,,,,,,,,,,,,,,,,,,,,,,,,,,,,,,,,,,,,,,,,,,,,,,,,,,,,
Polar Magazine (/Lotus/Upgrades/Mods/Archwing/Rifle/ArchwingWeaponFreezeDamageMod),Temporal Dreg (SpaceBattles/Drones/StasisDrone),,,,,,,,,,,,,,,,,,,,,,,,,,,,,,,,,,,,,,,,,,,,,,,,,,,,,,,,,,,,,,,,,,,,,,,,
Protect (/Lotus/Types/Friendly/Pets/KubrowPetPrecepts/KubrowShieldPrecept),Drahk (AIWeek/CombatKubrow),Kubrow (/Lotus/Types/NeutralCreatures/Kubrow/Kubrow),,,,,,,,,,,,,,,,,,,,,,,,,,,,,,,,,,,,,,,,,,,,,,,,,,,,,,,,,,,,,,,,,,,,,,,
Provoked (/Lotus/Upgrades/Mods/Warframe/AvatarGroundFireDmgMod),,,,,,,,,,,,,,,,,,,,,,,,,,,,,,,,,,,,,,,,,,,,,,,,,,,,,,,,,,,,,,,,,,,,,,,,,
Quick Thinking (/Lotus/Upgrades/Mods/Warframe/AvatarPowerToHealthOnDeathMod),Corrupted Ancient (OrokinHealingAncient),,,,,,,,,,,,,,,,,,,,,,,,,,,,,,,,,,,,,,,,,,,,,,,,,,,,,,,,,,,,,,,,,,,,,,,,
Quickening (/Lotus/Upgrades/Mods/Melee/Channel/ChannelFireRateMod),,,,,,,,,,,,,,,,,,,,,,,,,,,,,,,,,,,,,,,,,,,,,,,,,,,,,,,,,,,,,,,,,,,,,,,,,
Rapid Resilience (/Lotus/Upgrades/Mods/Warframe/AvatarProcTimeMod),Солдат С Жезлом (Spaceman/AIWeek/MeleeSpaceman),,,,,,,,,,,,,,,,,,,,,,,,,,,,,,,,,,,,,,,,,,,,,,,,,,,,,,,,,,,,,,,,,,,,,,,,
Rare Ядро Синтеза (/Lotus/Upgrades/Mods/Fusers/RareModFuser),Моа Шагоход (BipedRobot/AIWeek/LaserCannonBiped),Ударный Моа (BipedRobot/AIWeek/ShockwaveBiped),Гибридный Моа (BipedRobot/AIWeek/SuperMoaBiped),Дрон Пиявка (Drones/AIWeek/LeechDrone),Дрон Минёр (Drones/AIWeek/MineDrone),Дрон Щитогенератор (Drones/AIWeek/ShieldDrone),Oxium Osprey (Drones/AIWeek/SuicideDrone),Дрон (Drones/DroneDroneAttack),Lynx (QuadRobot/MiniBoss/QuadRobotMiniBoss),Lynx Osprey (QuadRobot/MiniBoss/ShieldDroneMiniBoss),Lynx Turret (QuadRobot/MiniBoss/TurretQuadMiniBoss),Corpus Power Carrier (Spaceman/AIWeek/CarrierSpaceman),Солдат С Жезлом (Spaceman/AIWeek/MeleeSpaceman),Солдат (Spaceman/AIWeek/RifleSpaceman),Солдат-Снайпер (Spaceman/AIWeek/SniperSpaceman),Elite Crewman (Spaceman/EliteSpaceman),Drahk Master (AIWeek/BeastMaster),Солдат С Пилой (AIWeek/BladeSawman),Солдат С Термоклинком (AIWeek/BlowtorchSawman),Grineer Power Carrier (AIWeek/CarrierRifleLancer),Shock (AIWeek/DeltaProsecutorLeader),Потрошитель (AIWeek/EviseratorLancer),Баллиста (AIWeek/FemaleGrineer),Guardsman (AIWeek/GrineerMeleeStaff),Shock (AIWeek/GrineerMeleeStaffLeader),Пулемётчик (AIWeek/HeavyFemaleGrineer),Hellion (AIWeek/JetpackMarine),Hellion Power Carrier (AIWeek/JetpackMarineCarrier),Скорпион (AIWeek/MacheteWoman),Солдат (AIWeek/RifleLancer),Бомбардир (AIWeek/RocketBombard),Дрон-Каток (AIWeek/RollingDrone),Щитоносец (AIWeek/ShieldLancer),Штурмовик (AIWeek/ShotgunLancer),Vem Tabook (DeathSquad/DeathSquadA),Leekter (DeathSquad/DeathSquadB),Shik Tal (DeathSquad/DeathSquadC),Arid Eviscerator (Desert/EvisceratorLancer),Arid Seeker (Desert/GrineerMarinePistol),Arid Hellion (Desert/JetpackMarine),Arid Lancer (Desert/RifleLancer),Arid Trooper (Desert/ShotgunLancer),Arid Heavy Gunner (Desert/HeavyFemaleGrineerDesert),Frontier Eviscerator (Forest/EvisceratorLancer),Frontier Seeker (Forest/GrineerMarinePistol),Frontier Hellion (Forest/JetpackMarine),Frontier Lancer (Forest/RifleLancer),Frontier Trooper (Forest/ShotgunLancer),Frontier Heavy Gunner (Forest/HeavyFemaleGrineerDesert),Grineer Warden (Gamemodes/WardenGrineerHeavy),Grineer Warden (Gamemodes/WardenGrineerHeavyLeader),Искатель (GrineerMarinePistol),Frontier Regulator (SpecialEvents/ForestDrone),Regulator (SpecialEvents/SurveillanceDrone),Vay Hek Terra Frame (Vip/Hek/HekBiped),Councilor Vay Hek (Vip/Hek/HekDrone),Древний Разрушитель (AiWeek/Ancients/Ancient),Древний Целитель (AiWeek/Ancients/HealingAncient),Ползун (AiWeek/Crawlers/Crawler),Рвотный Ползун (AiWeek/Crawlers/GraspingCrawler),Lobber Crawler (AiWeek/Crawlers/Grenade),Electric Crawler (AiWeek/Crawlers/Lightning),Ядовитый Ползун (AiWeek/Crawlers/NoxiousCrawler),Mutalist-Osprey (AiWeek/InfestedDrones/PoisonDrone),Инфестоид (AiWeek/Quadrupeds/Quadruped),Прыгун (AiWeek/Runners/LeapingRunner),Бегун (AiWeek/Runners/SuicideRunner),Corrupted Heavy Gunner (OrokinHeavyFemale),Orokin Drone (OrokinShieldDrone),Сталкер (Stalker/Stalker),,,
Razor Shot (/Lotus/Upgrades/Mods/Pistol/WeaponSlashDamageMod),Элитный Солдат (AIWeek/EliteRifleLancer),Elite Arid Lancer (Desert/EliteRifleLancer),Elite Frontier Lancer (Forest/EliteRifleLancer),,,,,,,,,,,,,,,,,,,,,,,,,,,,,,,,,,,,,,,,,,,,,,,,,,,,,,,,,,,,,,,,,,,,,,
Reaping Spiral (/Lotus/Weapons/Tenno/Melee/MeleeTrees/ScytheCmbOneMeleeTree),Corpus Power Carrier (Spaceman/AIWeek/CarrierSpaceman),Солдат (Spaceman/AIWeek/RifleSpaceman),Grineer Power Carrier (AIWeek/CarrierRifleLancer),Hellion Power Carrier (AIWeek/JetpackMarineCarrier),,,,,,,,,,,,,,,,,,,,,,,,,,,,,,,,,,,,,,,,,,,,,,,,,,,,,,,,,,,,,,,,,,,,,
Reflection (/Lotus/Upgrades/Mods/Warframe/AvatarParryReflectMod),Corrupted Ancient (OrokinHealingAncient),,,,,,,,,,,,,,,,,,,,,,,,,,,,,,,,,,,,,,,,,,,,,,,,,,,,,,,,,,,,,,,,,,,,,,,,
Reflex Guard (/Lotus/Upgrades/Mods/Warframe/AvatarAutoParryMod),Corrupted Moa (OrokinMoaBiped),,,,,,,,,,,,,,,,,,,,,,,,,,,,,,,,,,,,,,,,,,,,,,,,,,,,,,,,,,,,,,,,,,,,,,,,
Rending Crane (/Lotus/Weapons/Tenno/Melee/MeleeTrees/AxeCmbOneMeleeTree),Огнемётчик (AIWeek/IncendiaryBombard),,,,,,,,,,,,,,,,,,,,,,,,,,,,,,,,,,,,,,,,,,,,,,,,,,,,,,,,,,,,,,,,,,,,,,,,
Rubedo-Lined Barrel (/Lotus/Upgrades/Mods/Archwing/Rifle/ArchwingRifleDamageAmountMod),Locust Drone (SpaceBattles/Drones/SwarmDrone),Hellion Dargyn (SpaceBattles/Skiffs/MissileSkiff),,,,,,,,,,,,,,,,,,,,,,,,,,,,,,,,,,,,,,,,,,,,,,,,,,,,,,,,,,,,,,,,,,,,,,,
Ruinous Extension (/Lotus/Upgrades/Mods/Pistol/WeaponBeamDistanceMod),Шакал (QuadRobot/QuadRobot),,,,,,,,,,,,,,,,,,,,,,,,,,,,,,,,,,,,,,,,,,,,,,,,,,,,,,,,,,,,,,,,,,,,,,,,
Rupture (/Lotus/Upgrades/Mods/Rifle/WeaponImpactDamageMod),Electric Crawler (AiWeek/Crawlers/Lightning),Инфестоид (AiWeek/Quadrupeds/Quadruped),,,,,,,,,,,,,,,,,,,,,,,,,,,,,,,,,,,,,,,,,,,,,,,,,,,,,,,,,,,,,,,,,,,,,,,
Savagery (/Lotus/Upgrades/Mods/Sentinel/Kubrow/KubrowClonedFinisherMod),Drahk (AIWeek/CombatKubrow),Kubrow (/Lotus/Types/NeutralCreatures/Kubrow/Kubrow),,,,,,,,,,,,,,,,,,,,,,,,,,,,,,,,,,,,,,,,,,,,,,,,,,,,,,,,,,,,,,,,,,,,,,,
Sawtooth Clip (/Lotus/Upgrades/Mods/Rifle/WeaponSlashDamageMod),Arid Seeker (Desert/GrineerMarinePistol),Frontier Seeker (Forest/GrineerMarinePistol),Искатель (GrineerMarinePistol),,,,,,,,,,,,,,,,,,,,,,,,,,,,,,,,,,,,,,,,,,,,,,,,,,,,,,,,,,,,,,,,,,,,,,
Scavenge (/Lotus/Types/Friendly/Pets/KubrowPetPrecepts/KubrowThiefPrecept),Drahk (AIWeek/CombatKubrow),Kubrow (/Lotus/Types/NeutralCreatures/Kubrow/Kubrow),,,,,,,,,,,,,,,,,,,,,,,,,,,,,,,,,,,,,,,,,,,,,,,,,,,,,,,,,,,,,,,,,,,,,,,
Second Wind (/Lotus/Upgrades/Mods/Melee/WeaponStaminaBonusMod),Corrupted Moa (OrokinMoaBiped),,,,,,,,,,,,,,,,,,,,,,,,,,,,,,,,,,,,,,,,,,,,,,,,,,,,,,,,,,,,,,,,,,,,,,,,
Seismic Palm (/Lotus/Weapons/Tenno/Melee/MeleeTrees/FistCmbTwoMeleeTree),Прыгун (AiWeek/Runners/LeapingRunner),,,,,,,,,,,,,,,,,,,,,,,,,,,,,,,,,,,,,,,,,,,,,,,,,,,,,,,,,,,,,,,,,,,,,,,,
Self Destruct (/Lotus/Upgrades/Mods/Sentinel/SentinelExplosionMod),Гибридный Моа (BipedRobot/AIWeek/SuperMoaBiped),,,,,,,,,,,,,,,,,,,,,,,,,,,,,,,,,,,,,,,,,,,,,,,,,,,,,,,,,,,,,,,,,,,,,,,,
Shattering Storm (/Lotus/Weapons/Tenno/Melee/MeleeTrees/HammerCmbOneMeleeTree),General Sargas Ruk (Vip/SargasRuk/SargasRukNew),,,,,,,,,,,,,,,,,,,,,,,,,,,,,,,,,,,,,,,,,,,,,,,,,,,,,,,,,,,,,,,,,,,,,,,,
Shield Flux (/Lotus/Upgrades/Mods/Warframe/AvatarShieldToStaminaMod),,,,,,,,,,,,,,,,,,,,,,,,,,,,,,,,,,,,,,,,,,,,,,,,,,,,,,,,,,,,,,,,,,,,,,,,,
Shimmering Blight (/Lotus/Weapons/Tenno/Melee/MeleeTrees/PolearmCmbOneMeleeTree),Arid Seeker (Desert/GrineerMarinePistol),Frontier Seeker (Forest/GrineerMarinePistol),Искатель (GrineerMarinePistol),,,,,,,,,,,,,,,,,,,,,,,,,,,,,,,,,,,,,,,,,,,,,,,,,,,,,,,,,,,,,,,,,,,,,,
Shred (/Lotus/Upgrades/Mods/Rifle/DualStat/ShredMod),,,,,,,,,,,,,,,,,,,,,,,,,,,,,,,,,,,,,,,,,,,,,,,,,,,,,,,,,,,,,,,,,,,,,,,,,
Shredder (/Lotus/Upgrades/Mods/Shotgun/WeaponSlashDamageMod),Солдат (Spaceman/AIWeek/ShotgunSpaceman),Токсичный Древний (AiWeek/Ancients/ToxicAncient),,,,,,,,,,,,,,,,,,,,,,,,,,,,,,,,,,,,,,,,,,,,,,,,,,,,,,,,,,,,,,,,,,,,,,,
Sinister Reach (/Lotus/Upgrades/Mods/Rifle/WeaponBeamDistanceMod),Дрон Минёр (Drones/AIWeek/MineDrone),Mutalist-Osprey (AiWeek/InfestedDrones/PoisonDrone),,,,,,,,,,,,,,,,,,,,,,,,,,,,,,,,,,,,,,,,,,,,,,,,,,,,,,,,,,,,,,,,,,,,,,,
Sinking Talon (/Lotus/Weapons/Tenno/Melee/MeleeTrees/DualDaggerCmbOneMeleeTree),Солдат (Spaceman/AIWeek/ShotgunSpaceman),,,,,,,,,,,,,,,,,,,,,,,,,,,,,,,,,,,,,,,,,,,,,,,,,,,,,,,,,,,,,,,,,,,,,,,,
Spare Parts (/Lotus/Upgrades/Mods/Sentinel/SentinelDropChanceMod),J3 Golem (Vip/GolemFull),Corrupted Heavy Gunner (OrokinHeavyFemale),,,,,,,,,,,,,,,,,,,,,,,,,,,,,,,,,,,,,,,,,,,,,,,,,,,,,,,,,,,,,,,,,,,,,,,
Speed Holster (/Lotus/Upgrades/Mods/Aura/PlayerHolsterSpeedAuraMod),,,,,,,,,,,,,,,,,,,,,,,,,,,,,,,,,,,,,,,,,,,,,,,,,,,,,,,,,,,,,,,,,,,,,,,,,
Spoiled Strike (/Lotus/Upgrades/Mods/Melee/DualStat/CorruptedDamageSpeedMod),,,,,,,,,,,,,,,,,,,,,,,,,,,,,,,,,,,,,,,,,,,,,,,,,,,,,,,,,,,,,,,,,,,,,,,,,
Stabilizer (/Lotus/Upgrades/Mods/Rifle/WeaponRecoilReductionMod),J3 Golem (Vip/GolemFull),,,,,,,,,,,,,,,,,,,,,,,,,,,,,,,,,,,,,,,,,,,,,,,,,,,,,,,,,,,,,,,,,,,,,,,,
Stalk (/Lotus/Types/Friendly/Pets/KubrowPetPrecepts/KubrowCloakPrecept),Drahk (AIWeek/CombatKubrow),Kubrow (/Lotus/Types/NeutralCreatures/Kubrow/Kubrow),,,,,,,,,,,,,,,,,,,,,,,,,,,,,,,,,,,,,,,,,,,,,,,,,,,,,,,,,,,,,,,,,,,,,,,
Stalking Fan (/Lotus/Weapons/Tenno/Melee/MeleeTrees/ScytheCmbTwoMeleeTree),Солдат-Снайпер (Spaceman/AIWeek/SniperSpaceman),,,,,,,,,,,,,,,,,,,,,,,,,,,,,,,,,,,,,,,,,,,,,,,,,,,,,,,,,,,,,,,,,,,,,,,,
Steady Hands (/Lotus/Upgrades/Mods/Pistol/WeaponRecoilReductionMod),Corrupted Crewman (RifleSpaceman),,,,,,,,,,,,,,,,,,,,,,,,,,,,,,,,,,,,,,,,,,,,,,,,,,,,,,,,,,,,,,,,,,,,,,,,
Striker (/Lotus/Types/Sentinels/SentinelPrecepts/BoomStick),Corrupted Moa (OrokinMoaBiped),,,,,,,,,,,,,,,,,,,,,,,,,,,,,,,,,,,,,,,,,,,,,,,,,,,,,,,,,,,,,,,,,,,,,,,,
Sudden Impact (/Lotus/Upgrades/Mods/Archwing/Melee/ArchwingMeleeStatusChanceMod),Locust Drone (SpaceBattles/Drones/SwarmDrone),Hellion Dargyn (SpaceBattles/Skiffs/MissileSkiff),,,,,,,,,,,,,,,,,,,,,,,,,,,,,,,,,,,,,,,,,,,,,,,,,,,,,,,,,,,,,,,,,,,,,,,
Sundering Weave (/Lotus/Weapons/Tenno/Melee/MeleeTrees/MacheteCmbOneMeleeTree),Потрошитель (AIWeek/EviseratorLancer),Штурмовик (AIWeek/ShotgunLancer),Arid Eviscerator (Desert/EvisceratorLancer),Arid Trooper (Desert/ShotgunLancer),Frontier Eviscerator (Forest/EvisceratorLancer),Frontier Trooper (Forest/ShotgunLancer),,,,,,,,,,,,,,,,,,,,,,,,,,,,,,,,,,,,,,,,,,,,,,,,,,,,,,,,,,,,,,,,,,,
Superior Defenses (/Lotus/Upgrades/Mods/Archwing/Suit/ArchwingSuitShieldRechargeRateMod),Gox (SpaceBattles/Ships/CrpPod),Corvette (SpaceBattles/Ships/FlakShip),,,,,,,,,,,,,,,,,,,,,,,,,,,,,,,,,,,,,,,,,,,,,,,,,,,,,,,,,,,,,,,,,,,,,,,
Suppress (/Lotus/Upgrades/Mods/Pistol/WeaponNoiseReductionMod),Corrupted Crewman (RifleSpaceman),,,,,,,,,,,,,,,,,,,,,,,,,,,,,,,,,,,,,,,,,,,,,,,,,,,,,,,,,,,,,,,,,,,,,,,,
Swirling Tiger (/Lotus/Weapons/Tenno/Melee/MeleeTrees/DualSwordCmbOneMeleeTree),Anti Moa (BipedRobot/AIWeek/LaserDiscBiped),Corpus Warden (Gamemodes/DeployableSpacemanWarden),Corpus Warden (Gamemodes/DeployableSpacemanWardenLeader),Техник Корпуса (Spaceman/AIWeek/DeployableSpaceman),Выжигатель (AIWeek/FlameLancer),,,,,,,,,,,,,,,,,,,,,,,,,,,,,,,,,,,,,,,,,,,,,,,,,,,,,,,,,,,,,,,,,,,,
System Reroute (/Lotus/Upgrades/Mods/Archwing/Suit/ArchwingSuitAbilityEfficiencyMod),Ogma (SpaceBattles/Pods/CombatPod),Hellion Dargyn (SpaceBattles/Skiffs/MissileSkiff),,,,,,,,,,,,,,,,,,,,,,,,,,,,,,,,,,,,,,,,,,,,,,,,,,,,,,,,,,,,,,,,,,,,,,,
Tainted Clip (/Lotus/Upgrades/Mods/Pistol/DualStat/CorruptedMaxClipReloadSpeedPistol),,,,,,,,,,,,,,,,,,,,,,,,,,,,,,,,,,,,,,,,,,,,,,,,,,,,,,,,,,,,,,,,,,,,,,,,,
Tainted Mag (/Lotus/Upgrades/Mods/Rifle/DualStat/CorruptedMaxClipReloadSpeedRifle),,,,,,,,,,,,,,,,,,,,,,,,,,,,,,,,,,,,,,,,,,,,,,,,,,,,,,,,,,,,,,,,,,,,,,,,,
Tainted Shell (/Lotus/Upgrades/Mods/Shotgun/DualStat/CorruptedAccuracyFireRateShotgun),,,,,,,,,,,,,,,,,,,,,,,,,,,,,,,,,,,,,,,,,,,,,,,,,,,,,,,,,,,,,,,,,,,,,,,,,
Tempered Blade (/Lotus/Upgrades/Mods/Archwing/Melee/ArchwingMeleeCritChanceMod),Ranger (SpaceBattles/CrewMan/JetpackMarine),Quanta Ranger (SpaceBattles/CrewMan/JetpackMarineThree),Penta Ranger (SpaceBattles/CrewMan/JetpackMarineTwo),Frigate (SpaceBattles/Ships/LaserShip),,,,,,,,,,,,,,,,,,,,,,,,,,,,,,,,,,,,,,,,,,,,,,,,,,,,,,,,,,,,,,,,,,,,,
Terminal Velocity (/Lotus/Upgrades/Mods/Rifle/WeaponProjectileSpeedMod),,,,,,,,,,,,,,,,,,,,,,,,,,,,,,,,,,,,,,,,,,,,,,,,,,,,,,,,,,,,,,,,,,,,,,,,,
Thumper (/Lotus/Types/Sentinels/SentinelPrecepts/Thumper),Corrupted Lancer (RifleLancer),,,,,,,,,,,,,,,,,,,,,,,,,,,,,,,,,,,,,,,,,,,,,,,,,,,,,,,,,,,,,,,,,,,,,,,,
Toxic Barrage (/Lotus/Upgrades/Mods/Shotgun/DualStat/PoisonEventShotgunMod),Vor (Vip/VorTwo/VorTwoBoss),,,,,,,,,,,,,,,,,,,,,,,,,,,,,,,,,,,,,,,,,,,,,,,,,,,,,,,,,,,,,,,,,,,,,,,,
Tranquil Cleave (/Lotus/Weapons/Tenno/Melee/MeleeTrees/KatanaCmbOneMeleeTree),Arid Butcher (Desert/BladeSawman),Frontier Butcher (Forest/BladeSawman),,,,,,,,,,,,,,,,,,,,,,,,,,,,,,,,,,,,,,,,,,,,,,,,,,,,,,,,,,,,,,,,,,,,,,,
Transient Fortitude (/Lotus/Upgrades/Mods/Warframe/DualStat/CorruptedPowerStrengthPowerDurationWarframe),,,,,,,,,,,,,,,,,,,,,,,,,,,,,,,,,,,,,,,,,,,,,,,,,,,,,,,,,,,,,,,,,,,,,,,,,
True Punishment (/Lotus/Upgrades/Mods/Melee/Channel/ChannelCritsMod),,,,,,,,,,,,,,,,,,,,,,,,,,,,,,,,,,,,,,,,,,,,,,,,,,,,,,,,,,,,,,,,,,,,,,,,,
Uncommon Ядро Синтеза (/Lotus/Upgrades/Mods/Fusers/UncommonModFuser),Моа Рельсотрон (BipedRobot/AIWeek/RailgunBiped),Гибридный Моа (BipedRobot/AIWeek/SuperMoaBiped),Дрон Минёр (Drones/AIWeek/MineDrone),Дрон Щитогенератор (Drones/AIWeek/ShieldDrone),Oxium Osprey (Drones/AIWeek/SuicideDrone),Дрон (Drones/DroneDroneAttack),Corpus Warden (Gamemodes/DeployableSpacemanWarden),Corpus Warden (Gamemodes/DeployableSpacemanWardenLeader),Lynx Osprey (QuadRobot/MiniBoss/ShieldDroneMiniBoss),Lynx Turret (QuadRobot/MiniBoss/TurretQuadMiniBoss),Техник Корпуса (Spaceman/AIWeek/DeployableSpaceman),Солдат (Spaceman/AIWeek/ShotgunSpaceman),Солдат-Снайпер (Spaceman/AIWeek/SniperSpaceman),Elite Crewman (Spaceman/EliteSpaceman),Drahk Master (AIWeek/BeastMaster),Солдат С Пилой (AIWeek/BladeSawman),Солдат С Термоклинком (AIWeek/BlowtorchSawman),Shock (AIWeek/DeltaProsecutorLeader),Элитный Солдат (AIWeek/EliteRifleLancer),Баллиста (AIWeek/FemaleGrineer),Выжигатель (AIWeek/FlameLancer),Guardsman (AIWeek/GrineerMeleeStaff),Shock (AIWeek/GrineerMeleeStaffLeader),Пулемётчик (AIWeek/HeavyFemaleGrineer),Огнемётчик (AIWeek/IncendiaryBombard),Скорпион (AIWeek/MacheteWoman),Солдат С Силовой Перчаткой (AIWeek/PistonSawman),Дрон-Каток (AIWeek/RollingDrone),Щитоносец (AIWeek/ShieldLancer),Arid Butcher (Desert/BladeSawman),Elite Arid Lancer (Desert/EliteRifleLancer),Arid Heavy Gunner (Desert/HeavyFemaleGrineerDesert),Frontier Butcher (Forest/BladeSawman),Elite Frontier Lancer (Forest/EliteRifleLancer),Grineer Warden (Gamemodes/WardenGrineerHeavy),Grineer Warden (Gamemodes/WardenGrineerHeavyLeader),Frontier Regulator (SpecialEvents/ForestDrone),Regulator (SpecialEvents/SurveillanceDrone),Vay Hek Terra Frame (Vip/Hek/HekBiped),Councilor Vay Hek (Vip/Hek/HekDrone),Древний Целитель (AiWeek/Ancients/HealingAncient),Токсичный Древний (AiWeek/Ancients/ToxicAncient),Ползун (AiWeek/Crawlers/Crawler),Lobber Crawler (AiWeek/Crawlers/Grenade),Electric Crawler (AiWeek/Crawlers/Lightning),Ядовитый Ползун (AiWeek/Crawlers/NoxiousCrawler),Mutalist-Osprey (AiWeek/InfestedDrones/PoisonDrone),Corrupted Ancient (OrokinHealingAncient),Corrupted Heavy Gunner (OrokinHeavyFemale),Orokin Drone (OrokinShieldDrone),Corrupted Lancer (RifleLancer),Ranger (SpaceBattles/CrewMan/JetpackMarine),Quanta Ranger (SpaceBattles/CrewMan/JetpackMarineThree),Penta Ranger (SpaceBattles/CrewMan/JetpackMarineTwo),Locust Drone (SpaceBattles/Drones/SwarmDrone),Gox (SpaceBattles/Ships/CrpPod),Corvette (SpaceBattles/Ships/FlakShip),Frigate (SpaceBattles/Ships/LaserShip),Carrier (SpaceBattles/Ships/SwarmShip),Дрон (SpaceBattles/CrpSpaceDroneAttack),Dreg (SpaceBattles/Drones/GrineerSpaceDrone),Lancer Dreg (SpaceBattles/Drones/LaserDrone),Temporal Dreg (SpaceBattles/Drones/StasisDrone),Ogma (SpaceBattles/Pods/CombatPod),Dargyn (SpaceBattles/Skiffs/GrineerSpaceMarine),Shield-Hellion Dargyn (SpaceBattles/Skiffs/MissileShieldSkiff),Hellion Dargyn (SpaceBattles/Skiffs/MissileSkiff),Shield Dargyn (SpaceBattles/Skiffs/ShieldSkiff),,,,,
Undying Will (/Lotus/Upgrades/Mods/Warframe/AvatarBleedoutDelayMod),Элитный Солдат (AIWeek/EliteRifleLancer),Elite Arid Lancer (Desert/EliteRifleLancer),Elite Frontier Lancer (Forest/EliteRifleLancer),,,,,,,,,,,,,,,,,,,,,,,,,,,,,,,,,,,,,,,,,,,,,,,,,,,,,,,,,,,,,,,,,,,,,,
Unleashed (/Lotus/Types/Friendly/Pets/KubrowPetPrecepts/KubrowVipChasePrecept),Drahk (AIWeek/CombatKubrow),Kubrow (/Lotus/Types/NeutralCreatures/Kubrow/Kubrow),,,,,,,,,,,,,,,,,,,,,,,,,,,,,,,,,,,,,,,,,,,,,,,,,,,,,,,,,,,,,,,,,,,,,,,
Vacuum (/Lotus/Types/Sentinels/SentinelPrecepts/ItemVacum),Corrupted Lancer (RifleLancer),,,,,,,,,,,,,,,,,,,,,,,,,,,,,,,,,,,,,,,,,,,,,,,,,,,,,,,,,,,,,,,,,,,,,,,,
Venomous Clip (/Lotus/Upgrades/Mods/Archwing/Rifle/ArchwingWeaponToxinDamageMod),Carrier (SpaceBattles/Ships/SwarmShip),Lancer Dreg (SpaceBattles/Drones/LaserDrone),,,,,,,,,,,,,,,,,,,,,,,,,,,,,,,,,,,,,,,,,,,,,,,,,,,,,,,,,,,,,,,,,,,,,,,
Vicious Spread (/Lotus/Upgrades/Mods/Shotgun/DualStat/CorruptedDamageAccuracyShotgun),,,,,,,,,,,,,,,,,,,,,,,,,,,,,,,,,,,,,,,,,,,,,,,,,,,,,,,,,,,,,,,,,,,,,,,,,
Vigor (/Lotus/Upgrades/Mods/Warframe/DualStat/VigorMod),,,,,,,,,,,,,,,,,,,,,,,,,,,,,,,,,,,,,,,,,,,,,,,,,,,,,,,,,,,,,,,,,,,,,,,,,
Vile Acceleration (/Lotus/Upgrades/Mods/Rifle/DualStat/CorruptedFireRateDamageRifle),,,,,,,,,,,,,,,,,,,,,,,,,,,,,,,,,,,,,,,,,,,,,,,,,,,,,,,,,,,,,,,,,,,,,,,,,
Vile Precision (/Lotus/Upgrades/Mods/Rifle/DualStat/CorruptedRecoilFireRateRifle),,,,,,,,,,,,,,,,,,,,,,,,,,,,,,,,,,,,,,,,,,,,,,,,,,,,,,,,,,,,,,,,,,,,,,,,,
Virulent Scourge (/Lotus/Upgrades/Mods/Melee/DualStat/PoisonEventMeleeMod),Vor (Vip/VorTwo/VorTwoBoss),,,,,,,,,,,,,,,,,,,,,,,,,,,,,,,,,,,,,,,,,,,,,,,,,,,,,,,,,,,,,,,,,,,,,,,,
Warrior's Grip (/Lotus/Upgrades/Mods/Melee/Channel/ChannelParryStaminaRedMod),,,,,,,,,,,,,,,,,,,,,,,,,,,,,,,,,,,,,,,,,,,,,,,,,,,,,,,,,,,,,,,,,,,,,,,,,
Адский Патронник (/Lotus/Upgrades/Mods/Shotgun/WeaponFireIterationsMod),Oxium Osprey (Drones/AIWeek/SuicideDrone),Дрон (Drones/DroneDroneAttack),Vem Tabook (DeathSquad/DeathSquadA),Leekter (DeathSquad/DeathSquadB),Shik Tal (DeathSquad/DeathSquadC),Frontier Regulator (SpecialEvents/ForestDrone),Regulator (SpecialEvents/SurveillanceDrone),,,,,,,,,,,,,,,,,,,,,,,,,,,,,,,,,,,,,,,,,,,,,,,,,,,,,,,,,,,,,,,,,,
Адское Пламя (/Lotus/Upgrades/Mods/Rifle/WeaponFireDamageMod),Ambulas (BipedRobot/Vip/BossBiped),Дрон Щитогенератор (Drones/AIWeek/ShieldDrone),Lynx Osprey (QuadRobot/MiniBoss/ShieldDroneMiniBoss),Lynx Turret (QuadRobot/MiniBoss/TurretQuadMiniBoss),Дрон-Каток (AIWeek/RollingDrone),,,,,,,,,,,,,,,,,,,,,,,,,,,,,,,,,,,,,,,,,,,,,,,,,,,,,,,,,,,,,,,,,,,,
Акробат (/Lotus/Upgrades/Mods/Warframe/AvatarStaminaCostMultiplierMod),Моа Рельсотрон (BipedRobot/AIWeek/RailgunBiped),,,,,,,,,,,,,,,,,,,,,,,,,,,,,,,,,,,,,,,,,,,,,,,,,,,,,,,,,,,,,,,,,,,,,,,,
Алмазная Кожа (/Lotus/Upgrades/Mods/Warframe/AvatarDamageResistanceLaser),Дрон Пиявка (Drones/AIWeek/LeechDrone),Hellion (AIWeek/JetpackMarine),Солдат (AIWeek/RifleLancer),Arid Hellion (Desert/JetpackMarine),Arid Lancer (Desert/RifleLancer),Frontier Hellion (Forest/JetpackMarine),Frontier Lancer (Forest/RifleLancer),Frontier Heavy Gunner (Forest/HeavyFemaleGrineerDesert),,,,,,,,,,,,,,,,,,,,,,,,,,,,,,,,,,,,,,,,,,,,,,,,,,,,,,,,,,,,,,,,,
Амортизаторы (/Lotus/Upgrades/Mods/Warframe/AvatarDamageResistanceKnockdown),Шакал (QuadRobot/QuadRobot),,,,,,,,,,,,,,,,,,,,,,,,,,,,,,,,,,,,,,,,,,,,,,,,,,,,,,,,,,,,,,,,,,,,,,,,
Антитоксин (/Lotus/Upgrades/Mods/Warframe/AvatarDamageResistancePoison),Гибридный Моа (BipedRobot/AIWeek/SuperMoaBiped),,,,,,,,,,,,,,,,,,,,,,,,,,,,,,,,,,,,,,,,,,,,,,,,,,,,,,,,,,,,,,,,,,,,,,,,
Барабанный Магазин (/Lotus/Upgrades/Mods/Rifle/WeaponAmmoMaxMod),Моа Шагоход (BipedRobot/AIWeek/LaserCannonBiped),Corpus Power Carrier (Spaceman/AIWeek/CarrierSpaceman),Солдат (Spaceman/AIWeek/RifleSpaceman),Grineer Power Carrier (AIWeek/CarrierRifleLancer),Hellion Power Carrier (AIWeek/JetpackMarineCarrier),,,,,,,,,,,,,,,,,,,,,,,,,,,,,,,,,,,,,,,,,,,,,,,,,,,,,,,,,,,,,,,,,,,,
Бремя Зараженных (/Lotus/Upgrades/Mods/Aura/InfestationSpeedReductionAuraMod),,,,,,,,,,,,,,,,,,,,,,,,,,,,,,,,,,,,,,,,,,,,,,,,,,,,,,,,,,,,,,,,,,,,,,,,,
Быстрая Смерть (/Lotus/Types/Sentinels/SentinelPrecepts/SwiftDeth),Выжигатель (AIWeek/FlameLancer),Прыгун (AiWeek/Runners/LeapingRunner),,,,,,,,,,,,,,,,,,,,,,,,,,,,,,,,,,,,,,,,,,,,,,,,,,,,,,,,,,,,,,,,,,,,,,,
Быстрое Отражение (/Lotus/Upgrades/Mods/Sentinel/SentinelShieldRechargeRateMod),Arid Seeker (Desert/GrineerMarinePistol),Frontier Seeker (Forest/GrineerMarinePistol),Искатель (GrineerMarinePistol),Токсичный Древний (AiWeek/Ancients/ToxicAncient),,,,,,,,,,,,,,,,,,,,,,,,,,,,,,,,,,,,,,,,,,,,,,,,,,,,,,,,,,,,,,,,,,,,,
Быстрое Отражение (/Lotus/Upgrades/Mods/Warframe/AvatarShieldRechargeRateMod),Ambulas (BipedRobot/Vip/BossBiped),Дрон Щитогенератор (Drones/AIWeek/ShieldDrone),Lynx Osprey (QuadRobot/MiniBoss/ShieldDroneMiniBoss),Lynx Turret (QuadRobot/MiniBoss/TurretQuadMiniBoss),Дрон-Каток (AIWeek/RollingDrone),,,,,,,,,,,,,,,,,,,,,,,,,,,,,,,,,,,,,,,,,,,,,,,,,,,,,,,,,,,,,,,,,,,,
Быстрохват (/Lotus/Upgrades/Mods/Pistol/WeaponReloadSpeedMod),Alad V (Vip/AladV/AladBoss),Элитный Солдат (AIWeek/EliteRifleLancer),Elite Arid Lancer (Desert/EliteRifleLancer),Elite Frontier Lancer (Forest/EliteRifleLancer),Капитан Вор (Vip/CaptainVorBoss),Ползун (AiWeek/Crawlers/Crawler),Рвотный Ползун (AiWeek/Crawlers/GraspingCrawler),,,,,,,,,,,,,,,,,,,,,,,,,,,,,,,,,,,,,,,,,,,,,,,,,,,,,,,,,,,,,,,,,,
Быстрые Руки (/Lotus/Upgrades/Mods/Rifle/WeaponReloadSpeedMod),Drahk Master (AIWeek/BeastMaster),Солдат С Пилой (AIWeek/BladeSawman),Guardsman (AIWeek/GrineerMeleeStaff),,,,,,,,,,,,,,,,,,,,,,,,,,,,,,,,,,,,,,,,,,,,,,,,,,,,,,,,,,,,,,,,,,,,,,
Быстрый Отдых (/Lotus/Upgrades/Mods/Warframe/AvatarStaminaRechargeRateMod),Щитоносец (AIWeek/ShieldLancer),,,,,,,,,,,,,,,,,,,,,,,,,,,,,,,,,,,,,,,,,,,,,,,,,,,,,,,,,,,,,,,,,,,,,,,,
В Упор (/Lotus/Upgrades/Mods/Shotgun/WeaponDamageAmountMod),Бегун (AiWeek/Runners/SuicideRunner),,,,,,,,,,,,,,,,,,,,,,,,,,,,,,,,,,,,,,,,,,,,,,,,,,,,,,,,,,,,,,,,,,,,,,,,
Взрывное Ускорение (/Lotus/Upgrades/Mods/Shotgun/DualStat/AcceleratedBlastMod),,,,,,,,,,,,,,,,,,,,,,,,,,,,,,,,,,,,,,,,,,,,,,,,,,,,,,,,,,,,,,,,,,,,,,,,,
Возмездие (/Lotus/Upgrades/Mods/Warframe/AvatarRevengeDamageMelee),Щитоносец (AIWeek/ShieldLancer),,,,,,,,,,,,,,,,,,,,,,,,,,,,,,,,,,,,,,,,,,,,,,,,,,,,,,,,,,,,,,,,,,,,,,,,
Воитель (/Lotus/Types/Sentinels/SentinelPrecepts/Warrior),Солдат-Снайпер (Spaceman/AIWeek/SniperSpaceman),,,,,,,,,,,,,,,,,,,,,,,,,,,,,,,,,,,,,,,,,,,,,,,,,,,,,,,,,,,,,,,,,,,,,,,,
Глубокая Заморозка (/Lotus/Upgrades/Mods/Pistol/WeaponFreezeDamageMod),,,,,,,,,,,,,,,,,,,,,,,,,,,,,,,,,,,,,,,,,,,,,,,,,,,,,,,,,,,,,,,,,,,,,,,,,
Гнев (/Lotus/Upgrades/Mods/Warframe/AvatarDamageToEnergyMod),Огнемётчик (AIWeek/IncendiaryBombard),,,,,,,,,,,,,,,,,,,,,,,,,,,,,,,,,,,,,,,,,,,,,,,,,,,,,,,,,,,,,,,,,,,,,,,,
Горячий Заряд (/Lotus/Upgrades/Mods/Pistol/WeaponFireDamageMod),Ambulas (BipedRobot/Vip/BossBiped),Alad V (Vip/AladV/AladBoss),Hellion (AIWeek/JetpackMarine),Солдат (AIWeek/RifleLancer),Arid Hellion (Desert/JetpackMarine),Arid Lancer (Desert/RifleLancer),Frontier Hellion (Forest/JetpackMarine),Frontier Lancer (Forest/RifleLancer),Frontier Heavy Gunner (Forest/HeavyFemaleGrineerDesert),Капитан Вор (Vip/CaptainVorBoss),,,,,,,,,,,,,,,,,,,,,,,,,,,,,,,,,,,,,,,,,,,,,,,,,,,,,,,,,,,,,,,
Громобой (/Lotus/Upgrades/Mods/Rifle/BowExplosionChanceMod),Элитный Солдат (AIWeek/EliteRifleLancer),Elite Arid Lancer (Desert/EliteRifleLancer),Elite Frontier Lancer (Forest/EliteRifleLancer),,,,,,,,,,,,,,,,,,,,,,,,,,,,,,,,,,,,,,,,,,,,,,,,,,,,,,,,,,,,,,,,,,,,,,
Громовержец (/Lotus/Upgrades/Mods/Rifle/WeaponElectricityDamageMod),Lynx (QuadRobot/MiniBoss/QuadRobotMiniBoss),Баллиста (AIWeek/FemaleGrineer),,,,,,,,,,,,,,,,,,,,,,,,,,,,,,,,,,,,,,,,,,,,,,,,,,,,,,,,,,,,,,,,,,,,,,,
Громовой Хлопок (/Lotus/Upgrades/Mods/Rifle/WeaponStunChanceMod),Солдат С Термоклинком (AIWeek/BlowtorchSawman),Shock (AIWeek/DeltaProsecutorLeader),Shock (AIWeek/GrineerMeleeStaffLeader),Arid Butcher (Desert/BladeSawman),Frontier Butcher (Forest/BladeSawman),,,,,,,,,,,,,,,,,,,,,,,,,,,,,,,,,,,,,,,,,,,,,,,,,,,,,,,,,,,,,,,,,,,,
Громоотвод (/Lotus/Upgrades/Mods/Warframe/AvatarDamageResistanceElectricity),Скорпион (AIWeek/MacheteWoman),Древний Целитель (AiWeek/Ancients/HealingAncient),,,,,,,,,,,,,,,,,,,,,,,,,,,,,,,,,,,,,,,,,,,,,,,,,,,,,,,,,,,,,,,,,,,,,,,
Двойной Ствол (/Lotus/Upgrades/Mods/Pistol/WeaponFireIterationsMod),Vem Tabook (DeathSquad/DeathSquadA),Leekter (DeathSquad/DeathSquadB),Shik Tal (DeathSquad/DeathSquadC),Arid Seeker (Desert/GrineerMarinePistol),Frontier Seeker (Forest/GrineerMarinePistol),Искатель (GrineerMarinePistol),,,,,,,,,,,,,,,,,,,,,,,,,,,,,,,,,,,,,,,,,,,,,,,,,,,,,,,,,,,,,,,,,,,
Детектор Добычи (/Lotus/Upgrades/Mods/Aura/PlayerLootRadarAuraMod),,,,,,,,,,,,,,,,,,,,,,,,,,,,,,,,,,,,,,,,,,,,,,,,,,,,,,,,,,,,,,,,,,,,,,,,,
Детектор Противника (/Lotus/Upgrades/Mods/Aura/PlayerEnemyRadarAuraMod),,,,,,,,,,,,,,,,,,,,,,,,,,,,,,,,,,,,,,,,,,,,,,,,,,,,,,,,,,,,,,,,,,,,,,,,,
Добытчик: Винтовка (/Lotus/Upgrades/Mods/Aura/PlayerRifleAmmoAuraMod),,,,,,,,,,,,,,,,,,,,,,,,,,,,,,,,,,,,,,,,,,,,,,,,,,,,,,,,,,,,,,,,,,,,,,,,,
Добытчик: Дробовик (/Lotus/Upgrades/Mods/Aura/PlayerShellAmmoAuraMod),,,,,,,,,,,,,,,,,,,,,,,,,,,,,,,,,,,,,,,,,,,,,,,,,,,,,,,,,,,,,,,,,,,,,,,,,
Добытчик: Пистолет (/Lotus/Upgrades/Mods/Aura/PlayerPistolAmmoAuraMod),,,,,,,,,,,,,,,,,,,,,,,,,,,,,,,,,,,,,,,,,,,,,,,,,,,,,,,,,,,,,,,,,,,,,,,,,
Добытчик: Снайпер (/Lotus/Upgrades/Mods/Aura/PlayerSniperAmmoAuraMod),,,,,,,,,,,,,,,,,,,,,,,,,,,,,,,,,,,,,,,,,,,,,,,,,,,,,,,,,,,,,,,,,,,,,,,,,
Дробитель (/Lotus/Upgrades/Mods/Pistol/WeaponCritDamageMod),Солдат С Силовой Перчаткой (AIWeek/PistonSawman),,,,,,,,,,,,,,,,,,,,,,,,,,,,,,,,,,,,,,,,,,,,,,,,,,,,,,,,,,,,,,,,,,,,,,,,
Живучесть (/Lotus/Upgrades/Mods/Sentinel/SentinelHealthMaxMod),Anti Moa (BipedRobot/AIWeek/LaserDiscBiped),Гибридный Моа (BipedRobot/AIWeek/SuperMoaBiped),Дрон Щитогенератор (Drones/AIWeek/ShieldDrone),Lynx Osprey (QuadRobot/MiniBoss/ShieldDroneMiniBoss),Lynx Turret (QuadRobot/MiniBoss/TurretQuadMiniBoss),Огнемётчик (AIWeek/IncendiaryBombard),Дрон-Каток (AIWeek/RollingDrone),,,,,,,,,,,,,,,,,,,,,,,,,,,,,,,,,,,,,,,,,,,,,,,,,,,,,,,,,,,,,,,,,,
Живучесть (/Lotus/Upgrades/Mods/Warframe/AvatarHealthMaxMod),Oxium Osprey (Drones/AIWeek/SuicideDrone),Дрон (Drones/DroneDroneAttack),Alad V (Vip/AladV/AladBoss),Hellion (AIWeek/JetpackMarine),Солдат (AIWeek/RifleLancer),Arid Hellion (Desert/JetpackMarine),Arid Lancer (Desert/RifleLancer),Frontier Hellion (Forest/JetpackMarine),Frontier Lancer (Forest/RifleLancer),Frontier Heavy Gunner (Forest/HeavyFemaleGrineerDesert),Frontier Regulator (SpecialEvents/ForestDrone),Regulator (SpecialEvents/SurveillanceDrone),Капитан Вор (Vip/CaptainVorBoss),Tyl Regor (Vip/NinjaLeader),,,,,,,,,,,,,,,,,,,,,,,,,,,,,,,,,,,,,,,,,,,,,,,,,,,,,,,,,,,
Зажигательное Покрытие (/Lotus/Upgrades/Mods/Shotgun/WeaponFireDamageMod),Солдат-Снайпер (Spaceman/AIWeek/SniperSpaceman),,,,,,,,,,,,,,,,,,,,,,,,,,,,,,,,,,,,,,,,,,,,,,,,,,,,,,,,,,,,,,,,,,,,,,,,
Зазубрины (/Lotus/Upgrades/Mods/Rifle/WeaponDamageAmountMod),Скорпион (AIWeek/MacheteWoman),Рвотный Ползун (AiWeek/Crawlers/GraspingCrawler),Electric Crawler (AiWeek/Crawlers/Lightning),,,,,,,,,,,,,,,,,,,,,,,,,,,,,,,,,,,,,,,,,,,,,,,,,,,,,,,,,,,,,,,,,,,,,,
Закалка (/Lotus/Upgrades/Mods/Melee/WeaponCritChanceMod),Дрон Щитогенератор (Drones/AIWeek/ShieldDrone),Scavenger Drone (Drones/AIWeek/VacDrone),Lynx Osprey (QuadRobot/MiniBoss/ShieldDroneMiniBoss),Lynx Turret (QuadRobot/MiniBoss/TurretQuadMiniBoss),Hyena Th (Vip/Hyena/HyenaElec),Hyena Ng (Vip/Hyena/HyenaFire),Hyena Pb (Vip/Hyena/HyenaGun),Hyena Ln2 (Vip/Hyena/HyenaIce),Бомбардир (AIWeek/RocketBombard),Дрон-Каток (AIWeek/RollingDrone),Tyl Regor (Vip/NinjaLeader),,,,,,,,,,,,,,,,,,,,,,,,,,,,,,,,,,,,,,,,,,,,,,,,,,,,,,,,,,,,,,
Заряженные Снаряды (/Lotus/Upgrades/Mods/Shotgun/WeaponElectricityDamageMod),Corpus Warden (Gamemodes/DeployableSpacemanWarden),Corpus Warden (Gamemodes/DeployableSpacemanWardenLeader),Техник Корпуса (Spaceman/AIWeek/DeployableSpaceman),,,,,,,,,,,,,,,,,,,,,,,,,,,,,,,,,,,,,,,,,,,,,,,,,,,,,,,,,,,,,,,,,,,,,,
Заряжённый Патронник (/Lotus/Upgrades/Mods/Rifle/SniperReloadDamageMod),Моа Рельсотрон (BipedRobot/AIWeek/RailgunBiped),,,,,,,,,,,,,,,,,,,,,,,,,,,,,,,,,,,,,,,,,,,,,,,,,,,,,,,,,,,,,,,,,,,,,,,,
Зачистка: Гринир (/Lotus/Upgrades/Mods/Shotgun/WeaponShotgunFactionDamageGrineer),Corpus Warden (Gamemodes/DeployableSpacemanWarden),Corpus Warden (Gamemodes/DeployableSpacemanWardenLeader),Техник Корпуса (Spaceman/AIWeek/DeployableSpaceman),,,,,,,,,,,,,,,,,,,,,,,,,,,,,,,,,,,,,,,,,,,,,,,,,,,,,,,,,,,,,,,,,,,,,,
Зачистка: Зараженные (/Lotus/Upgrades/Mods/Shotgun/WeaponShotgunFactionDamageInfested),Прыгун (AiWeek/Runners/LeapingRunner),,,,,,,,,,,,,,,,,,,,,,,,,,,,,,,,,,,,,,,,,,,,,,,,,,,,,,,,,,,,,,,,,,,,,,,,
Зачистка: Корпус (/Lotus/Upgrades/Mods/Shotgun/WeaponShotgunFactionDamageCorpus),Солдат С Термоклинком (AIWeek/BlowtorchSawman),Shock (AIWeek/DeltaProsecutorLeader),Shock (AIWeek/GrineerMeleeStaffLeader),,,,,,,,,,,,,,,,,,,,,,,,,,,,,,,,,,,,,,,,,,,,,,,,,,,,,,,,,,,,,,,,,,,,,,
Игольчатые Снаряды (/Lotus/Upgrades/Mods/Shotgun/WeaponArmorPiercingDamageMod),Щитоносец (AIWeek/ShieldLancer),Древний Разрушитель (AiWeek/Ancients/Ancient),,,,,,,,,,,,,,,,,,,,,,,,,,,,,,,,,,,,,,,,,,,,,,,,,,,,,,,,,,,,,,,,,,,,,,,
Изгнание: Гринир (/Lotus/Upgrades/Mods/Pistol/WeaponPistolFactionDamageGrineer),Бомбардир (AIWeek/RocketBombard),,,,,,,,,,,,,,,,,,,,,,,,,,,,,,,,,,,,,,,,,,,,,,,,,,,,,,,,,,,,,,,,,,,,,,,,
Изгнание: Зараженные (/Lotus/Upgrades/Mods/Pistol/WeaponPistolFactionDamageInfested),Древний Разрушитель (AiWeek/Ancients/Ancient),,,,,,,,,,,,,,,,,,,,,,,,,,,,,,,,,,,,,,,,,,,,,,,,,,,,,,,,,,,,,,,,,,,,,,,,
Изгнание: Корпус (/Lotus/Upgrades/Mods/Pistol/WeaponPistolFactionDamageCorpus),,,,,,,,,,,,,,,,,,,,,,,,,,,,,,,,,,,,,,,,,,,,,,,,,,,,,,,,,,,,,,,,,,,,,,,,,
Инстинкт Охотника (/Lotus/Upgrades/Mods/Warframe/AvatarEnemyRadarMod),Солдат С Термоклинком (AIWeek/BlowtorchSawman),Shock (AIWeek/DeltaProsecutorLeader),Shock (AIWeek/GrineerMeleeStaffLeader),,,,,,,,,,,,,,,,,,,,,,,,,,,,,,,,,,,,,,,,,,,,,,,,,,,,,,,,,,,,,,,,,,,,,,
Искажение Магазина (/Lotus/Upgrades/Mods/Rifle/WeaponClipMaxMod),Ambulas (BipedRobot/Vip/BossBiped),Дрон Пиявка (Drones/AIWeek/LeechDrone),Sergeant Nef Anyo (Spaceman/Vip/SniperBoss),Пулемётчик (AIWeek/HeavyFemaleGrineer),Arid Heavy Gunner (Desert/HeavyFemaleGrineerDesert),Grineer Warden (Gamemodes/WardenGrineerHeavy),Grineer Warden (Gamemodes/WardenGrineerHeavyLeader),Командир (GrineerMarineLeader),,,,,,,,,,,,,,,,,,,,,,,,,,,,,,,,,,,,,,,,,,,,,,,,,,,,,,,,,,,,,,,,,
Искатель (/Lotus/Upgrades/Mods/Pistol/WeaponPunctureDepthMod),Древний Целитель (AiWeek/Ancients/HealingAncient),,,,,,,,,,,,,,,,,,,,,,,,,,,,,,,,,,,,,,,,,,,,,,,,,,,,,,,,,,,,,,,,,,,,,,,,
Испаритель (/Lotus/Types/Sentinels/SentinelPrecepts/Vaporize),Гибридный Моа (BipedRobot/AIWeek/SuperMoaBiped),Солдат С Силовой Перчаткой (AIWeek/PistonSawman),,,,,,,,,,,,,,,,,,,,,,,,,,,,,,,,,,,,,,,,,,,,,,,,,,,,,,,,,,,,,,,,,,,,,,,
Конвульсия (/Lotus/Upgrades/Mods/Pistol/WeaponElectricityDamageMod),Oxium Osprey (Drones/AIWeek/SuicideDrone),Дрон (Drones/DroneDroneAttack),Frontier Regulator (SpecialEvents/ForestDrone),Regulator (SpecialEvents/SurveillanceDrone),Инфестоид (AiWeek/Quadrupeds/Quadruped),,,,,,,,,,,,,,,,,,,,,,,,,,,,,,,,,,,,,,,,,,,,,,,,,,,,,,,,,,,,,,,,,,,,
Контроль Толпы (/Lotus/Upgrades/Mods/Shotgun/WeaponStunChanceMod),Anti Moa (BipedRobot/AIWeek/LaserDiscBiped),Солдат С Жезлом (Spaceman/AIWeek/MeleeSpaceman),General Sargas Ruk (Vip/SargasRuk/SargasRukNew),,,,,,,,,,,,,,,,,,,,,,,,,,,,,,,,,,,,,,,,,,,,,,,,,,,,,,,,,,,,,,,,,,,,,,
Коррозийный Выброс (/Lotus/Upgrades/Mods/Aura/EnemyArmorReductionAuraMod),,,,,,,,,,,,,,,,,,,,,,,,,,,,,,,,,,,,,,,,,,,,,,,,,,,,,,,,,,,,,,,,,,,,,,,,,
Крио Патроны (/Lotus/Upgrades/Mods/Rifle/WeaponFreezeDamageMod),Ударный Моа (BipedRobot/AIWeek/ShockwaveBiped),Лейтенант Лех Крил (Vip/BossLechKril),Kela De Thaym (Vip/HeavyRocketFemale),Tyl Regor (Vip/NinjaLeader),Vay Hek Terra Frame (Vip/Hek/HekBiped),Councilor Vay Hek (Vip/Hek/HekDrone),Phorid (Vip/QuadrupedVIP),,,,,,,,,,,,,,,,,,,,,,,,,,,,,,,,,,,,,,,,,,,,,,,,,,,,,,,,,,,,,,,,,,
Крушитель Органов (/Lotus/Upgrades/Mods/Melee/WeaponCritDamageMod),Раптор (Drones/Vip/DroneAttack),Lynx (QuadRobot/MiniBoss/QuadRobotMiniBoss),Баллиста (AIWeek/FemaleGrineer),Токсичный Древний (AiWeek/Ancients/ToxicAncient),,,,,,,,,,,,,,,,,,,,,,,,,,,,,,,,,,,,,,,,,,,,,,,,,,,,,,,,,,,,,,,,,,,,,
Крушитель: Гринир (/Lotus/Upgrades/Mods/Melee/WeaponMeleeFactionDamageGrineer),Моа Шагоход (BipedRobot/AIWeek/LaserCannonBiped),Drahk Master (AIWeek/BeastMaster),Солдат С Пилой (AIWeek/BladeSawman),Guardsman (AIWeek/GrineerMeleeStaff),,,,,,,,,,,,,,,,,,,,,,,,,,,,,,,,,,,,,,,,,,,,,,,,,,,,,,,,,,,,,,,,,,,,,
Крушитель: Зараженные (/Lotus/Upgrades/Mods/Melee/WeaponMeleeFactionDamageInfested),Щитоносец (AIWeek/ShieldLancer),,,,,,,,,,,,,,,,,,,,,,,,,,,,,,,,,,,,,,,,,,,,,,,,,,,,,,,,,,,,,,,,,,,,,,,,
Крушитель: Корпус (/Lotus/Upgrades/Mods/Melee/WeaponMeleeFactionDamageCorpus),Гибридный Моа (BipedRobot/AIWeek/SuperMoaBiped),,,,,,,,,,,,,,,,,,,,,,,,,,,,,,,,,,,,,,,,,,,,,,,,,,,,,,,,,,,,,,,,,,,,,,,,
Ледяная Буря (/Lotus/Upgrades/Mods/Pistol/DualStat/IceStormMod),,,,,,,,,,,,,,,,,,,,,,,,,,,,,,,,,,,,,,,,,,,,,,,,,,,,,,,,,,,,,,,,,,,,,,,,,
Ледяное Прикосновение (/Lotus/Upgrades/Mods/Shotgun/WeaponFreezeDamageMod),Солдат С Жезлом (Spaceman/AIWeek/MeleeSpaceman),,,,,,,,,,,,,,,,,,,,,,,,,,,,,,,,,,,,,,,,,,,,,,,,,,,,,,,,,,,,,,,,,,,,,,,,
Марафон (/Lotus/Upgrades/Mods/Warframe/AvatarStaminaMaxMod),Corpus Warden (Gamemodes/DeployableSpacemanWarden),Corpus Warden (Gamemodes/DeployableSpacemanWardenLeader),Техник Корпуса (Spaceman/AIWeek/DeployableSpaceman),,,,,,,,,,,,,,,,,,,,,,,,,,,,,,,,,,,,,,,,,,,,,,,,,,,,,,,,,,,,,,,,,,,,,,
Мастер-Вор (/Lotus/Upgrades/Mods/Warframe/AvatarChanceToLoot),Hyena Th (Vip/Hyena/HyenaElec),Hyena Ng (Vip/Hyena/HyenaFire),Hyena Pb (Vip/Hyena/HyenaGun),Hyena Ln2 (Vip/Hyena/HyenaIce),Скорпион (AIWeek/MacheteWoman),,,,,,,,,,,,,,,,,,,,,,,,,,,,,,,,,,,,,,,,,,,,,,,,,,,,,,,,,,,,,,,,,,,,
Месть (/Lotus/Types/Sentinels/SentinelPrecepts/Revenge),Моа Шагоход (BipedRobot/AIWeek/LaserCannonBiped),Элитный Солдат (AIWeek/EliteRifleLancer),Elite Arid Lancer (Desert/EliteRifleLancer),Elite Frontier Lancer (Forest/EliteRifleLancer),,,,,,,,,,,,,,,,,,,,,,,,,,,,,,,,,,,,,,,,,,,,,,,,,,,,,,,,,,,,,,,,,,,,,
Металлический Бур (/Lotus/Upgrades/Mods/Rifle/WeaponPunctureDepthMod),Дрон Минёр (Drones/AIWeek/MineDrone),Mutalist-Osprey (AiWeek/InfestedDrones/PoisonDrone),,,,,,,,,,,,,,,,,,,,,,,,,,,,,,,,,,,,,,,,,,,,,,,,,,,,,,,,,,,,,,,,,,,,,,,
Меткий Стрелок (/Lotus/Upgrades/Mods/Aura/PlayerSniperDamageAuraMod),,,,,,,,,,,,,,,,,,,,,,,,,,,,,,,,,,,,,,,,,,,,,,,,,,,,,,,,,,,,,,,,,,,,,,,,,
Мощный Выстрел (/Lotus/Upgrades/Mods/Rifle/DualStat/HammerShotMod),,,,,,,,,,,,,,,,,,,,,,,,,,,,,,,,,,,,,,,,,,,,,,,,,,,,,,,,,,,,,,,,,,,,,,,,,
Мутатор: Винтовка (/Lotus/Upgrades/Mods/Rifle/WeaponRifleConvertAmmoMod),,,,,,,,,,,,,,,,,,,,,,,,,,,,,,,,,,,,,,,,,,,,,,,,,,,,,,,,,,,,,,,,,,,,,,,,,
Мутатор: Дробовик (/Lotus/Upgrades/Mods/Shotgun/WeaponShotgunConvertAmmoMod),,,,,,,,,,,,,,,,,,,,,,,,,,,,,,,,,,,,,,,,,,,,,,,,,,,,,,,,,,,,,,,,,,,,,,,,,
Мутатор: Лук (/Lotus/Upgrades/Mods/Rifle/WeaponBowConvertAmmoMod),,,,,,,,,,,,,,,,,,,,,,,,,,,,,,,,,,,,,,,,,,,,,,,,,,,,,,,,,,,,,,,,,,,,,,,,,
Мутатор: Пистолет (/Lotus/Upgrades/Mods/Pistol/WeaponPistolConvertAmmoMod),,,,,,,,,,,,,,,,,,,,,,,,,,,,,,,,,,,,,,,,,,,,,,,,,,,,,,,,,,,,,,,,,,,,,,,,,
Мутатор: Снайперская Винтовка (/Lotus/Upgrades/Mods/Rifle/WeaponSnipersConvertAmmoMod),,,,,,,,,,,,,,,,,,,,,,,,,,,,,,,,,,,,,,,,,,,,,,,,,,,,,,,,,,,,,,,,,,,,,,,,,
Мушкетон (/Lotus/Upgrades/Mods/Shotgun/WeaponCritChanceMod),Шакал (QuadRobot/QuadRobot),Пулемётчик (AIWeek/HeavyFemaleGrineer),Arid Butcher (Desert/BladeSawman),Arid Heavy Gunner (Desert/HeavyFemaleGrineerDesert),Frontier Butcher (Forest/BladeSawman),Grineer Warden (Gamemodes/WardenGrineerHeavy),Grineer Warden (Gamemodes/WardenGrineerHeavyLeader),Командир (GrineerMarineLeader),Lobber Crawler (AiWeek/Crawlers/Grenade),Ядовитый Ползун (AiWeek/Crawlers/NoxiousCrawler),,,,,,,,,,,,,,,,,,,,,,,,,,,,,,,,,,,,,,,,,,,,,,,,,,,,,,,,,,,,,,,
Нет Спасения (/Lotus/Upgrades/Mods/Pistol/WeaponArmorPiercingDamageMod),Corpus Power Carrier (Spaceman/AIWeek/CarrierSpaceman),Солдат (Spaceman/AIWeek/RifleSpaceman),Elite Crewman (Spaceman/EliteSpaceman),Grineer Power Carrier (AIWeek/CarrierRifleLancer),Hellion Power Carrier (AIWeek/JetpackMarineCarrier),,,,,,,,,,,,,,,,,,,,,,,,,,,,,,,,,,,,,,,,,,,,,,,,,,,,,,,,,,,,,,,,,,,,
Обжигающий Удар (/Lotus/Upgrades/Mods/Melee/WeaponFireDamageMod),Ambulas (BipedRobot/Vip/BossBiped),Лейтенант Лех Крил (Vip/BossLechKril),Kela De Thaym (Vip/HeavyRocketFemale),Vay Hek Terra Frame (Vip/Hek/HekBiped),Councilor Vay Hek (Vip/Hek/HekDrone),Phorid (Vip/QuadrupedVIP),Сталкер (Stalker/Stalker),,,,,,,,,,,,,,,,,,,,,,,,,,,,,,,,,,,,,,,,,,,,,,,,,,,,,,,,,,,,,,,,,,
Обогрев (/Lotus/Upgrades/Mods/Warframe/AvatarMissionSpecificResistanceIce),Бомбардир (AIWeek/RocketBombard),Токсичный Древний (AiWeek/Ancients/ToxicAncient),,,,,,,,,,,,,,,,,,,,,,,,,,,,,,,,,,,,,,,,,,,,,,,,,,,,,,,,,,,,,,,,,,,,,,,
Обтекаемость (/Lotus/Upgrades/Mods/Warframe/AvatarAbilityEfficiencyMod),Hellion (AIWeek/JetpackMarine),Солдат (AIWeek/RifleLancer),Arid Hellion (Desert/JetpackMarine),Arid Lancer (Desert/RifleLancer),Frontier Hellion (Forest/JetpackMarine),Frontier Lancer (Forest/RifleLancer),Frontier Heavy Gunner (Forest/HeavyFemaleGrineerDesert),,,,,,,,,,,,,,,,,,,,,,,,,,,,,,,,,,,,,,,,,,,,,,,,,,,,,,,,,,,,,,,,,,
Оглушающая Скорость (/Lotus/Upgrades/Mods/Pistol/DualStat/StunningSpeedMod),,,,,,,,,,,,,,,,,,,,,,,,,,,,,,,,,,,,,,,,,,,,,,,,,,,,,,,,,,,,,,,,,,,,,,,,,
Огнестойкость (/Lotus/Upgrades/Mods/Warframe/AvatarDamageResistanceFire),Солдат С Термоклинком (AIWeek/BlowtorchSawman),Shock (AIWeek/DeltaProsecutorLeader),Shock (AIWeek/GrineerMeleeStaffLeader),Древний Целитель (AiWeek/Ancients/HealingAncient),,,,,,,,,,,,,,,,,,,,,,,,,,,,,,,,,,,,,,,,,,,,,,,,,,,,,,,,,,,,,,,,,,,,,
Омоложение (/Lotus/Upgrades/Mods/Aura/PlayerHealthRegenAuraMod),,,,,,,,,,,,,,,,,,,,,,,,,,,,,,,,,,,,,,,,,,,,,,,,,,,,,,,,,,,,,,,,,,,,,,,,,
Опустошение (/Lotus/Upgrades/Mods/Shotgun/WeaponCritDamageMod),Солдат-Снайпер (Spaceman/AIWeek/SniperSpaceman),,,,,,,,,,,,,,,,,,,,,,,,,,,,,,,,,,,,,,,,,,,,,,,,,,,,,,,,,,,,,,,,,,,,,,,,
Орлиный Глаз (/Lotus/Upgrades/Mods/Rifle/WeaponZoomFovMod),Ползун (AiWeek/Crawlers/Crawler),,,,,,,,,,,,,,,,,,,,,,,,,,,,,,,,,,,,,,,,,,,,,,,,,,,,,,,,,,,,,,,,,,,,,,,,
Ошеломляющая Сила (/Lotus/Upgrades/Mods/Melee/WeaponStunChanceMod),Oxium Osprey (Drones/AIWeek/SuicideDrone),Дрон (Drones/DroneDroneAttack),Солдат (Spaceman/AIWeek/ShotgunSpaceman),Потрошитель (AIWeek/EviseratorLancer),Штурмовик (AIWeek/ShotgunLancer),Arid Eviscerator (Desert/EvisceratorLancer),Arid Trooper (Desert/ShotgunLancer),Frontier Eviscerator (Forest/EvisceratorLancer),Frontier Trooper (Forest/ShotgunLancer),Frontier Regulator (SpecialEvents/ForestDrone),Regulator (SpecialEvents/SurveillanceDrone),General Sargas Ruk (Vip/SargasRuk/SargasRukNew),,,,,,,,,,,,,,,,,,,,,,,,,,,,,,,,,,,,,,,,,,,,,,,,,,,,,,,,,,,,,
Патронташ (/Lotus/Upgrades/Mods/Shotgun/WeaponClipMaxMod),Огнемётчик (AIWeek/IncendiaryBombard),,,,,,,,,,,,,,,,,,,,,,,,,,,,,,,,,,,,,,,,,,,,,,,,,,,,,,,,,,,,,,,,,,,,,,,,
Перенаправление (/Lotus/Upgrades/Mods/Sentinel/SentinelShieldMaxMod),Солдат С Силовой Перчаткой (AIWeek/PistonSawman),Инфестоид (AiWeek/Quadrupeds/Quadruped),,,,,,,,,,,,,,,,,,,,,,,,,,,,,,,,,,,,,,,,,,,,,,,,,,,,,,,,,,,,,,,,,,,,,,,
Перенаправление (/Lotus/Upgrades/Mods/Warframe/AvatarShieldMaxMod),Scavenger Drone (Drones/AIWeek/VacDrone),Элитный Солдат (AIWeek/EliteRifleLancer),Elite Arid Lancer (Desert/EliteRifleLancer),Elite Frontier Lancer (Forest/EliteRifleLancer),Древний Разрушитель (AiWeek/Ancients/Ancient),,,,,,,,,,,,,,,,,,,,,,,,,,,,,,,,,,,,,,,,,,,,,,,,,,,,,,,,,,,,,,,,,,,,
Пистолетный Гамбит (/Lotus/Upgrades/Mods/Pistol/WeaponCritChanceMod),Солдат С Жезлом (Spaceman/AIWeek/MeleeSpaceman),Потрошитель (AIWeek/EviseratorLancer),Штурмовик (AIWeek/ShotgunLancer),Arid Eviscerator (Desert/EvisceratorLancer),Arid Trooper (Desert/ShotgunLancer),Frontier Eviscerator (Forest/EvisceratorLancer),Frontier Trooper (Forest/ShotgunLancer),,,,,,,,,,,,,,,,,,,,,,,,,,,,,,,,,,,,,,,,,,,,,,,,,,,,,,,,,,,,,,,,,,
Пламя (/Lotus/Upgrades/Mods/Shotgun/DualStat/BlazeMod),,,,,,,,,,,,,,,,,,,,,,,,,,,,,,,,,,,,,,,,,,,,,,,,,,,,,,,,,,,,,,,,,,,,,,,,,
Погибель Гринир (/Lotus/Upgrades/Mods/Rifle/WeaponFactionDamageGrineer),Выжигатель (AIWeek/FlameLancer),,,,,,,,,,,,,,,,,,,,,,,,,,,,,,,,,,,,,,,,,,,,,,,,,,,,,,,,,,,,,,,,,,,,,,,,
Погибель Зараженных (/Lotus/Upgrades/Mods/Rifle/WeaponFactionDamageInfested),Солдат С Силовой Перчаткой (AIWeek/PistonSawman),,,,,,,,,,,,,,,,,,,,,,,,,,,,,,,,,,,,,,,,,,,,,,,,,,,,,,,,,,,,,,,,,,,,,,,,
Погибель Корпуса (/Lotus/Upgrades/Mods/Rifle/WeaponFactionDamageCorpus),Ползун (AiWeek/Crawlers/Crawler),,,,,,,,,,,,,,,,,,,,,,,,,,,,,,,,,,,,,,,,,,,,,,,,,,,,,,,,,,,,,,,,,,,,,,,,
Пожар (/Lotus/Upgrades/Mods/Rifle/DualStat/WildfireMod),,,,,,,,,,,,,,,,,,,,,,,,,,,,,,,,,,,,,,,,,,,,,,,,,,,,,,,,,,,,,,,,,,,,,,,,,
Поток (/Lotus/Upgrades/Mods/Warframe/AvatarPowerMaxMod),Drahk Master (AIWeek/BeastMaster),Солдат С Пилой (AIWeek/BladeSawman),Guardsman (AIWeek/GrineerMeleeStaff),Arid Butcher (Desert/BladeSawman),Frontier Butcher (Forest/BladeSawman),,,,,,,,,,,,,,,,,,,,,,,,,,,,,,,,,,,,,,,,,,,,,,,,,,,,,,,,,,,,,,,,,,,,
Призрак (/Lotus/Types/Sentinels/SentinelPrecepts/Ghost),Бегун (AiWeek/Runners/SuicideRunner),,,,,,,,,,,,,,,,,,,,,,,,,,,,,,,,,,,,,,,,,,,,,,,,,,,,,,,,,,,,,,,,,,,,,,,,
Продолжительность (/Lotus/Upgrades/Mods/Warframe/AvatarAbilityDurationMod),General Sargas Ruk (Vip/SargasRuk/SargasRukNew),,,,,,,,,,,,,,,,,,,,,,,,,,,,,,,,,,,,,,,,,,,,,,,,,,,,,,,,,,,,,,,,,,,,,,,,
Пронзающий Удар (/Lotus/Upgrades/Mods/Rifle/WeaponArmorPiercingDamageMod),Ударный Моа (BipedRobot/AIWeek/ShockwaveBiped),,,,,,,,,,,,,,,,,,,,,,,,,,,,,,,,,,,,,,,,,,,,,,,,,,,,,,,,,,,,,,,,,,,,,,,,
Раздельный Патронник (/Lotus/Upgrades/Mods/Rifle/WeaponFireIterationsMod),Дрон Пиявка (Drones/AIWeek/LeechDrone),Раптор (Drones/Vip/DroneAttack),Vem Tabook (DeathSquad/DeathSquadA),Leekter (DeathSquad/DeathSquadB),Shik Tal (DeathSquad/DeathSquadC),General Sargas Ruk (Vip/SargasRuk/SargasRukNew),,,,,,,,,,,,,,,,,,,,,,,,,,,,,,,,,,,,,,,,,,,,,,,,,,,,,,,,,,,,,,,,,,,
Размах (/Lotus/Upgrades/Mods/Melee/WeaponMeleeRangeIncMod),Раптор (Drones/Vip/DroneAttack),Corpus Power Carrier (Spaceman/AIWeek/CarrierSpaceman),Солдат (Spaceman/AIWeek/RifleSpaceman),Grineer Power Carrier (AIWeek/CarrierRifleLancer),Hellion Power Carrier (AIWeek/JetpackMarineCarrier),Бегун (AiWeek/Runners/SuicideRunner),,,,,,,,,,,,,,,,,,,,,,,,,,,,,,,,,,,,,,,,,,,,,,,,,,,,,,,,,,,,,,,,,,,
Разрушающий Удар (/Lotus/Upgrades/Mods/Melee/DualStat/RendingStrikeMod),,,,,,,,,,,,,,,,,,,,,,,,,,,,,,,,,,,,,,,,,,,,,,,,,,,,,,,,,,,,,,,,,,,,,,,,,
Разрушение Щита (/Lotus/Upgrades/Mods/Aura/EnemyShieldDroneAuraMod),,,,,,,,,,,,,,,,,,,,,,,,,,,,,,,,,,,,,,,,,,,,,,,,,,,,,,,,,,,,,,,,,,,,,,,,,
Разрушение Щита (/Lotus/Upgrades/Mods/Aura/EnemyShieldReductionAuraMod),,,,,,,,,,,,,,,,,,,,,,,,,,,,,,,,,,,,,,,,,,,,,,,,,,,,,,,,,,,,,,,,,,,,,,,,,
Рассеивание Толпы (/Lotus/Types/Sentinels/SentinelPrecepts/CrowdDispersion),Дрон Пиявка (Drones/AIWeek/LeechDrone),,,,,,,,,,,,,,,,,,,,,,,,,,,,,,,,,,,,,,,,,,,,,,,,,,,,,,,,,,,,,,,,,,,,,,,,
Рассекающий Удар (/Lotus/Upgrades/Mods/Melee/WeaponArmorPiercingDamageMod),Бегун (AiWeek/Runners/SuicideRunner),,,,,,,,,,,,,,,,,,,,,,,,,,,,,,,,,,,,,,,,,,,,,,,,,,,,,,,,,,,,,,,,,,,,,,,,
Растяжение (/Lotus/Upgrades/Mods/Warframe/AvatarAbilityRangeMod),Ударный Моа (BipedRobot/AIWeek/ShockwaveBiped),Дрон Пиявка (Drones/AIWeek/LeechDrone),Раптор (Drones/Vip/DroneAttack),Лейтенант Лех Крил (Vip/BossLechKril),Kela De Thaym (Vip/HeavyRocketFemale),Vay Hek Terra Frame (Vip/Hek/HekBiped),Councilor Vay Hek (Vip/Hek/HekDrone),Phorid (Vip/QuadrupedVIP),,,,,,,,,,,,,,,,,,,,,,,,,,,,,,,,,,,,,,,,,,,,,,,,,,,,,,,,,,,,,,,,,
Регенерация (/Lotus/Types/Sentinels/SentinelPrecepts/Regen),Инфестоид (AiWeek/Quadrupeds/Quadruped),,,,,,,,,,,,,,,,,,,,,,,,,,,,,,,,,,,,,,,,,,,,,,,,,,,,,,,,,,,,,,,,,,,,,,,,
Рукопашный Канал (/Lotus/Upgrades/Mods/Melee/WeaponPowerDamageMod),Моа Шагоход (BipedRobot/AIWeek/LaserCannonBiped),Лейтенант Лех Крил (Vip/BossLechKril),Kela De Thaym (Vip/HeavyRocketFemale),Vay Hek Terra Frame (Vip/Hek/HekBiped),Councilor Vay Hek (Vip/Hek/HekDrone),Phorid (Vip/QuadrupedVIP),Сталкер (Stalker/Stalker),,,,,,,,,,,,,,,,,,,,,,,,,,,,,,,,,,,,,,,,,,,,,,,,,,,,,,,,,,,,,,,,,,
Сальто (/Lotus/Upgrades/Mods/Warframe/AvatarKnockdownRecoveryMod),Corpus Warden (Gamemodes/DeployableSpacemanWarden),Corpus Warden (Gamemodes/DeployableSpacemanWardenLeader),Шакал (QuadRobot/QuadRobot),Техник Корпуса (Spaceman/AIWeek/DeployableSpaceman),,,,,,,,,,,,,,,,,,,,,,,,,,,,,,,,,,,,,,,,,,,,,,,,,,,,,,,,,,,,,,,,,,,,,
Северный Ветер (/Lotus/Upgrades/Mods/Melee/WeaponFreezeDamageMod),Моа Шагоход (BipedRobot/AIWeek/LaserCannonBiped),Hyena Th (Vip/Hyena/HyenaElec),Hyena Ng (Vip/Hyena/HyenaFire),Hyena Pb (Vip/Hyena/HyenaGun),Hyena Ln2 (Vip/Hyena/HyenaIce),Drahk Master (AIWeek/BeastMaster),Солдат С Пилой (AIWeek/BladeSawman),Guardsman (AIWeek/GrineerMeleeStaff),Arid Butcher (Desert/BladeSawman),Frontier Butcher (Forest/BladeSawman),,,,,,,,,,,,,,,,,,,,,,,,,,,,,,,,,,,,,,,,,,,,,,,,,,,,,,,,,,,,,,,
Сила Охотника (/Lotus/Upgrades/Mods/Shotgun/WeaponPunctureDepthMod),Солдат С Силовой Перчаткой (AIWeek/PistonSawman),,,,,,,,,,,,,,,,,,,,,,,,,,,,,,,,,,,,,,,,,,,,,,,,,,,,,,,,,,,,,,,,,,,,,,,,
Сильный Бросок Глефы (/Lotus/Upgrades/Mods/Melee/WeaponGlaivePowerthrowMod),Corrupted Lancer (RifleLancer),,,,,,,,,,,,,,,,,,,,,,,,,,,,,,,,,,,,,,,,,,,,,,,,,,,,,,,,,,,,,,,,,,,,,,,,
Скользящая Обойма (/Lotus/Upgrades/Mods/Pistol/WeaponClipMaxMod),Alad V (Vip/AladV/AladBoss),Пулемётчик (AIWeek/HeavyFemaleGrineer),Arid Heavy Gunner (Desert/HeavyFemaleGrineerDesert),Grineer Warden (Gamemodes/WardenGrineerHeavy),Grineer Warden (Gamemodes/WardenGrineerHeavyLeader),Командир (GrineerMarineLeader),Капитан Вор (Vip/CaptainVorBoss),Токсичный Древний (AiWeek/Ancients/ToxicAncient),,,,,,,,,,,,,,,,,,,,,,,,,,,,,,,,,,,,,,,,,,,,,,,,,,,,,,,,,,,,,,,,,
Скоростной Курок (/Lotus/Upgrades/Mods/Rifle/WeaponFireRateMod),Инфестоид (AiWeek/Quadrupeds/Quadruped),,,,,,,,,,,,,,,,,,,,,,,,,,,,,,,,,,,,,,,,,,,,,,,,,,,,,,,,,,,,,,,,,,,,,,,,
Смертельный Удар (/Lotus/Upgrades/Mods/Melee/WeaponMeleeHeavyDamageMod),Arid Seeker (Desert/GrineerMarinePistol),Frontier Seeker (Forest/GrineerMarinePistol),Искатель (GrineerMarinePistol),Лейтенант Лех Крил (Vip/BossLechKril),Kela De Thaym (Vip/HeavyRocketFemale),Vay Hek Terra Frame (Vip/Hek/HekBiped),Councilor Vay Hek (Vip/Hek/HekDrone),Phorid (Vip/QuadrupedVIP),,,,,,,,,,,,,,,,,,,,,,,,,,,,,,,,,,,,,,,,,,,,,,,,,,,,,,,,,,,,,,,,,
Соколиный Глаз (/Lotus/Upgrades/Mods/Pistol/WeaponPistolZoomFovMod),,,,,,,,,,,,,,,,,,,,,,,,,,,,,,,,,,,,,,,,,,,,,,,,,,,,,,,,,,,,,,,,,,,,,,,,,
Спешка (/Lotus/Upgrades/Mods/Warframe/AvatarSprintSpeedMod),Гибридный Моа (BipedRobot/AIWeek/SuperMoaBiped),,,,,,,,,,,,,,,,,,,,,,,,,,,,,,,,,,,,,,,,,,,,,,,,,,,,,,,,,,,,,,,,,,,,,,,,
Спираль Рефлекса (/Lotus/Upgrades/Mods/Melee/WeaponMeleeChargeRateMod),Раптор (Drones/Vip/DroneAttack),Sergeant Nef Anyo (Spaceman/Vip/SniperBoss),Drahk Master (AIWeek/BeastMaster),Солдат С Пилой (AIWeek/BladeSawman),Guardsman (AIWeek/GrineerMeleeStaff),Arid Butcher (Desert/BladeSawman),Frontier Butcher (Forest/BladeSawman),,,,,,,,,,,,,,,,,,,,,,,,,,,,,,,,,,,,,,,,,,,,,,,,,,,,,,,,,,,,,,,,,,
Стальное Волокно (/Lotus/Upgrades/Mods/Sentinel/SentinelArmourMod),Солдат С Жезлом (Spaceman/AIWeek/MeleeSpaceman),,,,,,,,,,,,,,,,,,,,,,,,,,,,,,,,,,,,,,,,,,,,,,,,,,,,,,,,,,,,,,,,,,,,,,,,
Стальное Волокно (/Lotus/Upgrades/Mods/Warframe/AvatarArmourMod),Tyl Regor (Vip/NinjaLeader),Ползун (AiWeek/Crawlers/Crawler),,,,,,,,,,,,,,,,,,,,,,,,,,,,,,,,,,,,,,,,,,,,,,,,,,,,,,,,,,,,,,,,,,,,,,,
Стальной Натиск (/Lotus/Upgrades/Mods/Aura/PlayerMeleeAuraMod),,,,,,,,,,,,,,,,,,,,,,,,,,,,,,,,,,,,,,,,,,,,,,,,,,,,,,,,,,,,,,,,,,,,,,,,,
Стойкость (/Lotus/Upgrades/Mods/Warframe/DualStat/FortitudeMod),,,,,,,,,,,,,,,,,,,,,,,,,,,,,,,,,,,,,,,,,,,,,,,,,,,,,,,,,,,,,,,,,,,,,,,,,
Стрелок (/Lotus/Upgrades/Mods/Pistol/WeaponFireRateMod),Scavenger Drone (Drones/AIWeek/VacDrone),Alad V (Vip/AladV/AladBoss),Огнемётчик (AIWeek/IncendiaryBombard),Капитан Вор (Vip/CaptainVorBoss),,,,,,,,,,,,,,,,,,,,,,,,,,,,,,,,,,,,,,,,,,,,,,,,,,,,,,,,,,,,,,,,,,,,,
Тактическая Помпа (/Lotus/Upgrades/Mods/Shotgun/WeaponReloadSpeedMod),Шакал (QuadRobot/QuadRobot),Бомбардир (AIWeek/RocketBombard),,,,,,,,,,,,,,,,,,,,,,,,,,,,,,,,,,,,,,,,,,,,,,,,,,,,,,,,,,,,,,,,,,,,,,,
Телосложение (/Lotus/Upgrades/Mods/Aura/PlayerHealthAuraMod),,,,,,,,,,,,,,,,,,,,,,,,,,,,,,,,,,,,,,,,,,,,,,,,,,,,,,,,,,,,,,,,,,,,,,,,,
Телосложение (/Lotus/Upgrades/Mods/Warframe/DualStat/ConstitutionMod),,,,,,,,,,,,,,,,,,,,,,,,,,,,,,,,,,,,,,,,,,,,,,,,,,,,,,,,,,,,,,,,,,,,,,,,,
Точечный Удар (/Lotus/Upgrades/Mods/Rifle/WeaponCritChanceMod),Corpus Warden (Gamemodes/DeployableSpacemanWarden),Corpus Warden (Gamemodes/DeployableSpacemanWardenLeader),Техник Корпуса (Spaceman/AIWeek/DeployableSpaceman),Drahk Master (AIWeek/BeastMaster),Солдат С Пилой (AIWeek/BladeSawman),Guardsman (AIWeek/GrineerMeleeStaff),Огнемётчик (AIWeek/IncendiaryBombard),,,,,,,,,,,,,,,,,,,,,,,,,,,,,,,,,,,,,,,,,,,,,,,,,,,,,,,,,,,,,,,,,,
Точка Давления (/Lotus/Upgrades/Mods/Melee/WeaponMeleeDamageMod),Ambulas (BipedRobot/Vip/BossBiped),Дрон Минёр (Drones/AIWeek/MineDrone),Drahk Master (AIWeek/BeastMaster),Солдат С Пилой (AIWeek/BladeSawman),Guardsman (AIWeek/GrineerMeleeStaff),Hellion (AIWeek/JetpackMarine),Солдат (AIWeek/RifleLancer),Arid Hellion (Desert/JetpackMarine),Arid Lancer (Desert/RifleLancer),Frontier Hellion (Forest/JetpackMarine),Frontier Lancer (Forest/RifleLancer),Frontier Heavy Gunner (Forest/HeavyFemaleGrineerDesert),General Sargas Ruk (Vip/SargasRuk/SargasRukNew),Lobber Crawler (AiWeek/Crawlers/Grenade),Ядовитый Ползун (AiWeek/Crawlers/NoxiousCrawler),Mutalist-Osprey (AiWeek/InfestedDrones/PoisonDrone),,,,,,,,,,,,,,,,,,,,,,,,,,,,,,,,,,,,,,,,,,,,,,,,,,,,,,,,,
Тяжёлое Приземление (/Lotus/Upgrades/Mods/Warframe/AvatarFallingImpactMod),Скорпион (AIWeek/MacheteWoman),Lobber Crawler (AiWeek/Crawlers/Grenade),Ядовитый Ползун (AiWeek/Crawlers/NoxiousCrawler),Сталкер (Stalker/Stalker),,,,,,,,,,,,,,,,,,,,,,,,,,,,,,,,,,,,,,,,,,,,,,,,,,,,,,,,,,,,,,,,,,,,,
Убежище (/Lotus/Types/Sentinels/SentinelPrecepts/Sanctuary),Бомбардир (AIWeek/RocketBombard),,,,,,,,,,,,,,,,,,,,,,,,,,,,,,,,,,,,,,,,,,,,,,,,,,,,,,,,,,,,,,,,,,,,,,,,
Убойная Сила (/Lotus/Upgrades/Mods/Pistol/WeaponStunChanceMod),Выжигатель (AIWeek/FlameLancer),Electric Crawler (AiWeek/Crawlers/Lightning),,,,,,,,,,,,,,,,,,,,,,,,,,,,,,,,,,,,,,,,,,,,,,,,,,,,,,,,,,,,,,,,,,,,,,,
Уверенная Стойка (/Lotus/Upgrades/Mods/Warframe/AvatarKnockdownResistanceMod),Бомбардир (AIWeek/RocketBombard),,,,,,,,,,,,,,,,,,,,,,,,,,,,,,,,,,,,,,,,,,,,,,,,,,,,,,,,,,,,,,,,,,,,,,,,
Удар Осы (/Lotus/Upgrades/Mods/Pistol/WeaponDamageAmountMod),Токсичный Древний (AiWeek/Ancients/ToxicAncient),,,,,,,,,,,,,,,,,,,,,,,,,,,,,,,,,,,,,,,,,,,,,,,,,,,,,,,,,,,,,,,,,,,,,,,,
Укладка Боеприпасов (/Lotus/Upgrades/Mods/Shotgun/WeaponAmmoMaxMod),Шакал (QuadRobot/QuadRobot),Пулемётчик (AIWeek/HeavyFemaleGrineer),Arid Heavy Gunner (Desert/HeavyFemaleGrineerDesert),Grineer Warden (Gamemodes/WardenGrineerHeavy),Grineer Warden (Gamemodes/WardenGrineerHeavyLeader),Командир (GrineerMarineLeader),,,,,,,,,,,,,,,,,,,,,,,,,,,,,,,,,,,,,,,,,,,,,,,,,,,,,,,,,,,,,,,,,,,
Ураган (/Lotus/Upgrades/Mods/Melee/WeaponGlaiveSpeedMod),Corrupted Heavy Gunner (OrokinHeavyFemale),,,,,,,,,,,,,,,,,,,,,,,,,,,,,,,,,,,,,,,,,,,,,,,,,,,,,,,,,,,,,,,,,,,,,,,,
Усилитель: Винтовка (/Lotus/Upgrades/Mods/Aura/PlayerRifleDamageAuraMod),,,,,,,,,,,,,,,,,,,,,,,,,,,,,,,,,,,,,,,,,,,,,,,,,,,,,,,,,,,,,,,,,,,,,,,,,
Ускоритель (/Lotus/Upgrades/Mods/Aura/PlayerSprintAuraMod),,,,,,,,,,,,,,,,,,,,,,,,,,,,,,,,,,,,,,,,,,,,,,,,,,,,,,,,,,,,,,,,,,,,,,,,,
Утепление (/Lotus/Upgrades/Mods/Warframe/AvatarDamageResistanceIce),Огнемётчик (AIWeek/IncendiaryBombard),,,,,,,,,,,,,,,,,,,,,,,,,,,,,,,,,,,,,,,,,,,,,,,,,,,,,,,,,,,,,,,,,,,,,,,,
Фокусировка (/Lotus/Upgrades/Mods/Warframe/AvatarAbilityStrengthMod),Alad V (Vip/AladV/AladBoss),Капитан Вор (Vip/CaptainVorBoss),Сталкер (Stalker/Stalker),,,,,,,,,,,,,,,,,,,,,,,,,,,,,,,,,,,,,,,,,,,,,,,,,,,,,,,,,,,,,,,,,,,,,,
Фокусировка Энергии (/Lotus/Upgrades/Mods/Melee/DualStat/FocusEnergyMod),,,,,,,,,,,,,,,,,,,,,,,,,,,,,,,,,,,,,,,,,,,,,,,,,,,,,,,,,,,,,,,,,,,,,,,,,
Хитрый Магазин (/Lotus/Upgrades/Mods/Pistol/WeaponAmmoMaxMod),Моа Рельсотрон (BipedRobot/AIWeek/RailgunBiped),Ударный Моа (BipedRobot/AIWeek/ShockwaveBiped),Дрон Щитогенератор (Drones/AIWeek/ShieldDrone),Lynx Osprey (QuadRobot/MiniBoss/ShieldDroneMiniBoss),Lynx Turret (QuadRobot/MiniBoss/TurretQuadMiniBoss),Hyena Th (Vip/Hyena/HyenaElec),Hyena Ng (Vip/Hyena/HyenaFire),Hyena Pb (Vip/Hyena/HyenaGun),Hyena Ln2 (Vip/Hyena/HyenaIce),Солдат С Термоклинком (AIWeek/BlowtorchSawman),Shock (AIWeek/DeltaProsecutorLeader),Shock (AIWeek/GrineerMeleeStaffLeader),Дрон-Каток (AIWeek/RollingDrone),Lobber Crawler (AiWeek/Crawlers/Grenade),Ядовитый Ползун (AiWeek/Crawlers/NoxiousCrawler),,,,,,,,,,,,,,,,,,,,,,,,,,,,,,,,,,,,,,,,,,,,,,,,,,,,,,,,,,
Чутье Вора (/Lotus/Upgrades/Mods/Warframe/AvatarLootRadarMod),Anti Moa (BipedRobot/AIWeek/LaserDiscBiped),Гибридный Моа (BipedRobot/AIWeek/SuperMoaBiped),Sergeant Nef Anyo (Spaceman/Vip/SniperBoss),Щитоносец (AIWeek/ShieldLancer),,,,,,,,,,,,,,,,,,,,,,,,,,,,,,,,,,,,,,,,,,,,,,,,,,,,,,,,,,,,,,,,,,,,,
Чутье На Уязвимости (/Lotus/Upgrades/Mods/Rifle/WeaponCritDamageMod),Солдат С Жезлом (Spaceman/AIWeek/MeleeSpaceman),,,,,,,,,,,,,,,,,,,,,,,,,,,,,,,,,,,,,,,,,,,,,,,,,,,,,,,,,,,,,,,,,,,,,,,,
Шокирующее Касание (/Lotus/Upgrades/Mods/Melee/WeaponElectricityDamageMod),Sergeant Nef Anyo (Spaceman/Vip/SniperBoss),Потрошитель (AIWeek/EviseratorLancer),Штурмовик (AIWeek/ShotgunLancer),Arid Eviscerator (Desert/EvisceratorLancer),Arid Trooper (Desert/ShotgunLancer),Frontier Eviscerator (Forest/EvisceratorLancer),Frontier Trooper (Forest/ShotgunLancer),Tyl Regor (Vip/NinjaLeader),,,,,,,,,,,,,,,,,,,,,,,,,,,,,,,,,,,,,,,,,,,,,,,,,,,,,,,,,,,,,,,,,
Энергетический Источник (/Lotus/Upgrades/Mods/Aura/PlayerEnergyRegenAuraMod),,,,,,,,,,,,,,,,,,,,,,,,,,,,,,,,,,,,,,,,,,,,,,,,,,,,,,,,,,,,,,,,,,,,,,,,,
Энергия Дробовика (/Lotus/Upgrades/Mods/Shotgun/WeaponFireRateMod),,,,,,,,,,,,,,,,,,,,,,,,,,,,,,,,,,,,,,,,,,,,,,,,,,,,,,,,,,,,,,,,,,,,,,,,,
Ярость (/Lotus/Upgrades/Mods/Melee/WeaponFireRateMod),Oxium Osprey (Drones/AIWeek/SuicideDrone),Дрон (Drones/DroneDroneAttack),Corpus Power Carrier (Spaceman/AIWeek/CarrierSpaceman),Солдат (Spaceman/AIWeek/RifleSpaceman),Elite Crewman (Spaceman/EliteSpaceman),Grineer Power Carrier (AIWeek/CarrierRifleLancer),Hellion Power Carrier (AIWeek/JetpackMarineCarrier),Frontier Regulator (SpecialEvents/ForestDrone),Regulator (SpecialEvents/SurveillanceDrone),,,,,,,,,,,,,,,,,,,,,,,,,,,,,,,,,,,,,,,,,,,,,,,,,,,,,,,,,,,,,,,,
